ticker,close,pct_vs_10ema,pct_vs_21ema,pct_vs_50sma,pct_vs_200sma,pct_from_52w_high,pct_from_52w_low,gain_5d,gain_1m,gain_3m,gain_6m,rs_pct,rsi14,in_52w_high_breakout,in_52w_low_breakdown,market_cap,sector,industry,exchange,description,index_membership,atr14,atr_pct,ema21,sma40,ext_21ema_atr,ext_40sma_atr,ext_21ema_alex,ext_40sma_alex,ext_21ema_pct,ext_40sma_pct,extended,very_extended,extended_below,ext_level_21ema_up,ext_level_40sma_up,adr20_pct,adv50_dollar,avg_volume50,liquidity_pass,stage,stage_score,slope200_pct,pct_vs_sma50,pct_vs_sma150,pct_vs_sma200,rti_short,rti_swing,rti,rti_zone,rti_dots,rti_low_vol_streak,rti_expansion,in_9m_movers,in_weekly_movers,in_daily_gainers,rel_volume_today,avg_volume_5d,weekly_gain_pct,daily_gain_pct,in_stockbee_any,glp_spread,glp_spread_score,glp_strong,in_gold_launch_pad,vroc25,adtv_50,mfi14,plus_di13,minus_di13,adx13,gmma_state,gmma_separation_pct,gmma_total_spread,gmma_compression_ratio,gmma_breakout_strength,gmma_bullish_alignment,gmma_bearish_alignment,gmma_compression_breakout,in_qullamaggie,qulla_rs_best,qulla_qualified_timeframes,qulla_ma_stack,qulla_atr_rs,qulla_range_position,qulla_atr_ext_sma50,in_volume_anomaly,volume_zscore,volume_ratio,in_adl_accumulation,adl_composite_score,adl_consistency_score,adl_momentum_score,adl_alignment_score,adl_momentum_signal,adl_ma_alignment,adl_current_streak,adl_longterm_gate,in_ema20_pullback,ema20,ema20_rising,in_downtrend_reversal,minervini_count,scooter_score,C_pass,A_pass,I_pass,canslim_score,in_minervini,in_canslim,in_scooter,sources,n_sources,I_accumulation,I_shares_data
QMCO,21.559999465942383,3.09,18.43,55.9,140.05,-17.43,400.23,-13.48,94.23,138.23,310.67,99.0,63.52,False,False,170533043.28306267,Electronic technology,Computer peripherals,NASDAQ,Quantum Corporation,"NASDAQ Composite, NASDAQ Computer, Nasdaq Innovators Completion Cap",2.081,9.65,18.206,13.824,1.61,3.72,1.91,5.8,18.43,55.96,True,False,False,22.368,17.987,9.29,26982625.20106125,1610856.0,True,2B,100,7.653,55.9,129.46,140.05,10.28,10.16,7.27,2,True,336.0,False,False,False,False,0.367,1460000.0,-9.56,-3.1,False,0.5037,0.496,False,True,34.04,1610856.0,76.99,39.07,15.41,48.52,expanding,35.86,0.3044,0.3044,1.0,True,False,False,False,99.8,1m/3m/6m,True,,0.652,3.71,False,-0.29,0.57,False,39.0,30.0,0.0,90.0,neutral,bullish,0,False,False,18.406,True,False,8,99.8,False,False,True,1.0,True,False,True,minervini+scooter,2.0,False,True
MRNA,138.88999938964844,28.59,57.79,100.16,181.71,-20.35,521.15,115.47,156.87,196.27,176.18,99.6,68.82,False,False,26691811365.687527,Health technology,Biotechnology,NASDAQ,"Moderna, Inc.","S&P 500, NASDAQ Composite, S&P 500 Health Care, S&P 500 ESG, NASDAQ Biotechnology, Russell 3000, Russell 1000, STOXX Global 1800, STOXX North America 600, STOXX USA 500, STOXX Global 1800 ex Asia/Pacific, STOXX Global 1800 ex Europe, STOXX Developed Markets 2400, STOXX USA 500",14.929,10.75,88.021,71.961,3.41,4.48,5.38,8.65,57.79,93.01,True,False,False,117.879,101.819,6.73,1727607952.6613388,15132942.0,True,2B,100,11.327,100.16,148.18,181.71,19.33,8.14,4.73,1,True,1620.0,True,False,True,False,1.253,83560700.0,120.32,-4.3,True,0.8218,0.178,False,True,534.41,15132942.0,70.54,49.3,4.2,43.91,expanding,52.15,0.5803,0.0674,8.61,True,False,False,True,100.0,1w/1m/3m/6m,True,95.3,0.695,4.66,False,0.52,2.08,False,62.9,23.3,100.0,78.6,momentum,bullish,1,False,False,89.13,True,False,8,99.7,False,False,True,1.0,True,False,True,minervini+scooter,2.0,True,True
BLZE,15.550000190734863,-9.47,-7.49,5.31,109.26,-23.89,369.79,-19.8,33.94,102.74,255.84,98.5,46.2,False,False,873600005.4247392,Electronic technology,Computer peripherals,NASDAQ,"Backblaze, Inc.","NASDAQ Composite, Russell 2000, Nasdaq US Small Cap Growth, NASDAQ Computer, Mini-Russell 2000",1.602,10.3,16.809,15.944,-0.79,-0.25,-0.73,-0.24,-7.49,-2.47,False,False,False,20.013,19.148,9.7,60016492.50014877,4055870.0,True,2B,100,10.642,5.31,88.47,109.26,6.57,9.96,8.62,2,True,1150.0,False,False,False,False,0.916,4944640.0,-18.11,-1.58,False,0.5273,0.473,False,False,82.28,4055870.0,24.12,26.99,24.57,26.74,transitioning,11.09,0.231,0.2175,1.06,False,False,False,False,99.6,3m/6m,False,,0.351,0.49,False,-0.11,0.85,False,36.9,18.3,8.6,90.0,neutral,bullish,0,False,False,16.872,False,False,8,99.5,False,False,True,1.0,True,False,True,minervini+scooter,2.0,False,True
ABCL,10.609999656677246,0.55,14.19,45.02,121.57,-11.66,281.65,-5.27,99.81,104.04,250.17,98.4,65.44,False,False,2253670376.6486487,Health technology,Biotechnology,NASDAQ,AbCellera Biologics Inc.,"NASDAQ Composite, NASDAQ Biotechnology",0.817,7.7,9.292,7.695,1.61,3.57,1.84,4.92,14.19,37.88,True,False,False,10.926,9.329,6.96,65574888.91848564,8160530.0,True,2B,100,6.7,45.02,106.79,121.57,6.37,7.99,5.88,2,True,1381.0,False,False,False,False,0.636,7235460.0,-1.71,-6.27,False,0.2079,0.792,True,True,2.16,8160530.0,81.95,33.07,13.18,56.41,bullish,32.32,0.2858,0.2858,1.0,True,False,False,False,99.9,1m/3m/6m,True,23.3,0.785,4.03,False,-0.24,0.8,False,39.0,30.0,0.0,90.0,neutral,bullish,0,False,False,9.383,True,False,8,99.5,False,False,True,1.0,True,False,True,minervini+scooter,2.0,False,True
TXG,63.79999923706055,6.62,15.42,40.33,137.95,-2.03,462.61,10.02,37.89,169.43,237.74,99.5,70.48,False,False,4665639971.494543,Health technology,Biotechnology,NASDAQ,"10x Genomics, Inc.","NASDAQ Composite, Russell 2000, Nasdaq US Small Cap Growth, NASDAQ Biotechnology, Nasdaq Innovators Completion Cap, Russell 3000, Mini-Russell 2000",3.696,5.79,55.279,48.54,2.31,4.13,2.66,5.43,15.42,31.44,True,False,False,62.671,55.933,5.7,148222025.49846268,3263826.0,True,2B,100,18.434,40.33,112.98,137.95,6.05,6.1,4.8,1,True,1620.0,False,False,False,False,1.171,3219320.0,11.93,-2.03,False,0.0817,0.918,True,True,56.97,3263826.0,64.75,31.17,9.22,49.29,bullish,24.06,0.2683,0.218,1.23,True,False,False,True,99.6,1m/3m/6m,True,71.1,0.921,4.96,False,0.38,1.15,False,63.1,30.9,79.2,90.0,momentum,bullish,0,False,False,55.642,True,False,8,99.5,,,,,True,False,True,minervini+scooter,2.0,True,True
BBGI,19.71999931335449,-6.79,-8.96,-12.09,64.39,-25.61,528.03,-11.73,-3.9,30.08,357.54,99.4,41.73,False,False,53272688.49780013,Consumer services,Broadcasting,NASDAQ,"Beasley Broadcast Group, Inc.","NASDAQ Composite, NASDAQ Industrials",2.18,11.05,21.661,22.411,-0.89,-1.23,-0.81,-1.09,-8.96,-12.01,False,False,False,26.021,26.77,11.21,1075038.748752594,46674.0,True,2B,100,15.598,-12.09,37.94,64.39,6.88,12.45,11.1,3,True,126.0,False,False,False,False,1.356,56620.0,-14.34,-2.52,False,1.832,0.0,False,False,365.08,46674.0,20.87,22.07,18.58,19.12,transitioning,2.28,0.1138,0.0747,1.52,False,False,False,False,99.8,6m,False,,0.126,-1.24,False,0.7,1.88,False,46.5,13.3,47.2,90.0,neutral,bullish,0,False,False,21.639,False,False,6,99.4,False,False,True,1.0,False,False,True,scooter,1.0,False,True
SLS,14.329999923706056,7.01,13.15,21.14,129.34,-7.31,930.94,10.23,26.59,84.19,218.44,99.8,61.22,False,False,2304943577.4814816,Health technology,Pharmaceuticals: major,NASDAQ,"SELLAS Life Sciences Group, Inc.","NASDAQ Composite, Russell 2000, Nasdaq US Small Cap Growth, Russell 3000, Mini-Russell 2000",1.226,8.55,12.665,12.572,1.36,1.43,1.54,1.64,13.15,13.99,False,False,False,15.116,15.023,7.26,106392423.0021534,8578314.0,True,2B,100,19.28,21.14,90.46,129.34,10.5,7.25,8.35,2,True,651.0,False,False,False,False,1.345,9162860.0,13.19,-7.31,False,0.2108,0.789,True,True,20.7,8578314.0,71.62,28.2,7.95,34.16,expanding,15.67,0.2161,0.1694,1.28,True,False,False,False,98.8,6m,True,34.8,0.793,2.04,False,0.04,1.03,False,63.4,25.0,88.0,90.0,deceleration,bullish,1,False,False,12.71,True,False,8,99.3,False,False,True,1.0,True,False,True,minervini+scooter,2.0,True,True
CORT,123.23999786376952,4.66,10.14,25.62,89.46,0.0,283.33,5.18,29.24,104.65,248.73,97.4,71.95,True,False,9373941102.047903,Health technology,Pharmaceuticals: major,NASDAQ,Corcept Therapeutics Incorporated,"NASDAQ Composite, Nasdaq US Small Cap Growth, Russell 3000, Russell 1000, STOXX Developed Markets 2400",4.501,3.65,111.889,102.018,2.52,4.72,2.78,5.7,10.14,20.8,True,False,False,120.891,111.019,3.82,110175431.25698853,1118514.0,True,2A,85,6.086,25.62,93.98,89.46,3.17,2.98,3.46,1,True,1620.0,False,False,False,False,0.889,824020.0,5.69,0.81,False,0.1152,0.885,True,True,-37.17,1118514.0,67.79,31.96,12.96,47.97,bullish,16.41,0.1908,0.1856,1.03,True,False,False,True,99.4,3m/6m,True,75.6,0.974,5.58,False,-0.18,0.91,False,66.1,45.9,69.1,90.0,momentum,bullish,0,False,False,112.395,True,True,7,99.3,False,False,True,1.0,False,False,True,scooter,1.0,False,True
DELL,433.1900024414063,-3.72,-2.75,1.09,82.18,-12.4,291.87,-9.72,-0.99,46.99,265.33,98.8,48.12,False,False,258981801547.26395,Electronic technology,Computer processing hardware,NYSE,Dell Technologies Inc.,"S&P 500, S&P 500 Information Technology, S&P 500 ESG, ISE CTA Cloud Computing, NASDAQ CB Insights Metaverse US, Russell 3000, Russell 1000, STOXX Global 1800, STOXX North America 600, STOXX USA 500, STOXX Global 1800 ex Asia/Pacific, STOXX Global 1800 ex Europe, STOXX Developed Markets 2400, STOXX USA 500",30.208,6.97,445.444,432.63,-0.41,0.02,-0.39,0.02,-2.75,0.13,False,False,False,505.86,493.046,6.69,2872204525.7871094,6739374.0,True,2B,100,13.9,1.09,58.03,82.18,5.96,6.12,6.63,2,True,1620.0,False,False,False,False,0.753,4847640.0,-7.24,-2.01,False,0.104,0.896,True,False,-8.21,6739374.0,47.04,24.56,27.54,9.46,bullish,5.47,0.1108,0.1102,1.01,True,False,False,False,99.2,6m,False,98.6,0.479,0.15,False,-1.05,0.64,False,53.6,28.3,44.1,96.9,neutral,bullish,0,False,False,446.128,False,False,8,99.2,True,True,True,3.0,True,True,True,minervini+canslim+scooter,3.0,True,True
PLSE,49.130001068115234,6.29,16.41,46.84,118.58,-2.56,288.07,5.0,62.52,89.76,143.34,98.5,74.72,False,False,1969016166.1825123,Health technology,Medical specialties,NASDAQ,"Pulse Biosciences, Inc","NASDAQ Composite, Russell 2000, Nasdaq US Small Cap Growth, Russell 3000, Mini-Russell 2000",2.896,5.9,42.205,35.331,2.39,4.76,2.78,6.62,16.41,39.05,True,False,False,47.997,41.124,6.28,13648684.940700531,395246.0,True,2B,100,12.2,46.84,94.61,118.58,5.83,6.45,5.0,1,True,1040.0,False,False,False,False,0.754,396680.0,4.98,-2.56,False,0.111,0.889,True,True,29.45,395246.0,79.3,33.83,5.67,74.73,bullish,25.88,0.2601,0.2536,1.03,True,False,False,True,99.3,1m/3m/6m,True,64.2,0.911,5.41,False,-0.19,0.88,False,37.3,13.9,38.0,67.7,neutral,neutral,0,False,False,42.526,True,False,8,99.1,False,False,False,0.0,True,False,True,minervini+scooter,2.0,False,True
TBI,10.670000076293944,3.6,10.29,28.5,87.25,-1.66,222.36,7.34,38.57,91.91,191.53,97.4,66.43,False,False,212524602.2664625,Commercial services,Personnel services,NYSE,"TrueBlue, Inc.","Russell 2000, Russell 3000, Mini-Russell 2000",0.526,4.93,9.674,8.702,1.89,3.74,2.09,4.59,10.29,22.62,True,False,False,10.726,9.754,4.54,2783136.144346237,331538.0,True,2B,100,7.555,28.5,78.38,87.25,4.05,4.7,4.54,1,True,1620.0,False,False,False,False,0.331,196660.0,7.78,0.57,False,0.1051,0.895,True,True,-57.37,331538.0,78.21,36.46,14.39,41.84,bullish,17.95,0.1871,0.1871,1.0,True,False,False,False,98.6,1m/3m/6m,True,,0.912,4.5,False,-0.94,0.34,False,40.2,20.3,41.9,65.2,deceleration,bullish,0,False,False,9.725,True,False,8,99.1,False,False,True,1.0,True,False,True,minervini+scooter,2.0,True,True
RRGB,10.130000114440918,6.0,13.92,33.54,108.98,-4.34,291.12,-4.34,40.3,122.15,176.02,97.9,68.16,False,False,138562390.68786982,Consumer services,Restaurants,NASDAQ,"Red Robin Gourmet Burgers, Inc.","NASDAQ Composite, NASDAQ Industrials",0.668,6.6,8.892,7.955,1.85,3.25,2.11,4.15,13.92,27.35,True,False,False,10.229,9.291,6.3,2799192.20481205,351656.0,True,2B,100,5.754,33.54,99.53,108.98,6.64,7.03,5.61,2,True,1603.0,False,False,False,False,1.038,369940.0,-3.06,1.4,False,0.1198,0.88,True,True,336.95,351656.0,76.04,37.53,12.78,46.65,bullish,21.24,0.2278,0.2178,1.05,True,False,False,False,99.5,1m/3m/6m,True,,0.781,3.81,False,0.29,1.28,False,49.7,21.0,47.8,90.0,neutral,bullish,0,False,False,8.945,True,False,8,98.9,False,False,True,1.0,True,False,True,minervini+scooter,2.0,False,True
ABSI,8.84000015258789,-3.59,-1.59,-2.38,76.29,-23.92,284.35,-4.33,16.93,73.33,233.58,98.6,49.34,False,False,1697806108.0930462,Health technology,Biotechnology,NASDAQ,Absci Corporation,"NASDAQ Composite, Russell 2000, Nasdaq US Small Cap Growth, NASDAQ Biotechnology, Russell 3000, Mini-Russell 2000",0.714,8.08,8.983,9.254,-0.2,-0.58,-0.2,-0.55,-1.59,-4.47,False,False,False,10.411,10.682,6.61,46890234.513814926,4985928.0,True,2B,100,9.623,-2.38,58.83,76.29,6.8,6.3,8.48,2,True,1229.0,False,False,False,False,0.82,2890100.0,-0.34,-7.43,False,0.7074,0.293,False,False,-28.33,4985928.0,63.84,20.82,23.36,13.0,bullish,6.46,0.0946,0.0946,1.0,True,False,False,False,99.4,6m,False,20.0,0.643,-0.3,False,-0.51,0.44,False,41.0,20.9,45.3,63.4,neutral,neutral,0,False,False,8.996,True,False,7,98.9,False,False,True,1.0,False,False,True,scooter,1.0,False,True
ALOT,28.90999984741211,0.05,0.71,3.33,95.37,-0.14,312.41,0.07,0.7,103.16,213.9,98.6,77.51,False,False,221249646.2582572,Electronic technology,Computer peripherals,NASDAQ,"AstroNova, Inc.","NASDAQ Composite, NASDAQ Computer",0.127,0.44,28.705,28.736,1.62,1.37,1.63,1.38,0.71,0.6,False,False,False,28.958,28.989,0.3,4953483.804824829,175000.0,True,2B,100,15.013,3.33,70.61,95.37,0.11,0.19,0.51,1,True,1620.0,False,False,False,False,0.731,63080.0,0.07,-0.03,False,0.6498,0.35,False,False,-52.06,175000.0,58.58,38.67,6.79,74.04,bullish,6.56,0.1034,0.1034,1.0,True,False,False,False,99.3,3m/6m,True,,0.771,7.36,False,-0.31,0.37,False,38.7,15.0,59.0,50.0,neutral,bearish,0,False,False,28.74,True,False,8,98.9,False,False,True,1.0,True,False,True,minervini+scooter,2.0,False,True
BFLY,8.949999809265137,-0.97,3.51,13.72,83.08,-7.73,496.67,-0.78,36.02,100.22,204.42,99.4,55.57,False,False,2322687722.786784,Health technology,Medical specialties,NYSE,"Butterfly Network, Inc.","Russell 2000, Nasdaq US Small Cap Growth, Russell 3000, Mini-Russell 2000",0.672,7.51,8.647,8.062,0.45,1.32,0.47,1.47,3.51,11.02,False,False,False,9.991,9.406,7.98,73059465.31747055,9165994.0,True,2B,100,14.843,13.72,64.68,83.08,6.82,7.02,7.85,2,True,1488.0,False,False,False,False,0.714,4608740.0,-1.1,-6.28,False,0.1408,0.859,True,False,-49.5,9165994.0,46.69,27.47,16.94,41.13,bullish,13.74,0.1464,0.1464,1.0,True,False,False,False,99.2,3m/6m,False,18.5,0.671,1.61,False,-0.52,0.51,False,53.9,10.0,76.4,90.0,neutral,bullish,0,False,True,8.682,True,False,8,98.9,False,False,True,1.0,True,False,True,minervini+scooter,2.0,True,True
STRZ,28.940000534057617,8.03,9.3,6.92,66.17,-4.2,234.57,13.8,18.51,29.95,222.99,97.2,59.75,False,False,486555804.62092495,Consumer services,Movies/Entertainment,NASDAQ,Starz Entertainment Corp.,"NASDAQ Composite, Russell 2000, NASDAQ Industrials, Russell 3000, Mini-Russell 2000",2.014,6.96,26.479,26.884,1.22,1.02,1.34,1.1,9.3,7.65,False,False,False,30.506,30.911,6.62,4884161.682849884,180524.0,True,2B,100,9.271,6.92,48.42,66.17,6.28,6.91,6.78,2,True,277.0,False,False,False,False,0.941,240440.0,12.3,5.39,False,1.185,0.0,False,False,-5.67,180524.0,52.15,31.12,13.63,21.64,bullish,3.75,0.0876,0.0416,2.11,True,False,False,False,98.1,1w/6m,False,,0.875,0.93,False,0.19,1.12,False,55.0,10.0,100.0,70.0,acceleration,neutral,0,False,False,26.486,True,False,8,98.8,False,False,True,1.0,True,False,True,minervini+scooter,2.0,True,True
ORKA,102.41999816894533,-3.49,0.03,11.19,85.55,-9.43,605.86,-9.09,11.13,68.98,207.38,99.4,53.13,False,False,5464276383.407596,Health technology,Pharmaceuticals: major,NASDAQ,"Oruka Therapeutics, Inc.","NASDAQ Composite, Russell 2000, Nasdaq US Small Cap Growth, NASDAQ Biotechnology, Russell 3000, Mini-Russell 2000",5.636,5.5,102.394,95.696,0.0,1.19,0.0,1.28,0.03,7.03,False,False,False,113.665,106.967,5.48,112200307.95970154,1245056.0,True,2B,100,15.859,11.19,60.58,85.55,5.78,5.18,5.09,2,True,1620.0,False,False,False,False,1.214,916940.0,-7.12,-5.13,False,0.1862,0.814,True,False,-25.92,1245056.0,65.61,21.38,15.02,37.26,bullish,11.69,0.1271,0.1271,1.0,True,False,False,False,99.3,3m/6m,False,80.7,0.569,1.83,False,-0.25,0.8,False,57.7,16.7,100.0,70.0,acceleration,neutral,0,False,False,102.763,True,False,8,98.7,False,False,True,1.0,True,False,True,minervini+scooter,2.0,False,True
CADL,12.859999656677246,5.52,12.57,26.5,83.23,-4.74,190.95,5.76,34.52,60.95,158.75,97.4,65.69,False,False,717315677.7191129,Health technology,Biotechnology,NASDAQ,"Candel Therapeutics, Inc.","NASDAQ Composite, Russell 2000, Nasdaq US Small Cap Growth, NASDAQ Biotechnology, Mini-Russell 2000",0.754,5.86,11.424,10.504,1.91,3.13,2.14,3.83,12.57,22.43,True,False,False,12.931,12.011,5.25,16131136.109593391,1608910.0,True,2B,100,8.483,26.5,69.81,83.23,6.96,5.58,5.01,2,True,1226.0,True,False,False,False,0.732,1399760.0,6.9,-2.06,False,0.5481,0.452,False,True,-14.15,1608910.0,82.84,30.9,5.37,46.44,expanding,16.8,0.1888,0.1727,1.09,True,False,False,False,98.7,6m,True,,0.794,3.58,False,-0.55,0.59,False,34.2,17.5,33.8,56.9,neutral,neutral,0,False,False,11.478,True,False,8,98.6,False,False,True,1.0,True,False,True,minervini+scooter,2.0,True,True
MRVL,229.2899932861328,0.47,3.4,-1.51,57.36,-27.52,268.77,-2.15,18.05,16.82,194.98,97.7,52.93,False,False,233370400846.74216,Electronic technology,Semiconductors,NASDAQ,"Marvell Technology, Inc.","S&P 500, NASDAQ 100, NASDAQ Composite, PHLX Semiconductor Sector, Nasdaq US Large Cap Growth, NASDAQ Computer, NASDAQ-100 Technology Sector, Russell 3000, Russell 1000, STOXX Global 1800, STOXX North America 600, STOXX USA 500, STOXX Global 1800 ex Asia/Pacific, STOXX Global 1800 ex Europe, STOXX Developed Markets 2400, STOXX USA 500",18.24,7.95,221.746,219.038,0.41,0.56,0.43,0.59,3.4,4.68,False,False,False,258.225,255.518,6.13,8403447121.394775,33490638.0,True,2B,100,9.367,-1.51,38.64,57.36,6.96,6.21,7.31,2,True,1620.0,False,False,False,False,0.782,28616400.0,3.98,-3.27,False,0.5901,0.41,False,True,-25.26,33490638.0,58.11,30.53,23.44,17.67,bullish,4.56,0.068,0.0522,1.3,True,False,False,False,99.1,6m,False,96.2,0.741,-0.19,False,-0.44,0.56,False,42.1,10.0,76.8,50.0,acceleration,bearish,0,False,True,221.975,True,False,6,98.5,False,False,True,1.0,False,False,True,scooter,1.0,False,True
MXL,62.77999877929688,-10.0,-13.26,-22.95,38.5,-50.96,381.07,-25.93,-12.31,-36.69,249.94,98.7,41.34,False,False,8650139797.1483,Electronic technology,Semiconductors,NASDAQ,"MaxLinear, Inc","NASDAQ Composite, Russell 2000, Nasdaq US Small Cap Growth, NASDAQ Computer, Nasdaq Innovators Completion Cap, Russell 3000, Mini-Russell 2000, STOXX Developed Markets 2400",7.888,12.56,72.381,79.584,-1.22,-2.13,-1.06,-1.68,-13.26,-21.11,False,False,False,88.157,95.36,9.42,293225054.45523834,3525516.0,True,2B,100,13.39,-22.95,14.52,38.5,9.57,9.19,13.47,3,True,1620.0,False,False,False,False,0.693,2289820.0,-20.62,-5.75,False,0.8294,0.171,False,False,-60.31,3525516.0,41.82,23.95,34.39,12.11,expanding,8.37,0.1069,0.0449,2.38,False,True,False,False,99.5,6m,False,87.4,0.2,-2.37,False,-0.93,0.52,False,33.2,21.7,11.7,70.0,neutral,neutral,0,False,False,72.154,False,False,6,98.5,False,False,True,1.0,False,False,True,scooter,1.0,True,True
LCUT,9.479999542236328,1.13,3.46,9.19,60.62,-4.24,225.93,-0.32,9.65,7.91,184.57,96.8,56.59,False,False,174040872.36602873,Consumer durables,Home furnishings,NASDAQ,"Lifetime Brands, Inc.","NASDAQ Composite, NASDAQ Industrials, Nasdaq Innovators Completion Cap",0.646,6.82,9.163,8.761,0.49,1.11,0.51,1.2,3.46,8.2,False,False,False,10.456,10.054,6.98,1970945.774438858,231482.0,True,2B,100,10.814,9.19,43.0,60.62,6.16,7.9,6.61,2,True,1620.0,False,False,False,False,1.213,202340.0,0.96,3.38,False,0.4945,0.506,False,False,192.95,231482.0,71.59,18.26,13.92,30.34,bullish,6.29,0.0693,0.0693,1.0,True,False,False,False,99.2,6m,True,,0.671,1.23,False,0.03,1.06,False,20.3,13.3,0.0,50.0,neutral,bearish,0,False,True,9.181,True,False,8,98.3,False,False,True,1.0,True,False,True,minervini+scooter,2.0,True,True
SLN,13.289999961853027,-0.72,4.05,22.09,80.99,-13.87,209.07,-7.39,20.6,114.35,163.69,97.8,56.74,False,False,472346115.0,Commercial services,Miscellaneous commercial services,NASDAQ,Silence Therapeutics Plc - American Depository Share,"NASDAQ Composite, NASDAQ Biotechnology",1.014,7.63,12.773,11.652,0.51,1.61,0.53,1.84,4.05,14.06,False,False,False,14.801,13.68,7.66,14592430.498405457,1132050.0,True,2B,100,9.17,22.09,72.88,80.99,4.89,7.37,6.71,2,True,1448.0,False,False,False,False,0.368,902860.0,-6.21,0.15,False,0.3167,0.683,False,False,100.92,1132050.0,57.94,29.73,12.35,43.66,bullish,15.64,0.1593,0.1593,1.0,True,False,False,False,99.2,3m/6m,False,,0.409,2.37,False,-0.17,0.64,False,56.3,13.3,100.0,70.0,deceleration,neutral,0,False,False,12.835,True,False,8,98.2,False,False,True,1.0,True,False,True,minervini+scooter,2.0,False,True
MAN,61.38999938964844,3.86,9.34,30.97,84.25,-0.1,143.96,8.14,19.6,113.89,140.41,97.1,72.71,True,False,1683565896.0130138,Commercial services,Personnel services,NYSE,ManpowerGroup,"Russell 3000, Russell 1000",2.362,3.85,56.147,50.201,2.22,4.74,2.43,5.79,9.34,22.29,True,False,False,60.871,54.925,3.45,64013475.58181,1377402.0,True,2B,100,7.839,30.97,75.33,84.25,3.75,3.37,3.52,1,True,1620.0,False,False,False,False,0.643,1118860.0,6.54,-0.1,False,0.3118,0.688,False,False,-61.5,1377402.0,78.98,39.11,12.98,43.22,bullish,17.54,0.1939,0.1886,1.03,True,False,False,True,99.4,3m/6m,True,57.0,0.875,6.15,False,-0.61,0.49,False,47.8,33.1,25.4,90.0,neutral,bullish,2,False,False,56.426,True,False,8,98.2,False,False,True,1.0,True,False,True,minervini+scooter,2.0,False,True
APPS,10.739999771118164,-6.24,-4.46,2.24,73.85,-25.36,280.85,-12.25,27.1,136.04,164.53,98.3,47.73,False,False,1335728094.847441,Technology services,Packaged software,NASDAQ,"Digital Turbine, Inc.","NASDAQ Composite, Russell 2000, NASDAQ Computer, Russell 3000, Mini-Russell 2000",0.966,9.0,11.242,10.729,-0.52,0.01,-0.5,0.01,-4.46,0.1,False,False,False,13.174,12.661,8.97,47115025.88251495,4293022.0,True,2B,100,8.444,2.24,64.28,73.85,5.99,9.86,8.65,2,True,1620.0,False,False,False,False,0.471,2265220.0,-10.05,-1.2,False,0.5729,0.427,False,False,-17.35,4293022.0,64.26,24.29,25.96,17.32,transitioning,8.22,0.1655,0.1586,1.04,False,False,False,False,98.5,6m,False,27.7,0.386,0.24,False,-0.75,0.46,False,34.3,14.5,33.5,61.6,neutral,neutral,0,False,False,11.274,False,False,7,98.2,False,False,True,1.0,False,False,True,scooter,1.0,False,True
HPE,52.43000030517578,-3.11,-0.87,6.68,65.05,-12.35,165.94,-8.99,9.94,39.92,164.61,97.0,50.99,False,False,57880936113.3018,Electronic technology,Computer processing hardware,NYSE,Hewlett Packard Enterprise Company,"S&P 500, S&P 500 Information Technology, ISE CTA Cloud Computing, Russell 3000, Russell 1000, STOXX Global 1800, STOXX North America 600, STOXX USA 500, STOXX Global 1800 ex Asia/Pacific, STOXX Global 1800 ex Europe, STOXX Developed Markets 2400, STOXX USA 500",2.954,5.63,52.89,49.497,-0.16,0.99,-0.15,1.05,-0.87,5.93,False,False,False,58.798,55.405,5.52,944101268.7611465,19334066.0,True,2B,100,10.103,6.68,50.72,65.05,5.25,5.44,4.98,1,True,1620.0,False,False,False,False,0.642,13321340.0,-6.14,-1.91,False,0.3451,0.655,False,False,-11.8,19334066.0,49.33,26.89,29.34,15.2,bullish,7.84,0.1049,0.1043,1.01,True,False,False,False,98.3,6m,False,64.9,0.453,1.11,False,-1.14,0.54,False,49.2,28.3,43.2,83.1,neutral,bullish,0,False,False,53.026,True,False,8,98.0,False,False,True,1.0,True,False,True,minervini+scooter,2.0,True,True
OSCR,31.809999465942383,1.82,3.89,5.9,60.73,-2.9,193.18,0.82,12.84,40.5,155.5,96.1,56.37,True,False,7921220840.80537,Health services,Managed health care,NYSE,"Oscar Health, Inc.","Russell 2000, Nasdaq US Small Cap Growth, Russell 3000, Mini-Russell 2000, STOXX Developed Markets 2400",1.824,5.73,30.619,30.329,0.65,0.81,0.68,0.85,3.89,4.88,False,False,False,34.267,33.977,5.65,168962325.9403038,5661164.0,True,2B,100,5.768,5.9,50.79,60.73,5.48,5.46,5.27,2,True,1327.0,False,False,False,False,0.769,5014160.0,1.73,-0.72,False,0.2212,0.779,True,True,46.65,5661164.0,54.51,30.15,16.84,21.12,bullish,6.61,0.096,0.096,1.0,True,False,False,False,98.0,6m,True,48.4,0.787,0.97,False,-0.38,0.83,False,52.0,30.2,43.1,90.0,neutral,bullish,0,False,False,30.663,True,False,8,98.0,False,False,True,1.0,True,False,True,minervini+scooter,2.0,False,True
SYRE,106.6500015258789,0.81,3.02,9.41,81.1,-2.08,619.64,1.96,4.43,44.02,141.4,99.3,58.07,False,False,7632477090.303146,Health technology,Pharmaceuticals: major,NASDAQ,"Spyre Therapeutics, Inc.","NASDAQ Composite, Russell 2000, Nasdaq US Small Cap Growth, NASDAQ Biotechnology, Russell 3000, Mini-Russell 2000, STOXX Developed Markets 2400",5.433,5.09,103.528,99.747,0.57,1.27,0.59,1.36,3.02,6.92,False,False,False,114.395,110.614,5.11,123412788.0721283,1294650.0,True,2B,100,15.972,9.41,55.49,81.1,4.54,4.84,5.09,2,True,833.0,False,False,False,False,0.751,894300.0,4.09,0.15,False,0.1726,0.827,True,True,-14.61,1294650.0,66.07,18.53,15.38,10.5,bullish,8.03,0.1015,0.1015,1.0,True,False,False,True,98.7,6m,True,80.0,0.802,1.69,False,-0.78,0.49,False,37.0,25.0,0.0,90.0,neutral,bullish,0,False,False,103.746,True,False,8,98.0,False,False,True,1.0,True,False,True,minervini+scooter,2.0,True,True
DFTX,43.27000045776367,-2.65,-1.57,3.01,83.17,-10.69,387.27,-4.4,0.23,92.31,155.28,99.1,49.48,False,False,4902551865.170797,Health technology,Pharmaceuticals: major,NASDAQ,"Definium Therapeutics, Inc.","NASDAQ Composite, Russell 2000, NASDAQ Biotechnology, Russell 3000, Mini-Russell 2000",2.827,6.53,43.96,44.349,-0.24,-0.38,-0.24,-0.37,-1.57,-2.43,False,False,False,49.614,50.002,6.07,131858781.55644226,3144262.0,True,2B,100,15.256,3.01,58.69,83.17,5.23,6.52,6.36,2,True,953.0,False,False,False,False,0.757,1699740.0,-4.57,-3.65,False,0.6203,0.38,False,False,41.31,3144262.0,61.62,25.67,21.12,30.03,bullish,7.23,0.1081,0.1081,1.0,True,False,False,False,98.9,3m/6m,False,63.4,0.317,0.45,False,-0.41,0.55,False,60.8,30.0,92.7,70.0,momentum,neutral,0,False,False,44.028,True,False,8,97.9,False,False,True,1.0,True,False,True,minervini+scooter,2.0,False,True
PANW,350.8999938964844,-3.32,-2.16,4.04,54.8,-11.39,147.69,-6.62,8.37,34.66,143.44,93.9,48.5,False,False,247922996901.84927,Technology services,Packaged software,NASDAQ,"Palo Alto Networks, Inc.","S&P 500, NASDAQ 100, NASDAQ Composite, S&P 500 Information Technology, S&P 500 ESG, Nasdaq US Large Cap Growth, NASDAQ Computer, NASDAQ-100 Technology Sector, ISE CTA Cloud Computing, Russell 3000, Russell 1000, STOXX Global 1800, STOXX North America 600, STOXX USA 500, STOXX Global 1800 ex Asia/Pacific, STOXX Global 1800 ex Europe, STOXX Global 200, STOXX Developed Markets 2400, STOXX USA 500",15.072,4.3,358.641,349.736,-0.51,0.08,-0.5,0.08,-2.16,0.33,False,False,False,388.785,379.881,4.18,2183274093.687866,6512660.0,True,2B,100,6.859,4.04,47.48,54.8,4.34,4.2,4.31,1,True,1620.0,False,False,False,False,0.965,5113140.0,-5.25,-1.95,False,0.3811,0.619,False,False,-1.86,6512660.0,51.97,22.86,25.08,20.1,bullish,6.24,0.1089,0.1087,1.0,True,False,False,False,97.6,6m,False,95.4,0.469,0.9,False,-0.61,0.84,False,49.0,23.5,42.1,90.0,deceleration,bullish,0,False,False,359.302,False,False,8,97.7,False,False,True,1.0,True,False,True,minervini+scooter,2.0,True,True
FRD,42.04999923706055,-2.08,2.53,14.05,74.01,-12.54,147.99,-12.54,18.12,103.57,128.89,97.3,56.05,False,False,244710909.400178,Non-energy minerals,Steel,NASDAQ,Friedman Industries Inc.,"NASDAQ Composite, Russell 2000, NASDAQ Industrials, Mini-Russell 2000",2.791,6.64,41.013,37.289,0.37,1.71,0.38,1.92,2.53,12.77,False,False,False,46.594,42.871,6.69,3841395.116607666,103324.0,True,2B,100,9.103,14.05,64.98,74.01,6.63,6.74,6.18,2,True,1620.0,False,False,False,False,0.646,79740.0,-11.1,0.82,False,0.0739,0.926,True,False,9.01,103324.0,69.25,23.16,15.32,37.24,bullish,13.88,0.1435,0.1435,1.0,True,False,False,False,98.5,3m/6m,False,,0.576,1.86,False,-0.59,0.6,False,28.6,18.3,1.1,70.0,neutral,neutral,0,False,False,41.194,True,False,8,97.7,True,False,True,2.0,True,False,True,minervini+scooter,2.0,False,True
HNGE,89.9800033569336,2.91,5.46,10.44,64.67,-1.74,188.68,2.4,21.09,62.86,134.02,95.1,61.95,False,False,6110708717.702822,Technology services,Packaged software,NYSE,"Hinge Health, Inc.",Nasdaq US Small Cap Growth,4.377,4.86,85.325,84.295,1.06,1.3,1.12,1.39,5.46,6.74,False,False,False,94.078,93.049,5.1,158146203.0501709,1948616.0,True,2B,100,6.541,10.44,57.04,64.67,5.02,5.5,4.58,1,True,266.0,False,False,False,False,1.482,1600700.0,3.29,1.76,False,0.2934,0.707,True,True,124.43,1948616.0,67.92,28.63,15.87,32.14,bullish,8.43,0.1101,0.1027,1.07,True,False,False,True,97.4,3m,True,74.9,0.855,1.94,False,0.51,1.33,False,43.0,13.3,35.5,90.0,neutral,bullish,0,False,False,85.504,True,False,8,97.6,False,False,True,1.0,True,False,True,minervini+scooter,2.0,True,True
REPL,14.710000038146973,2.97,11.82,30.36,77.46,-5.58,765.29,0.55,51.65,199.59,75.33,98.0,61.24,False,False,960319540.715184,Health technology,Biotechnology,NASDAQ,"Replimune Group, Inc.","NASDAQ Composite, Russell 2000, Nasdaq US Small Cap Growth, NASDAQ Biotechnology, Russell 3000, Mini-Russell 2000",1.315,8.94,13.155,11.519,1.18,2.43,1.32,3.1,11.82,27.7,True,False,False,15.784,14.149,9.26,55067364.260359764,5102010.0,True,2A,85,6.546,30.36,84.66,77.46,6.8,8.85,7.18,2,True,78.0,False,False,False,False,0.268,3005520.0,0.75,-0.41,False,0.2404,0.76,True,True,-51.48,5102010.0,61.61,32.57,16.98,35.79,bullish,22.46,0.2148,0.2148,1.0,True,False,False,False,99.9,1m/3m,False,,0.909,2.61,False,-0.53,0.41,False,54.9,13.3,75.1,90.0,momentum,bullish,0,False,False,13.244,True,False,7,97.6,False,False,True,1.0,False,False,True,scooter,1.0,False,True
AEHR,96.43000030517578,-12.24,-8.81,1.48,60.76,-33.78,432.76,-33.78,26.35,1.48,180.97,99.2,46.77,False,False,2887723341.1317945,Electronic technology,Electronic production equipment,NASDAQ,Aehr Test Systems,"NASDAQ Composite, Russell 2000, Nasdaq US Small Cap Growth, NASDAQ Computer, Russell 3000, Mini-Russell 2000",13.474,13.97,105.749,92.319,-0.69,0.31,-0.63,0.32,-8.81,4.45,False,False,False,132.696,119.266,12.84,244286211.6251068,2600410.0,True,2B,100,15.066,1.48,33.43,60.76,12.54,13.68,11.35,3,True,1620.0,False,False,False,False,0.717,2352560.0,-28.88,-5.21,False,0.967,0.033,False,False,-46.34,2600410.0,49.34,25.27,26.89,20.73,transitioning,8.5,0.1538,0.1288,1.19,False,False,False,False,97.9,6m,False,94.6,0.39,0.1,False,-0.44,0.69,False,37.4,27.1,36.3,52.4,deceleration,bearish,0,False,False,106.182,False,False,7,97.5,False,False,True,1.0,False,False,True,scooter,1.0,False,True
ATEX,90.37999725341795,-0.89,-2.62,-4.08,79.22,-16.47,402.39,-1.3,-3.85,42.17,148.91,98.9,47.07,False,False,1748428003.0596294,Communications,Wireless telecommunications,NASDAQ,Anterix Inc.,"NASDAQ Composite, Russell 2000, Nasdaq US Small Cap Growth, NASDAQ Telecommunications, Russell 3000, Mini-Russell 2000",7.038,7.79,92.809,97.688,-0.35,-1.04,-0.34,-0.96,-2.62,-7.48,False,False,False,106.886,111.764,7.59,41629426.92504883,446108.0,True,2B,100,16.883,-4.08,50.3,79.22,6.56,7.81,7.9,2,True,1620.0,False,False,False,False,1.077,321580.0,1.54,-3.08,False,1.0993,0.0,False,False,-21.53,446108.0,31.09,15.51,23.27,23.25,transitioning,0.88,0.0893,0.0893,1.0,False,False,False,False,98.4,6m,False,85.0,0.382,-0.55,False,-0.34,0.84,False,47.8,31.3,27.6,90.0,neutral,bullish,0,False,False,92.744,False,False,7,97.4,True,False,True,2.0,False,False,True,scooter,1.0,False,True
ARTV,11.520000457763672,1.54,4.16,13.1,63.37,-13.97,405.26,-1.87,14.86,46.38,140.0,98.3,57.61,False,False,237774372.91732728,Health technology,Biotechnology,NASDAQ,"Artiva Biotherapeutics, Inc.",NASDAQ Composite,0.833,7.24,11.06,10.399,0.55,1.34,0.57,1.49,4.16,10.78,False,False,False,12.727,12.066,6.94,4801829.324863434,482782.0,True,2B,100,11.328,13.1,42.45,63.37,6.8,7.19,7.59,2,True,313.0,False,False,False,False,0.921,308940.0,0.0,5.4,False,0.4018,0.598,False,False,56.76,482782.0,57.0,16.06,17.86,20.0,bullish,8.14,0.0817,0.0817,1.0,True,False,False,False,96.9,,True,,0.711,1.6,False,-0.59,0.64,False,41.9,19.3,46.7,67.4,neutral,neutral,0,False,False,11.09,True,False,8,97.4,False,False,True,1.0,True,False,True,minervini+scooter,2.0,False,True
DRTS,14.699999809265137,3.03,7.32,17.98,77.07,-1.47,365.19,3.89,17.6,46.41,101.09,98.8,63.55,False,False,957545924.6410028,Health technology,Medical specialties,NASDAQ,Alpha Tau Medical Ltd.,NASDAQ Composite,0.724,4.93,13.698,13.07,1.38,2.25,1.49,2.53,7.32,12.48,True,False,False,15.146,14.518,4.61,8388500.981519699,672374.0,True,2B,100,12.753,17.98,55.14,77.07,3.77,4.49,5.18,2,True,1064.0,False,False,False,False,0.92,495880.0,5.0,-1.47,False,0.0815,0.918,True,True,-22.07,672374.0,65.25,24.42,11.68,27.33,bullish,11.94,0.1387,0.1332,1.04,True,False,False,False,96.8,,True,,0.921,3.09,False,-0.53,0.72,False,39.0,30.0,0.0,90.0,neutral,bullish,1,False,False,13.744,True,False,8,97.2,False,False,False,0.0,True,False,True,minervini+scooter,2.0,True,True
FORR,11.979999542236328,3.16,6.92,22.1,58.92,-0.08,137.23,7.44,35.06,77.22,116.64,93.5,64.01,False,False,151607720.0,Commercial services,Miscellaneous commercial services,NASDAQ,"Forrester Research, Inc.","NASDAQ Composite, Russell 2000, NASDAQ Industrials, Russell 3000, Mini-Russell 2000",0.552,4.61,11.204,10.478,1.4,2.72,1.5,3.11,6.92,14.33,True,False,False,12.309,11.583,5.14,1465099.9649438858,155996.0,True,2B,100,3.804,22.1,58.49,58.92,3.68,4.26,5.01,2,True,1620.0,False,False,False,False,0.601,69680.0,7.35,1.7,False,0.352,0.648,False,True,-37.74,155996.0,55.98,24.75,14.04,30.64,bullish,12.91,0.1449,0.1327,1.09,True,False,False,False,98.1,3m,True,,0.876,3.93,False,-0.44,0.44,False,61.4,36.7,65.7,90.0,deceleration,bullish,0,False,False,11.246,True,False,8,97.2,True,False,True,2.0,True,False,True,minervini+scooter,2.0,True,True
NSP,52.13999938964844,0.26,1.88,10.94,46.64,-3.5,166.77,3.33,7.84,65.43,160.05,93.4,55.31,False,False,1581730888.4644625,Commercial services,Miscellaneous commercial services,NYSE,"Insperity, Inc.","Russell 2000, Russell 3000, Mini-Russell 2000",2.574,4.94,51.178,49.49,0.37,1.03,0.38,1.08,1.88,5.35,False,False,False,56.327,54.639,5.14,30653873.15475464,667690.0,True,2A,85,2.657,10.94,46.81,46.64,3.81,4.51,4.93,1,True,1620.0,False,False,False,False,0.376,294900.0,1.8,-1.23,False,0.4586,0.541,False,True,-65.93,667690.0,49.06,27.14,14.23,25.42,bullish,8.07,0.1007,0.1007,1.0,True,False,False,False,98.5,6m,False,60.3,0.472,2.0,False,-1.25,0.31,False,51.2,13.3,62.9,90.0,momentum,bullish,0,False,False,51.286,True,False,7,97.2,False,False,True,1.0,False,False,True,scooter,1.0,True,True
AMPL,13.149999618530272,4.34,12.99,38.69,50.66,-1.13,134.4,4.28,62.35,96.27,102.31,92.6,71.98,False,False,983077977.2884616,Technology services,Packaged software,NASDAQ,"Amplitude, Inc.","NASDAQ Composite, Russell 2000, Nasdaq US Small Cap Growth, NASDAQ Computer, Russell 3000, Mini-Russell 2000",0.616,4.68,11.638,10.163,2.45,4.85,2.77,6.28,12.99,29.39,True,False,False,12.87,11.394,4.55,21672343.232379913,2291422.0,True,2A,85,1.649,38.69,63.89,50.66,3.83,4.73,4.32,1,True,1182.0,False,False,False,False,0.624,1800320.0,4.86,-1.05,False,0.1991,0.801,True,True,13.89,2291422.0,88.08,40.47,11.27,49.12,bullish,21.77,0.2062,0.2062,1.0,True,False,False,False,99.1,1m/3m,False,,0.918,5.96,False,-0.73,0.62,False,62.7,24.1,86.9,90.0,deceleration,bullish,0,False,False,11.716,True,False,7,97.1,False,False,True,1.0,False,False,True,scooter,1.0,True,True
GEO,32.18000030517578,2.1,3.43,6.0,54.57,-1.62,142.68,3.31,4.08,36.82,141.77,94.0,59.56,True,False,4056651156.355949,Commercial services,Miscellaneous commercial services,NYSE,Geo Group Inc (The) REIT,"Russell 2000, Russell 3000, Mini-Russell 2000",1.233,3.83,31.112,30.636,0.87,1.25,0.9,1.31,3.43,5.04,False,False,False,33.578,33.103,4.02,61290547.61256027,2023740.0,True,2B,100,7.165,6.0,43.89,54.57,3.53,4.28,3.58,1,True,1620.0,False,False,False,False,0.78,2663340.0,3.94,-1.62,False,0.1762,0.824,True,False,-28.73,2023740.0,54.35,24.39,16.07,15.67,bullish,5.62,0.0867,0.0665,1.3,True,False,False,False,97.2,6m,True,35.1,0.772,1.48,False,-0.56,0.75,False,44.8,21.7,38.5,81.8,deceleration,bullish,0,False,False,31.149,True,False,8,97.1,True,False,True,2.0,True,False,True,minervini+scooter,2.0,True,True
SNDK,1493.1199951171875,-2.42,-0.25,-9.31,57.88,-36.05,3120.01,-16.44,3.94,0.98,124.03,99.9,49.65,False,False,309612757718.1487,Electronic technology,Computer peripherals,NASDAQ,Sandisk Corporation,"S&P 500, NASDAQ 100, NASDAQ Composite, S&P 500 Information Technology, Nasdaq US Large Cap Growth, NASDAQ Computer, NASDAQ-100 Technology Sector, Russell 3000, Russell 1000, STOXX Global 1800, STOXX North America 600, STOXX USA 500, STOXX Global 1800 ex Asia/Pacific, STOXX Global 1800 ex Europe, STOXX Global 200, STOXX Developed Markets 2400, STOXX USA 500",156.265,10.47,1496.929,1537.995,-0.02,-0.29,-0.02,-0.28,-0.25,-2.92,False,False,False,1809.458,1850.524,8.45,23266378029.90674,14610482.0,True,2B,100,14.963,-9.31,27.11,57.88,6.83,7.61,10.05,3,True,334.0,False,False,False,False,0.828,13538280.0,-10.99,-6.45,False,0.3905,0.609,False,False,10.93,14610482.0,45.05,27.5,29.56,13.42,transitioning,1.65,0.0473,0.0473,1.0,False,False,False,False,98.7,6m,False,99.9,0.596,-0.98,False,-0.15,0.95,False,51.8,30.0,62.7,70.0,momentum,neutral,0,False,False,1496.946,True,False,6,97.0,False,False,True,1.0,False,False,True,scooter,1.0,True,True
MCS,30.90999984741211,3.38,7.16,20.37,63.34,-0.67,140.17,3.21,29.76,71.69,97.35,96.0,67.85,False,False,747443548.8962425,Consumer services,Movies/Entertainment,NYSE,Marcus Corporation (The),"Russell 2000, Russell 3000, Mini-Russell 2000",1.136,3.68,28.845,26.248,1.82,4.1,1.95,4.83,7.16,17.76,True,False,False,31.117,28.52,4.08,8406870.196483612,316902.0,True,2B,100,9.34,20.37,53.61,63.34,3.73,3.54,3.15,1,True,1620.0,False,False,False,False,0.675,337520.0,3.17,4.53,False,0.2847,0.715,True,True,0.94,316902.0,38.46,33.08,15.26,44.04,bullish,11.97,0.126,0.1149,1.1,True,False,False,False,97.5,3m,True,,0.811,4.6,False,-0.26,0.82,False,37.0,25.0,0.0,90.0,neutral,bullish,0,False,False,28.952,True,False,8,96.9,True,False,True,2.0,True,False,True,minervini+scooter,2.0,False,True
CAKE,114.61000061035156,4.39,9.14,26.22,75.51,-2.28,168.98,5.08,35.65,87.96,81.45,96.6,69.66,False,False,3993709694.3711576,Consumer services,Restaurants,NASDAQ,The Cheesecake Factory Incorporated,"NASDAQ Composite, Russell 2000, Nasdaq US Small Cap Growth, NASDAQ Industrials, Russell 3000, Mini-Russell 2000",4.2,3.66,105.015,94.389,2.28,4.81,2.49,5.85,9.14,21.42,True,False,False,113.415,102.789,3.79,158930662.1077423,1706312.0,True,2B,100,9.186,26.22,62.42,75.51,4.28,3.76,2.9,1,True,1620.0,False,False,False,False,1.019,1741720.0,5.39,1.13,False,0.2466,0.753,True,True,47.91,1706312.0,60.36,38.76,14.36,55.4,bullish,14.77,0.1581,0.1355,1.17,True,False,False,True,98.6,3m,True,73.9,0.881,5.67,False,0.58,1.24,True,72.3,38.3,100.0,90.0,momentum,bullish,0,False,False,105.484,True,False,8,96.8,False,True,True,2.0,True,False,True,minervini+scooter,2.0,False,True
EOLS,8.779999732971191,7.67,15.29,27.92,47.14,0.0,122.84,13.0,46.82,44.17,102.77,87.5,70.68,True,False,469544384.9510489,Health technology,Pharmaceuticals: major,NASDAQ,"Evolus, Inc. Common Stock","NASDAQ Composite, Russell 2000, Nasdaq US Small Cap Growth, NASDAQ Biotechnology, Russell 3000, Mini-Russell 2000",0.415,4.73,7.616,6.878,2.8,4.58,3.23,5.84,15.29,27.66,True,False,False,8.447,7.709,4.68,6210326.150894165,883820.0,True,2A,85,1.404,27.92,53.1,47.14,4.55,5.27,4.14,1,True,1620.0,False,False,False,False,1.267,848020.0,12.42,4.65,False,0.2937,0.706,True,True,118.94,883820.0,72.05,36.49,10.67,45.52,bullish,15.7,0.1595,0.1424,1.12,True,False,False,False,98.0,1w/1m/6m,True,,0.987,4.61,False,0.83,1.49,False,34.7,14.1,38.5,58.5,neutral,neutral,0,False,False,7.653,True,False,7,96.8,False,False,True,1.0,False,False,True,scooter,1.0,True,True
EVC,8.109999656677246,-7.89,-15.31,-24.25,42.52,-39.84,325.45,-8.77,-24.06,-17.13,180.12,97.6,30.78,False,False,1107231414.4029849,Consumer services,Broadcasting,NYSE,Entravision Communications Corporation,"Russell 2000, Russell 3000, Mini-Russell 2000",0.692,8.54,9.576,10.82,-2.12,-3.91,-1.79,-2.93,-15.31,-25.05,False,False,True,10.961,12.205,8.03,20168713.974782944,1869292.0,True,2B,100,16.445,-24.25,22.39,42.52,5.76,8.17,8.64,2,True,1620.0,False,False,False,False,0.616,1276560.0,-8.26,0.5,False,2.4352,0.0,False,False,22.54,1869292.0,22.59,10.81,30.46,37.98,bearish,11.63,0.1626,0.1626,1.0,False,True,False,False,98.9,6m,False,19.2,0.051,-3.75,False,-0.62,0.63,False,25.0,10.0,0.0,70.0,neutral,neutral,0,False,False,9.529,False,False,6,96.8,False,False,True,1.0,False,False,True,scooter,1.0,True,True
ANIK,21.34000015258789,0.83,6.36,24.22,58.78,-3.13,154.05,-0.61,42.74,43.41,95.42,95.6,63.81,False,False,200914920.45827636,Health technology,Medical specialties,NASDAQ,Anika Therapeutics Inc.,"NASDAQ Composite, Russell 2000, Nasdaq Innovators Completion Cap, Russell 3000, Mini-Russell 2000",1.127,5.28,20.064,17.836,1.13,3.11,1.2,3.72,6.36,19.65,True,False,False,22.319,20.091,6.08,1791408.854194641,98550.0,True,2B,100,8.699,24.22,45.1,58.78,4.57,5.72,3.98,1,True,1620.0,False,False,False,False,0.889,144320.0,-0.65,-2.02,False,0.4394,0.561,False,True,136.36,98550.0,55.69,29.99,5.99,61.19,bullish,14.65,0.1314,0.1314,1.0,True,False,False,False,98.1,1m,True,,0.804,3.69,False,0.45,1.27,False,49.9,24.6,50.6,82.8,neutral,bullish,0,False,False,20.162,True,False,8,96.7,False,False,True,1.0,True,False,True,minervini+scooter,2.0,True,True
PGEN,7.170000076293945,3.37,8.72,22.95,58.92,-3.63,131.29,9.47,32.78,69.1,75.74,93.9,62.78,False,False,2089154193.5398552,Health technology,Biotechnology,NASDAQ,"Precigen, Inc.","NASDAQ Composite, Russell 2000, Nasdaq US Small Cap Growth, NASDAQ Biotechnology, Nasdaq Innovators Completion Cap, Russell 3000, Mini-Russell 2000",0.409,5.71,6.595,6.013,1.41,2.83,1.53,3.37,8.72,19.25,True,False,False,7.413,6.831,6.01,31831312.01810074,5327034.0,True,2B,100,6.725,22.95,53.9,58.92,5.77,6.04,5.07,2,True,1616.0,False,False,False,False,0.541,5620180.0,11.68,-0.42,False,0.1298,0.87,True,True,-3.91,5327034.0,62.1,30.02,15.82,33.67,bullish,15.02,0.1621,0.1212,1.34,True,False,False,False,97.0,,True,8.4,0.855,3.27,False,-0.78,0.63,False,39.0,20.2,13.1,90.0,neutral,bullish,1,False,False,6.624,True,False,8,96.5,False,False,True,1.0,True,False,True,minervini+scooter,2.0,False,True
PBF,69.51000213623047,-2.08,2.06,20.03,64.2,-7.57,193.25,-7.41,13.2,73.51,106.28,97.2,54.66,False,False,5100278469.637739,Energy minerals,Oil refining/Marketing,NYSE,PBF Energy Inc.,"Russell 2000, S&P MidCap 400, Russell 3000, Mini-Russell 2000, STOXX Developed Markets 2400",4.084,5.88,68.105,62.388,0.34,1.74,0.35,1.94,2.06,11.42,False,False,False,76.274,70.556,6.12,179291060.56692505,3065570.0,True,2B,100,9.919,20.03,51.38,64.2,5.72,5.51,4.76,1,True,1590.0,False,False,False,False,0.909,2458220.0,-7.93,-5.47,False,0.411,0.589,False,False,15.06,3065570.0,65.47,22.85,17.52,28.94,bullish,13.81,0.141,0.141,1.0,True,False,False,False,98.4,3m,False,73.3,0.637,2.84,False,-0.1,0.97,False,51.8,31.3,41.0,90.0,neutral,bullish,0,False,False,68.394,True,False,8,96.4,False,False,True,1.0,True,False,True,minervini+scooter,2.0,False,True
EAT,253.94000244140625,6.64,12.1,28.92,60.57,0.0,148.25,5.06,35.81,84.8,80.38,94.9,72.0,True,False,7353540745.406493,Consumer services,Restaurants,NYSE,"Brinker International, Inc.","Russell 2000, Nasdaq US Small Cap Growth, Russell 3000, Mini-Russell 2000, STOXX Developed Markets 2400",10.142,3.99,226.527,205.31,2.7,4.79,3.03,5.93,12.1,23.69,True,False,False,246.812,225.595,4.03,209487514.65847778,1054804.0,True,2B,100,7.128,28.92,54.96,60.57,3.68,4.33,3.37,1,True,1604.0,False,False,False,False,0.875,762400.0,5.84,3.2,False,0.1613,0.839,True,False,-11.1,1054804.0,68.48,40.42,9.36,57.74,bullish,15.21,0.165,0.1326,1.24,True,False,False,True,98.7,3m,True,91.0,0.983,5.62,False,-0.22,0.92,False,58.0,26.3,68.5,90.0,momentum,bullish,0,False,False,227.549,True,False,8,96.4,False,True,True,2.0,True,False,True,minervini+scooter,2.0,True,True
KFRC,57.68999862670898,-0.78,0.09,5.86,51.02,-4.57,143.64,1.1,4.66,40.03,124.35,94.8,52.48,False,False,882862350.5032929,Commercial services,Personnel services,NYSE,"Kforce, Inc.","Russell 2000, Russell 3000, Mini-Russell 2000",2.175,3.77,57.635,56.354,0.03,0.61,0.03,0.63,0.09,2.37,False,False,False,61.985,60.703,3.78,13431209.930519104,243104.0,True,2B,100,9.01,5.86,41.04,51.02,2.97,3.27,3.68,1,True,1620.0,False,False,False,False,0.825,203680.0,-0.35,-1.2,False,0.4578,0.542,False,False,-14.55,243104.0,45.51,26.99,14.97,28.19,bullish,5.38,0.0736,0.0736,1.0,True,False,False,False,97.3,6m,False,,0.474,1.47,False,-0.31,0.87,False,50.6,28.3,41.0,90.0,deceleration,bullish,0,False,False,57.712,True,False,8,96.4,True,False,True,2.0,True,False,True,minervini+scooter,2.0,True,True
DK,68.08000183105469,1.97,4.93,16.7,57.53,-4.74,184.45,1.29,8.13,56.45,108.05,96.5,57.06,False,False,2930770252.2153907,Energy minerals,Oil refining/Marketing,NYSE,"Delek US Holdings, Inc.","Russell 2000, Russell 3000, Mini-Russell 2000",3.826,5.62,64.88,61.825,0.84,1.63,0.88,1.8,4.93,10.12,False,False,False,72.531,69.476,5.43,78581843.86092377,1334524.0,True,2B,100,7.479,16.7,47.19,57.53,6.63,5.83,4.3,1,True,1620.0,False,False,False,False,1.164,1815260.0,-0.19,-4.74,False,0.3883,0.612,False,True,39.43,1334524.0,46.43,23.68,16.52,17.86,bullish,10.11,0.122,0.1,1.22,True,False,False,False,96.1,,True,71.9,0.75,2.55,False,0.83,1.29,False,39.5,31.2,0.0,90.0,neutral,bullish,0,False,False,65.059,True,False,8,96.4,False,False,True,1.0,True,False,True,minervini+scooter,2.0,True,True
VNCE,6.300000190734863,1.91,0.96,-2.55,54.44,-19.95,343.66,1.78,6.06,49.64,130.77,98.2,51.14,False,False,99694998.6988564,Consumer non-durables,Apparel/Footwear,NASDAQ,Vince Holding Corp.,"NASDAQ Composite, NASDAQ Industrials",0.428,6.79,6.24,6.389,0.14,-0.21,0.14,-0.21,0.96,-1.39,False,False,False,7.095,7.244,6.25,1221095.7169265747,183278.0,True,2B,100,9.016,-2.55,44.07,54.44,5.31,6.57,8.99,2,True,363.0,False,False,False,False,0.407,57340.0,2.11,0.8,False,1.152,0.0,False,False,-76.63,183278.0,59.78,19.54,20.54,10.95,transitioning,1.28,0.0603,0.0603,1.0,False,False,False,False,97.5,6m,False,,0.429,-0.39,False,-0.56,0.14,False,33.8,16.5,50.2,40.6,neutral,neutral,0,False,False,6.238,False,False,7,96.3,False,False,False,0.0,False,False,True,scooter,1.0,True,True
CRL,298.5799865722656,4.79,10.74,26.33,53.41,0.0,105.11,4.17,31.78,86.26,82.6,95.4,77.42,False,False,10392188558.62912,Commercial services,Miscellaneous commercial services,NYSE,"Charles River Laboratories International, Inc.","S&P 500, S&P 500 Health Care, S&P 500 ESG, Russell 3000, Russell 1000, STOXX Developed Markets 2400",10.634,3.56,269.611,247.267,2.72,4.83,3.02,5.83,10.74,20.75,True,False,False,290.879,268.535,3.36,218231307.3182068,916058.0,True,2B,100,4.686,26.33,52.28,53.41,4.01,3.57,2.97,1,True,1620.0,False,False,False,False,0.799,884800.0,4.25,1.15,False,0.0173,0.983,True,True,-17.51,916058.0,82.09,32.08,6.06,58.32,bullish,15.51,0.1628,0.1513,1.08,True,False,False,True,97.6,3m,True,91.6,0.99,5.85,False,-0.48,0.86,False,60.1,22.6,71.9,98.3,deceleration,bullish,0,False,False,270.86,True,False,8,96.2,False,False,True,1.0,True,False,True,minervini+scooter,2.0,True,True
ACHV,7.940000057220459,4.11,10.66,24.09,59.38,-6.92,199.62,5.87,30.16,69.3,88.15,96.3,67.26,False,False,618007506.3473682,Health technology,Pharmaceuticals: major,NASDAQ,"Achieve Life Sciences, Inc.","NASDAQ Composite, Nasdaq US Small Cap Growth",0.421,5.3,7.175,6.648,1.82,3.07,2.01,3.67,10.66,19.43,True,False,False,8.016,7.489,4.72,12056048.94911766,1929340.0,True,2B,100,5.707,24.09,56.69,59.38,6.34,4.84,5.18,2,True,1620.0,False,False,False,False,0.681,1684320.0,6.86,-0.63,False,0.4276,0.572,False,True,0.51,1929340.0,68.19,31.91,8.66,52.93,expanding,15.78,0.1711,0.1599,1.07,True,False,False,False,95.5,,True,,0.752,3.66,False,-0.54,0.48,False,31.0,10.0,0.0,90.0,neutral,bullish,0,False,False,7.208,True,False,8,96.2,False,False,True,1.0,True,False,True,minervini+scooter,2.0,True,True
MU,910.4299926757812,-2.86,-1.71,-5.44,58.5,-24.97,683.28,-10.01,-1.14,21.25,116.39,99.4,48.5,False,False,1276967111827.1174,Electronic technology,Semiconductors,NASDAQ,"Micron Technology, Inc.","S&P 500, NASDAQ 100, NASDAQ Composite, PHLX Semiconductor Sector, S&P 500 Information Technology, S&P 500 ESG, Nasdaq US Large Cap Growth, NASDAQ Computer, NASDAQ-100 Technology Sector, S&P 100, Russell 3000, Russell 1000, STOXX Global 1800, STOXX North America 600, STOXX USA 500, STOXX Global 1800 ex Asia/Pacific, STOXX Global 1800 ex Europe, STOXX Global 150, STOXX North America 50, STOXX Global 200, STOXX Developed Markets 2400, STOXX USA 500",67.627,7.43,926.281,930.459,-0.23,-0.3,-0.23,-0.29,-1.71,-2.15,False,False,False,1061.535,1065.714,6.31,43932160925.16333,45175054.0,True,2B,100,13.641,-5.44,34.43,58.5,4.95,5.21,6.94,2,True,1620.0,False,False,False,False,0.779,28155080.0,-4.88,-5.83,False,1.2755,0.0,False,False,-20.82,45175054.0,58.37,25.4,31.3,9.25,bullish,2.65,0.0507,0.0507,1.0,True,False,False,False,98.2,6m,False,99.6,0.579,-0.77,False,-1.04,0.66,False,55.6,51.3,47.1,70.0,neutral,neutral,0,False,False,926.615,True,False,7,96.1,True,False,True,2.0,False,False,True,scooter,1.0,True,True
VAC,114.3499984741211,0.12,2.9,10.79,55.87,-8.34,160.48,-4.29,21.15,53.62,112.09,95.3,56.15,False,False,3478952435.814848,Consumer services,Other consumer services,NYSE,Marriott Vacations Worldwide Corporation,"Russell 2000, Russell 3000, Mini-Russell 2000",5.117,4.47,111.13,104.828,0.63,1.86,0.65,2.03,2.9,9.08,False,False,False,121.364,115.062,4.61,50437666.68577576,479310.0,True,2B,100,6.74,10.79,43.29,55.87,4.03,4.96,3.77,1,True,1620.0,False,False,False,False,1.064,580200.0,-2.83,1.6,False,0.0975,0.903,True,False,66.03,479310.0,71.27,33.16,25.64,26.35,bullish,8.59,0.0905,0.0905,1.0,True,False,False,False,93.6,,True,78.6,0.509,2.18,False,0.45,1.24,False,35.8,17.7,50.5,45.4,neutral,neutral,0,False,True,111.437,True,False,8,96.1,False,False,True,1.0,True,False,True,minervini+scooter,2.0,True,True
PENG,50.68000030517578,-7.9,-10.45,-17.67,43.57,-37.73,212.07,-19.66,-5.89,-4.75,163.27,95.8,41.5,False,False,3160554702.017073,Electronic technology,Semiconductors,NASDAQ,"Penguin Solutions, Inc.","NASDAQ Composite, Russell 2000, NASDAQ Computer, Russell 3000, Mini-Russell 2000",5.061,9.99,56.593,60.847,-1.17,-2.01,-1.05,-1.67,-10.45,-16.71,False,False,False,66.714,70.968,7.93,223732589.28949738,3436330.0,True,2B,100,10.268,-17.67,25.63,43.57,6.78,7.42,12.09,3,True,1620.0,False,False,False,False,0.766,1571980.0,-15.28,-3.69,False,1.6145,0.0,False,False,-75.59,3436330.0,52.43,18.34,32.07,15.37,expanding,4.9,0.1,0.0619,1.61,False,True,False,False,98.7,6m,False,78.4,0.319,-2.15,False,-0.79,0.44,False,42.1,30.0,30.4,70.0,neutral,neutral,0,False,False,56.475,False,False,6,96.1,True,False,True,2.0,False,False,True,scooter,1.0,True,True
SNOW,322.7799987792969,-0.69,2.65,15.16,49.37,-4.33,166.52,-2.22,20.41,87.44,104.81,93.6,60.32,False,False,86289536592.08315,Technology services,Packaged software,NYSE,Snowflake Inc.,"Nasdaq US Large Cap Growth, ISE CTA Cloud Computing, Russell 3000, Russell 1000, STOXX Global 1800, STOXX North America 600, STOXX USA 500, STOXX Global 1800 ex Asia/Pacific, STOXX Global 1800 ex Europe, STOXX Developed Markets 2400, STOXX USA 500",13.02,4.03,314.44,291.922,0.64,2.37,0.66,2.62,2.65,10.57,True,False,False,340.48,317.962,4.2,1477438803.2095947,5380048.0,True,2A,85,3.025,15.16,53.88,49.37,3.65,3.71,4.01,1,True,1442.0,False,False,False,False,0.762,3641980.0,-1.33,-3.0,False,0.1374,0.863,True,False,-1.93,5380048.0,46.9,22.92,12.54,32.53,bullish,11.56,0.1222,0.1222,1.0,True,False,False,False,95.7,,False,94.2,0.783,3.26,False,-0.5,0.69,False,58.3,25.0,70.9,90.0,momentum,bullish,1,False,False,315.54,True,False,7,96.1,False,False,True,1.0,False,False,True,scooter,1.0,False,True
FA,20.690000534057617,-2.15,-1.8,3.76,38.63,-14.22,131.17,1.92,5.35,34.18,131.17,90.8,48.91,False,False,3056790242.695704,Technology services,Packaged software,NASDAQ,First Advantage Corporation,"NASDAQ Composite, Russell 2000, Nasdaq US Small Cap Growth, NASDAQ Industrials, Russell 3000, Mini-Russell 2000",1.094,5.29,21.068,20.774,-0.35,-0.08,-0.34,-0.08,-1.8,-0.4,False,False,False,23.256,22.961,5.11,49461401.82933998,2481178.0,True,2B,100,5.214,3.76,36.54,38.63,3.11,4.96,4.52,1,True,1249.0,False,False,False,False,0.456,1376900.0,1.47,-1.0,False,0.5985,0.402,False,False,-71.27,2481178.0,49.4,30.2,27.95,14.96,bullish,4.57,0.0865,0.085,1.02,True,False,False,False,94.0,,False,31.4,0.223,0.69,False,-0.59,0.48,False,38.3,28.3,0.0,90.0,neutral,bullish,0,False,False,21.093,False,False,8,96.0,,,,,True,False,True,minervini+scooter,2.0,True,True
CXW,33.84000015258789,2.46,4.67,9.06,51.58,-0.5,109.8,0.77,7.94,57.4,108.76,94.3,60.7,False,False,3042797773.0224643,Commercial services,Miscellaneous commercial services,NYSE,"CoreCivic, Inc.","Russell 2000, Russell 3000, Mini-Russell 2000",1.477,4.36,32.33,31.556,1.02,1.55,1.07,1.66,4.67,7.24,False,False,False,35.284,34.511,4.51,44697184.67380905,1434928.0,True,2B,100,6.532,9.06,43.37,51.58,3.65,5.03,3.97,1,True,1620.0,False,False,False,False,0.877,1548200.0,1.38,-0.5,False,0.1681,0.832,True,True,54.36,1434928.0,84.55,26.69,21.24,12.68,bullish,7.57,0.1003,0.0823,1.22,True,False,False,False,96.3,,True,41.5,0.84,1.9,False,-0.13,0.94,False,28.8,6.7,17.0,70.0,deceleration,neutral,0,False,False,32.391,True,False,8,96.0,False,False,True,1.0,True,False,True,minervini+scooter,2.0,True,True
RHI,45.119998931884766,3.79,7.83,20.6,56.48,0.0,110.98,6.24,27.85,65.21,98.51,92.8,66.32,True,False,3351137917.926221,Commercial services,Personnel services,NYSE,Robert Half Inc.,"Russell 3000, Russell 1000",1.957,4.34,41.842,38.962,1.68,3.15,1.81,3.64,7.83,15.81,True,False,False,45.755,42.875,4.1,89272572.87820816,2414198.0,True,2B,100,5.045,20.6,51.43,56.48,3.74,3.91,4.02,1,True,1620.0,False,False,False,False,1.637,2186380.0,5.22,0.83,False,0.1508,0.849,True,True,75.3,2414198.0,72.89,38.06,12.62,34.86,bullish,12.13,0.1382,0.13,1.06,True,False,False,False,96.9,,True,51.0,0.85,3.94,False,0.9,1.39,False,40.5,30.6,29.1,65.0,neutral,neutral,0,False,False,41.986,True,False,8,96.0,False,False,True,1.0,True,False,True,minervini+scooter,2.0,True,True
ILMN,223.22000122070312,8.45,11.79,18.31,51.34,0.0,145.3,15.57,15.01,54.57,85.18,94.5,71.35,True,False,26712014621.35913,Health technology,Medical specialties,NASDAQ,"Illumina, Inc.","NASDAQ Composite, Nasdaq US Mid Cap Growth, NASDAQ Biotechnology, S&P MidCap 400, Russell 3000, Russell 1000, STOXX Global 1800, STOXX North America 600, STOXX USA 500, STOXX Global 1800 ex Asia/Pacific, STOXX Global 1800 ex Europe, STOXX Developed Markets 2400, STOXX USA 500",9.102,4.08,199.679,194.131,2.59,3.2,2.89,3.68,11.79,14.98,True,False,False,217.882,212.334,3.92,372044435.59368896,1962454.0,True,2B,100,7.184,18.31,46.14,51.34,5.58,3.85,3.47,1,True,1620.0,True,False,False,False,1.063,2146840.0,16.18,1.74,False,0.1647,0.835,True,False,50.32,1962454.0,56.75,28.58,8.87,27.82,expanding,9.35,0.1398,0.0691,2.02,True,False,False,True,98.2,1w,True,89.7,0.98,3.79,False,0.37,1.15,False,69.9,43.7,84.7,90.0,deceleration,bullish,1,False,False,200.106,True,False,8,95.8,False,False,True,1.0,True,False,True,minervini+scooter,2.0,True,True
ACRS,6.309999942779541,2.35,6.03,15.19,56.09,-2.02,250.56,6.59,20.65,39.6,94.15,97.3,61.65,False,False,698318383.9103868,Health technology,Pharmaceuticals: major,NASDAQ,"Aclaris Therapeutics, Inc.","NASDAQ Composite, Russell 2000, Nasdaq US Small Cap Growth, NASDAQ Biotechnology, Nasdaq Innovators Completion Cap, Mini-Russell 2000",0.322,5.1,5.951,5.688,1.12,1.93,1.18,2.15,6.03,10.94,False,False,False,6.594,6.331,5.37,10927374.864501953,1994290.0,True,2B,100,10.146,15.19,41.28,56.09,5.09,5.43,5.06,2,True,668.0,False,False,False,False,0.682,1814640.0,7.31,-1.56,False,0.1066,0.893,True,True,46.77,1994290.0,58.39,26.36,15.42,40.38,bullish,10.11,0.1171,0.1095,1.07,True,False,False,False,96.8,,True,,0.864,2.59,False,-0.47,0.64,False,58.0,16.7,81.2,90.0,deceleration,bullish,0,False,False,5.968,True,False,8,95.8,False,False,True,1.0,True,False,True,minervini+scooter,2.0,False,True
HUM,386.6099853515625,1.27,1.4,0.82,42.22,-5.57,137.97,0.6,-0.7,25.84,115.0,89.7,53.79,False,False,46084406371.31617,Health services,Managed health care,NYSE,Humana Inc.,"S&P 500, S&P 500 Health Care, S&P 500 ESG, Russell 3000, Russell 1000, STOXX Global 1800, STOXX North America 600, STOXX USA 500, STOXX Global 1800 ex Asia/Pacific, STOXX Global 1800 ex Europe, STOXX Developed Markets 2400, STOXX USA 500",13.748,3.56,381.28,387.186,0.39,-0.04,0.39,-0.04,1.4,-0.15,False,False,False,408.776,414.682,3.85,547947780.2923584,1437656.0,True,2B,100,3.72,0.82,39.01,42.22,3.13,3.43,3.73,1,True,1620.0,False,False,False,False,1.017,1159540.0,0.68,2.04,False,0.9556,0.044,False,False,38.26,1437656.0,68.75,15.67,16.36,9.27,bullish,2.55,0.053,0.052,1.02,True,False,False,False,97.2,6m,False,94.8,0.791,0.23,False,0.03,1.01,False,38.8,25.0,25.9,70.0,deceleration,neutral,0,False,False,381.347,True,False,8,95.8,True,False,True,2.0,True,False,True,minervini+scooter,2.0,True,True
MPC,362.5199890136719,3.05,7.92,21.32,56.19,-0.74,125.5,1.49,17.55,42.75,89.24,94.1,72.85,False,False,74169415690.0893,Energy minerals,Oil refining/Marketing,NYSE,Marathon Petroleum Corporation,"S&P 500, S&P 500 Energy, S&P 500 ESG, Russell 3000, Russell 1000, STOXX Global 1800, STOXX North America 600, STOXX USA 500, STOXX Global 1800 ex Asia/Pacific, STOXX Global 1800 ex Europe, STOXX Developed Markets 2400, STOXX USA 500",10.615,2.93,335.918,311.131,2.51,4.84,2.7,5.64,7.92,16.52,True,False,False,357.149,332.361,3.12,706699545.9808044,2372108.0,True,2B,100,6.698,21.32,45.44,56.19,2.48,3.29,2.53,1,True,1620.0,False,False,False,False,0.901,2345920.0,0.12,0.5,False,0.0898,0.91,True,True,36.48,2372108.0,67.41,32.7,9.52,46.73,expanding,12.54,0.1312,0.1312,1.0,True,False,False,False,94.4,,True,91.6,0.935,6.0,False,-0.22,0.91,False,60.8,34.3,66.8,90.0,deceleration,bullish,0,False,False,337.189,True,False,8,95.7,True,False,True,2.0,True,False,True,minervini+scooter,2.0,True,True
DINO,95.18000030517578,2.27,5.61,16.5,51.75,-2.2,112.31,0.2,8.46,36.99,96.43,93.2,62.65,True,False,12311009329.9072,Energy minerals,Oil refining/Marketing,NYSE,HF Sinclair Corporation,"S&P MidCap 400, Russell 3000, Russell 1000, STOXX Developed Markets 2400",3.579,3.76,90.123,85.504,1.41,2.7,1.49,3.01,5.61,11.32,True,False,False,97.281,92.662,3.87,225748786.4083252,2746954.0,True,2B,100,6.597,16.5,41.64,51.75,3.72,3.68,3.15,1,True,1620.0,False,False,False,False,0.695,2286660.0,-0.24,-2.2,False,0.293,0.707,True,True,-41.44,2746954.0,66.51,28.6,13.52,30.93,bullish,9.83,0.1144,0.1101,1.04,True,False,False,False,94.4,,True,69.9,0.825,3.77,False,-1.11,0.71,False,37.0,25.0,0.0,90.0,neutral,bullish,0,False,False,90.372,True,False,8,95.6,True,False,True,2.0,True,False,True,minervini+scooter,2.0,True,True
RBRK,98.04000091552734,0.66,6.22,18.94,44.23,-6.71,123.78,-2.95,33.86,47.23,107.45,88.8,62.43,False,False,14887557620.904535,Technology services,Information technology services,NYSE,"Rubrik, Inc.","Nasdaq US Mid Cap Growth, ISE CTA Cloud Computing, Russell 3000, Russell 1000, STOXX Developed Markets 2400",4.779,4.87,92.298,85.305,1.2,2.67,1.28,3.06,6.22,14.93,True,False,False,101.855,94.862,4.78,262900944.75498962,3178940.0,True,2A,85,1.793,18.94,49.06,44.23,4.77,5.09,4.56,1,True,535.0,False,False,False,False,0.639,2725800.0,-1.53,-2.05,False,0.2178,0.782,True,True,26.28,3178940.0,62.71,31.18,17.92,35.2,bullish,13.68,0.1297,0.1297,1.0,True,False,False,False,95.5,,True,77.0,0.784,3.27,False,-1.02,0.62,False,48.1,21.7,41.4,90.0,acceleration,bullish,0,False,False,92.702,True,False,7,95.5,False,False,True,1.0,False,False,True,scooter,1.0,False,True
FIVN,32.77000045776367,1.68,6.82,25.66,58.48,-4.96,140.78,2.89,41.74,43.98,84.72,90.0,61.57,False,False,1632344237.4044075,Technology services,Packaged software,NASDAQ,"Five9, Inc.","NASDAQ Composite, Russell 2000, NASDAQ Computer, ISE CTA Cloud Computing, Russell 3000, Mini-Russell 2000",1.781,5.43,30.679,27.611,1.17,2.9,1.25,3.44,6.82,18.68,True,False,False,34.241,31.173,5.47,74711710.12047958,2849552.0,True,2B,100,4.179,25.66,56.81,58.48,3.79,5.9,4.72,1,True,1620.0,False,False,False,False,0.411,1528840.0,2.63,0.06,False,0.3402,0.66,False,True,32.84,2849552.0,63.17,30.28,15.62,34.29,bullish,14.67,0.142,0.142,1.0,True,False,False,False,95.1,,True,47.9,0.789,3.76,False,-0.63,0.5,False,60.7,35.0,65.6,90.0,momentum,bullish,1,False,False,30.822,True,False,8,95.4,True,False,True,2.0,True,False,True,minervini+scooter,2.0,True,True
QNST,20.489999771118164,1.44,7.31,23.5,47.58,-6.95,94.03,1.54,35.25,66.72,86.27,91.5,63.82,False,False,812277509.0825827,Commercial services,Advertising/Marketing services,NASDAQ,"QuinStreet, Inc.","NASDAQ Composite, Russell 2000, NASDAQ Industrials, Russell 3000, Mini-Russell 2000",0.899,4.39,19.094,17.478,1.55,3.35,1.67,3.93,7.31,17.23,True,False,False,20.893,19.276,3.75,14750841.071163177,846546.0,True,2A,85,3.09,23.5,49.34,47.58,3.64,4.0,3.3,1,True,1620.0,False,False,False,False,0.903,774100.0,0.44,-0.63,False,0.17,0.83,True,True,39.15,846546.0,58.58,38.63,16.93,40.63,bullish,15.42,0.1453,0.1453,1.0,True,False,False,False,97.6,3m,True,,0.751,4.34,False,0.12,1.1,False,61.5,46.6,52.8,90.0,neutral,bullish,1,False,False,19.187,True,False,7,95.4,True,False,True,2.0,False,False,True,scooter,1.0,True,True
PBT,34.75,3.71,7.81,20.33,51.84,0.0,115.2,5.56,19.06,12.41,76.75,91.7,69.11,False,False,1134458084.9468212,Miscellaneous,Investment trusts,NYSE,Permian Basin Royalty Trust,,1.627,4.68,32.232,29.675,1.55,3.12,1.67,3.65,7.81,17.1,True,False,False,35.485,32.928,5.35,3677743.415462494,124872.0,True,2B,100,6.859,20.33,41.42,51.84,3.66,5.64,3.98,1,True,1620.0,False,False,False,False,0.562,101020.0,2.27,1.4,False,0.3574,0.643,False,True,65.78,124872.0,57.69,29.41,4.47,60.46,bullish,10.63,0.1134,0.0988,1.15,True,False,False,False,93.8,,True,44.8,0.907,3.61,False,-0.39,0.75,False,42.3,21.7,47.2,64.8,deceleration,neutral,0,False,False,32.339,True,False,8,95.3,False,False,True,1.0,True,False,True,minervini+scooter,2.0,True,True
ASTC,7.440000057220459,-6.25,-9.58,-20.74,14.47,-85.06,242.86,-8.82,3.33,226.32,163.83,98.4,41.67,False,False,16751473.69,Electronic technology,Aerospace & defense,NASDAQ,Astrotech Corporation,"NASDAQ Composite, NASDAQ Industrials",1.235,16.6,8.228,8.413,-0.64,-0.79,-0.58,-0.7,-9.58,-11.56,False,False,False,10.699,10.883,15.06,3133065.3982954025,286638.0,True,2A,85,6.12,-20.74,-0.75,14.47,7.03,16.74,19.78,—,False,1.0,False,False,False,False,0.108,58000.0,-7.12,-0.93,False,0.7242,0.276,False,False,-10.13,286638.0,73.32,27.4,15.12,32.72,bearish,13.49,0.1541,0.1061,1.45,False,True,False,False,99.1,6m,False,,0.211,-1.58,False,-0.4,0.12,False,45.8,6.7,73.7,70.0,deceleration,neutral,0,False,False,8.19,False,False,5,95.3,False,False,False,0.0,False,False,True,scooter,1.0,False,True
STTK,7.900000095367432,5.45,7.87,16.77,50.54,-0.25,722.92,6.9,6.33,29.51,86.76,99.5,60.3,False,False,581998181.9018613,Health technology,Biotechnology,NASDAQ,"Shattuck Labs, Inc.","NASDAQ Composite, Nasdaq US Small Cap Growth",0.501,6.34,7.323,7.142,1.15,1.51,1.24,1.67,7.87,10.61,False,False,False,8.325,8.144,5.94,9292674.750916481,1374574.0,True,2B,100,11.433,16.77,31.78,50.54,5.07,5.84,7.09,2,True,470.0,False,False,False,True,2.27,846960.0,7.92,4.91,True,0.5766,0.423,False,False,17.82,1374574.0,47.92,27.92,15.2,25.25,bullish,7.43,0.0907,0.0648,1.4,True,False,False,False,95.2,,True,,0.918,2.27,False,0.4,1.5,False,65.7,21.7,100.0,90.0,acceleration,bullish,0,False,False,7.339,True,False,8,95.2,False,False,True,1.0,True,False,True,minervini+scooter,2.0,False,True
CMPS,14.199999809265137,4.19,7.24,10.45,61.58,-5.77,221.27,3.5,26.11,20.24,80.89,96.9,60.06,False,False,1832258336.0,Health technology,Biotechnology,NASDAQ,COMPASS Pathways Plc - American Depository Shares,"NASDAQ Composite, NASDAQ Biotechnology",0.791,5.57,13.241,12.919,1.21,1.62,1.3,1.78,7.24,9.92,False,False,False,14.824,14.501,5.22,46998330.54612732,3628236.0,True,2B,100,7.988,10.45,47.15,61.58,5.45,5.62,6.24,2,True,1440.0,False,False,False,False,0.997,2600080.0,4.8,6.53,False,0.0865,0.913,True,True,-50.26,3628236.0,76.48,27.41,14.99,27.92,bullish,7.33,0.0912,0.0792,1.15,True,False,False,False,96.4,,True,22.3,0.902,1.7,False,-0.35,0.76,False,37.9,17.6,29.2,73.5,neutral,neutral,0,False,True,13.267,True,False,8,95.1,False,False,True,1.0,True,False,True,minervini+scooter,2.0,True,True
SGMT,10.210000038146973,2.46,10.02,28.37,52.19,-3.5,124.4,-2.11,44.41,44.01,93.37,88.4,68.51,False,False,431961243.419825,Health technology,Pharmaceuticals: major,NASDAQ,Sagimet Biosciences Inc. - Series A,"NASDAQ Composite, Nasdaq US Small Cap Growth, NASDAQ Biotechnology",0.586,5.74,9.28,8.255,1.59,3.34,1.75,4.13,10.02,23.68,True,False,False,10.451,9.427,6.11,10707064.194293976,1337180.0,True,2B,100,1.711,28.37,51.52,52.19,4.64,6.69,4.91,1,True,600.0,False,False,False,False,0.919,1187140.0,-1.92,-0.39,False,0.2104,0.79,True,True,31.73,1337180.0,67.44,32.95,12.96,46.33,bullish,17.5,0.1579,0.1579,1.0,True,False,False,False,97.3,1m,True,,0.798,3.85,False,-0.08,0.93,False,51.3,20.6,52.4,90.9,neutral,bullish,0,False,False,9.332,True,False,8,95.0,False,False,True,1.0,True,False,True,minervini+scooter,2.0,True,True
TRLV,11.140000343322754,10.4,16.17,21.98,41.85,-14.31,134.03,17.63,33.25,48.53,85.05,92.9,72.17,False,False,1728841444.1607983,Process industries,Agricultural commodities/Milling,NYSE,Trulieve Cannabis Corp. Subordinate Voting Shares,,0.597,5.36,9.589,9.096,2.6,3.42,3.02,4.19,16.17,22.48,True,False,False,10.784,10.29,4.96,12124470.198005676,1304002.0,True,2B,100,2.078,21.98,38.27,41.85,5.77,5.21,5.88,2,True,1620.0,False,False,False,False,1.389,1326240.0,18.64,0.36,False,2.0885,0.0,False,False,135.67,1304002.0,81.54,30.11,8.39,29.77,expanding,10.6,0.1415,0.0632,2.24,True,False,False,False,98.6,1w,True,16.3,0.971,3.36,False,0.04,1.03,False,34.9,27.9,16.5,62.7,neutral,neutral,1,False,False,9.617,True,False,8,95.0,False,False,True,1.0,True,False,True,minervini+scooter,2.0,True,True
ZD,55.72999954223633,1.07,2.62,6.98,32.75,-0.62,110.22,2.61,8.0,27.53,88.6,90.6,58.2,False,False,1857240820.2282183,Technology services,Internet software/Services,NASDAQ,"Ziff Davis, Inc.","NASDAQ Composite, Russell 2000, NASDAQ Computer, Russell 3000, Mini-Russell 2000",1.848,3.32,54.31,53.432,0.77,1.24,0.79,1.3,2.62,4.3,False,False,False,58.005,57.128,3.41,34114354.07771301,658152.0,True,2B,100,4.553,6.98,24.98,32.75,2.17,3.48,3.23,1,True,1620.0,False,False,False,False,0.645,432100.0,0.83,-0.62,False,0.2503,0.75,True,True,-36.82,658152.0,51.2,25.29,14.06,25.9,bullish,5.04,0.0621,0.0606,1.03,True,False,False,False,84.9,,True,49.0,0.696,1.97,False,-0.89,0.61,False,57.7,23.1,64.7,96.7,momentum,bullish,0,False,False,54.384,True,False,8,94.9,True,False,True,2.0,True,False,True,minervini+scooter,2.0,True,True
CRWD,190.67999267578125,-5.77,-5.91,-1.46,37.1,-15.45,117.76,-10.86,4.04,14.96,117.71,89.9,42.01,False,False,178472855608.39038,Technology services,Packaged software,NASDAQ,"CrowdStrike Holdings, Inc.","S&P 500, NASDAQ 100, NASDAQ Composite, S&P 500 Information Technology, Nasdaq US Large Cap Growth, NASDAQ Computer, NASDAQ-100 Technology Sector, ISE CTA Cloud Computing, Russell 3000, Russell 1000, STOXX Global 1800, STOXX North America 600, STOXX USA 500, STOXX Global 1800 ex Asia/Pacific, STOXX Global 1800 ex Europe, STOXX Global 200, STOXX Developed Markets 2400, STOXX USA 500",9.169,4.81,202.667,199.173,-1.31,-0.93,-1.23,-0.89,-5.91,-4.26,False,False,False,221.006,217.512,4.62,1758591396.4546204,9182808.0,True,2B,100,5.769,-1.46,32.47,37.1,4.94,4.52,4.77,1,True,1620.0,False,False,False,False,0.943,8390780.0,-10.48,-0.66,False,0.6285,0.371,False,False,-1.81,9182808.0,40.62,24.82,29.95,23.57,transitioning,2.82,0.1208,0.0991,1.22,False,False,False,False,95.8,,False,89.8,0.31,-0.31,False,-0.61,0.79,False,49.1,25.2,49.5,80.6,neutral,bullish,0,False,False,202.876,False,False,7,94.9,False,False,True,1.0,False,False,True,scooter,1.0,False,True
STGW,8.880000114440918,0.71,2.79,12.56,39.95,-5.03,101.82,2.07,19.68,36.41,101.82,91.2,58.17,False,False,1744894648.3652427,Commercial services,Miscellaneous commercial services,NASDAQ,Stagwell Inc.,"NASDAQ Composite, Russell 2000, Nasdaq US Small Cap Growth, NASDAQ Industrials, Russell 3000, Mini-Russell 2000",0.342,3.85,8.639,8.161,0.7,2.1,0.72,2.29,2.79,8.82,True,False,False,9.323,8.845,4.12,11757463.2609272,1478830.0,True,2B,100,6.33,12.56,32.55,39.95,3.28,3.78,3.86,1,True,1620.0,False,False,False,False,0.834,1277440.0,1.95,1.72,False,0.4606,0.539,False,False,102.55,1478830.0,73.59,23.35,21.23,16.49,bullish,7.5,0.076,0.076,1.0,True,False,False,False,94.4,,False,5.9,0.655,2.89,False,-0.09,0.95,False,45.1,18.0,47.6,78.7,neutral,bullish,0,False,False,8.66,True,False,8,94.8,False,False,True,1.0,True,False,True,minervini+scooter,2.0,True,True
CYRX,16.34000015258789,2.38,4.23,5.3,42.1,-4.61,111.66,6.66,6.31,16.71,100.74,91.9,57.45,False,False,806437017.6322418,Transportation,Air freight/Couriers,NASDAQ,"CryoPort, Inc.","NASDAQ Composite, Russell 2000, NASDAQ Industrials, Nasdaq Innovators Completion Cap, Russell 3000, Mini-Russell 2000",0.73,4.46,15.677,15.63,0.91,0.97,0.95,1.02,4.23,4.54,False,False,False,17.136,17.089,3.81,10549819.73387146,674558.0,True,2B,100,5.117,5.3,34.38,42.1,5.06,4.02,4.18,1,True,1620.0,False,False,False,False,0.858,771360.0,7.29,-4.61,False,0.3749,0.625,False,True,-8.82,674558.0,66.55,24.08,14.32,23.95,bullish,4.96,0.0853,0.0378,2.26,True,False,False,False,95.5,,False,,0.701,1.13,False,-0.62,0.73,False,67.8,38.6,84.4,90.0,deceleration,bullish,0,False,False,15.691,True,False,8,94.8,False,False,True,1.0,True,False,True,minervini+scooter,2.0,True,True
CBRL,58.02000045776367,1.28,2.88,9.42,63.29,-4.42,136.62,-1.73,8.02,80.01,83.52,93.3,57.75,False,False,1181274728.5937502,Consumer services,Restaurants,NASDAQ,"Cracker Barrel Old Country Store, Inc.","NASDAQ Composite, Russell 2000, NASDAQ Industrials, Russell 3000, Mini-Russell 2000",2.475,4.27,56.393,54.658,0.66,1.36,0.68,1.44,2.88,6.15,False,False,False,61.344,59.609,3.98,51088684.82052612,976688.0,True,2B,100,6.205,9.42,52.38,63.29,4.08,3.98,4.41,1,True,1620.0,False,False,False,False,1.151,644460.0,-1.59,0.64,False,0.3524,0.648,False,False,-30.5,976688.0,46.24,26.32,18.49,26.2,bullish,7.98,0.1017,0.1002,1.01,True,False,False,True,98.0,3m,True,58.8,0.754,2.02,False,-0.26,0.89,False,47.8,17.3,39.6,96.7,neutral,bullish,0,False,False,56.509,True,False,8,94.7,True,False,True,2.0,True,False,True,minervini+scooter,2.0,True,True
SILC,41.81999969482422,-4.63,-4.08,-3.01,47.21,-17.97,209.78,-14.04,5.29,-7.74,114.35,96.0,47.2,False,False,234522430.9609684,Electronic technology,Computer communications,NASDAQ,Silicom Ltd,"NASDAQ Composite, NASDAQ Computer",4.001,9.57,43.598,42.948,-0.44,-0.28,-0.43,-0.27,-4.08,-2.63,False,False,False,51.6,50.95,9.39,8143106.243247986,187590.0,True,2B,100,9.992,-3.01,26.8,47.21,7.15,8.35,9.59,2,True,1620.0,False,False,False,False,0.728,174740.0,-11.1,-4.82,False,1.0314,0.0,False,False,78.62,187590.0,59.72,22.51,23.6,10.08,expanding,1.85,0.0631,0.0557,1.13,False,False,False,False,96.8,,False,,0.433,-0.32,False,-0.3,0.83,False,52.4,18.6,100.0,50.0,deceleration,bearish,0,False,False,43.628,False,False,7,94.6,False,False,True,1.0,False,False,True,scooter,1.0,True,True
DCTH,16.75,1.13,7.6,22.96,53.54,-3.51,104.52,-1.76,37.07,52.0,71.97,92.3,63.95,False,False,446710119.4902597,Health technology,Medical specialties,NASDAQ,"Delcath Systems, Inc.","NASDAQ Composite, Russell 2000, Nasdaq US Small Cap Growth, Mini-Russell 2000",0.703,4.2,15.567,14.029,1.68,3.87,1.81,4.62,7.6,19.4,True,False,False,16.973,15.435,4.29,7900097.654121399,556826.0,True,2B,100,4.367,22.96,47.93,53.54,3.02,4.66,3.61,1,True,1620.0,False,False,False,False,0.558,464920.0,-1.18,-2.28,False,0.141,0.859,True,True,26.44,556826.0,74.73,29.1,11.68,44.01,bullish,15.75,0.1431,0.1431,1.0,True,False,False,False,97.9,1m,True,,0.887,4.45,False,-0.31,0.75,False,36.2,22.2,45.3,45.7,neutral,neutral,0,False,False,15.647,True,False,8,94.6,False,False,True,1.0,True,False,True,minervini+scooter,2.0,True,True
CHYM,32.70000076293945,3.61,11.99,38.5,47.51,-1.12,98.91,3.97,58.05,83.71,68.9,92.3,71.45,False,False,7742308911.675972,Finance,Regional banks,NASDAQ,"Chime Financial, Inc.","NASDAQ Composite, Nasdaq US Mid Cap Growth, NASDAQ Real Estate and Other Financial Services, STOXX Developed Markets 2400",1.512,4.62,29.2,25.135,2.31,5.0,2.59,6.51,11.99,30.1,True,False,False,32.224,28.159,4.64,189520120.9944725,7504088.0,True,2A,85,4.86,38.5,50.73,47.51,4.9,5.1,3.91,1,True,252.0,False,False,False,False,0.83,9120240.0,4.74,-0.24,False,0.4036,0.596,False,True,2.01,7504088.0,68.21,36.47,9.69,57.5,bullish,21.09,0.1881,0.1881,1.0,True,False,False,False,98.7,1m/3m,False,42.2,0.914,6.01,False,0.14,1.1,False,35.7,21.7,0.0,90.0,neutral,bullish,0,False,False,29.397,True,False,7,94.6,False,False,True,1.0,False,False,True,scooter,1.0,True,True
KELYA,16.790000915527344,2.7,6.3,17.61,58.47,-1.76,112.09,4.83,11.26,58.22,83.28,92.0,66.71,False,False,463114772.3561181,Commercial services,Personnel services,NASDAQ,"Kelly Services, Inc.","NASDAQ Composite, Russell 2000, NASDAQ Industrials, Russell 3000, Mini-Russell 2000",0.606,3.61,15.795,14.947,1.64,3.04,1.74,3.41,6.3,12.33,True,False,False,17.008,16.16,3.82,5463289.004806519,388898.0,True,2B,100,3.877,17.61,49.66,58.47,2.74,3.86,3.28,1,True,1620.0,False,False,False,False,1.0,311240.0,3.48,-1.76,False,0.1765,0.824,True,True,-18.12,388898.0,69.4,44.82,12.01,50.93,bullish,11.21,0.1343,0.1275,1.05,True,False,False,False,94.8,,True,,0.726,4.15,False,-0.21,0.9,False,46.6,21.8,36.2,90.0,neutral,bullish,0,False,False,15.843,True,False,8,94.5,False,False,True,1.0,True,False,True,minervini+scooter,2.0,True,True
CLDT,13.789999961853027,3.89,4.73,5.04,50.27,0.0,128.88,6.24,2.15,29.85,92.27,93.6,65.3,False,False,633930936.245877,Finance,Real estate investment trusts,NYSE,Chatham Lodging Trust (REIT),"Russell 2000, Russell 3000, Mini-Russell 2000",0.365,2.64,13.167,13.143,1.71,1.77,1.79,1.86,4.73,4.92,False,False,False,13.896,13.873,2.78,4914308.341632843,373870.0,True,2B,100,8.17,5.04,37.32,50.27,2.5,2.69,2.76,1,True,1620.0,False,False,False,False,0.977,302020.0,6.32,1.7,False,0.4342,0.566,False,True,-2.44,373870.0,63.58,28.26,17.5,16.47,bullish,4.0,0.0766,0.0537,1.43,True,False,False,False,94.9,,True,,0.947,1.82,False,-0.39,0.83,False,49.6,43.9,16.8,90.0,neutral,bullish,0,False,False,13.174,True,False,8,94.5,True,True,True,3.0,True,True,True,minervini+canslim+scooter,3.0,True,True
GTE,9.949999809265137,4.8,12.39,32.35,47.03,0.0,190.09,6.08,35.56,17.06,59.71,93.7,67.67,False,False,220999320.06633496,Energy minerals,Oil & gas production,NYSE Arca,Gran Tierra Energy Inc.,,0.626,6.29,8.853,7.617,1.75,3.73,1.97,4.87,12.39,30.62,True,False,False,10.106,8.87,6.58,8175108.438459396,928104.0,True,2B,100,7.492,32.35,31.3,47.03,4.37,6.88,4.79,1,True,1593.0,False,False,False,False,0.315,742140.0,5.63,0.4,False,0.6842,0.316,False,True,234.93,928104.0,73.88,36.1,11.36,48.79,bullish,15.69,0.1345,0.1243,1.08,True,False,False,False,98.5,1m,False,,0.697,3.88,False,-0.12,0.63,False,39.0,8.8,68.3,50.0,neutral,bearish,0,False,False,8.902,True,False,7,94.5,False,False,True,1.0,False,False,True,scooter,1.0,False,True
PTRN,21.479999542236328,0.68,-3.23,-9.75,30.69,,,3.92,-3.11,17.89,123.28,,44.41,False,False,4050233544.97017,Commercial services,Advertising/Marketing services,NASDAQ,Pattern Group Inc. - Series A,"NASDAQ Composite, NASDAQ Industrials",1.443,6.72,22.198,24.488,-0.5,-2.08,-0.48,-1.83,-3.23,-12.28,False,False,False,25.085,27.374,6.63,53395530.85580444,2254224.0,True,2B,100,4.378,-9.75,24.7,30.69,5.28,6.98,6.77,2,True,184.0,False,False,False,False,0.878,1588700.0,5.81,2.92,False,1.5263,0.0,False,False,23.7,2254224.0,35.34,16.17,25.72,33.05,bearish,4.88,0.0621,0.0621,1.0,False,True,False,False,95.4,,False,40.3,0.312,-1.61,False,-0.52,0.69,False,53.8,16.7,67.1,90.0,momentum,bullish,0,False,False,22.136,False,False,4,94.4,True,False,True,2.0,False,False,True,scooter,1.0,False,True
ZETA,28.46999931335449,1.29,7.22,24.81,45.35,-3.88,95.67,-1.25,48.82,51.52,90.05,91.8,61.99,False,False,4730909261.799776,Technology services,Packaged software,NYSE,Zeta Global Holdings Corp.,"Russell 2000, Nasdaq US Small Cap Growth, Russell 3000, Mini-Russell 2000, STOXX Developed Markets 2400",1.459,5.12,26.553,23.743,1.31,3.24,1.41,3.88,7.22,19.91,True,False,False,29.471,26.661,5.18,204778717.44695282,8945892.0,True,2B,100,4.228,24.81,45.19,45.35,4.35,5.61,4.7,1,True,1258.0,False,False,False,False,0.336,4910920.0,-0.32,-2.06,False,0.3148,0.685,False,True,-45.07,8945892.0,75.27,28.9,14.1,43.47,bullish,15.07,0.1359,0.1359,1.0,True,False,False,False,97.4,1m,True,40.8,0.852,3.88,False,-1.13,0.35,False,58.4,10.0,91.4,90.0,acceleration,bullish,0,False,False,26.685,True,False,8,94.3,False,False,True,1.0,True,False,True,minervini+scooter,2.0,True,True
TWLO,222.58999633789065,-1.6,0.62,7.0,40.44,-13.03,122.39,-2.63,16.26,18.47,105.15,92.6,52.42,False,False,29075320013.354366,Technology services,Packaged software,NYSE,Twilio Inc.,"ISE CTA Cloud Computing, S&P MidCap 400, Russell 3000, Russell 1000, STOXX Global 1800, STOXX North America 600, STOXX USA 500, STOXX Global 1800 ex Asia/Pacific, STOXX Global 1800 ex Europe, STOXX Developed Markets 2400, STOXX USA 500",12.197,5.48,221.226,212.254,0.11,0.85,0.11,0.89,0.62,4.87,False,False,False,245.619,236.647,5.07,464805303.35931396,2202966.0,True,2B,100,7.091,7.0,32.86,40.44,4.32,5.53,4.67,1,True,1620.0,False,False,False,False,0.527,1843700.0,-3.49,-1.2,False,0.5045,0.495,False,False,-11.4,2202966.0,55.32,24.48,20.38,20.19,bullish,6.04,0.0669,0.0669,1.0,True,False,False,False,94.5,,False,93.3,0.528,1.19,False,-0.72,0.63,False,52.9,33.7,41.5,90.0,neutral,bullish,0,False,True,221.698,True,False,8,94.3,,,,,True,False,True,minervini+scooter,2.0,True,True
VLO,346.0,1.99,5.99,17.61,50.61,-1.16,143.06,-0.34,14.82,40.65,76.8,94.6,68.02,True,False,77015451759.48239,Energy minerals,Oil refining/Marketing,NYSE,Valero Energy Corporation,"S&P 500, S&P 500 Energy, S&P 500 ESG, Russell 3000, Russell 1000, STOXX Global 1800, STOXX North America 600, STOXX USA 500, STOXX Global 1800 ex Asia/Pacific, STOXX Global 1800 ex Europe, STOXX Developed Markets 2400, STOXX USA 500",10.685,3.09,326.459,306.233,1.83,3.72,1.94,4.21,5.99,12.99,True,False,False,347.829,327.603,3.14,841015575.6256409,2912942.0,True,2B,100,7.595,17.61,38.91,50.61,2.48,3.07,2.88,1,True,1620.0,False,False,False,False,0.798,2053980.0,-1.15,-0.82,False,0.1546,0.845,True,True,-18.62,2912942.0,60.49,27.82,10.99,36.53,expanding,10.77,0.1133,0.1133,1.0,True,False,False,False,93.6,,True,91.7,0.886,4.85,False,-0.78,0.7,False,62.3,25.0,84.3,90.0,deceleration,bullish,1,False,False,327.524,True,False,8,94.2,True,False,True,2.0,True,False,True,minervini+scooter,2.0,True,True
BLFS,37.18999862670898,3.73,8.47,21.83,48.94,0.0,104.9,4.91,24.05,55.28,62.54,89.8,78.24,False,False,1400742066.677818,Health technology,Medical specialties,NASDAQ,"BioLife Solutions, Inc.","NASDAQ Composite, Russell 2000, Nasdaq US Small Cap Growth, Russell 3000, Mini-Russell 2000",1.162,3.13,34.287,31.601,2.5,4.81,2.71,5.66,8.47,17.69,True,False,False,36.612,33.926,2.93,35295900.19419098,1170260.0,True,2A,85,2.715,21.83,49.43,48.94,3.46,2.72,3.25,1,True,1620.0,False,False,False,False,0.806,614780.0,5.06,0.24,False,0.046,0.954,True,True,-15.63,1170260.0,78.49,37.29,3.42,75.2,bullish,13.0,0.1418,0.1224,1.16,True,False,False,False,95.0,,True,33.0,0.887,5.73,False,-0.4,0.47,False,61.0,10.0,100.0,90.0,deceleration,bullish,0,False,False,34.418,True,False,7,94.1,False,False,True,1.0,False,False,True,scooter,1.0,True,True
NEO,16.40999984741211,0.3,3.27,13.01,44.79,-3.36,154.42,1.55,18.14,77.79,64.59,95.6,57.74,False,False,1845100814.8543332,Health services,Medical/Nursing services,NASDAQ,"NeoGenomics, Inc.","NASDAQ Composite, Russell 2000, Nasdaq US Small Cap Growth, Russell 3000, Mini-Russell 2000",0.72,4.39,15.89,15.209,0.72,1.67,0.75,1.8,3.27,7.9,False,False,False,17.33,16.649,4.17,43156154.39567375,3088114.0,True,2A,85,5.685,13.01,46.51,44.79,4.12,3.56,4.21,1,True,1620.0,False,False,False,False,0.466,1496040.0,2.31,-3.36,False,0.2358,0.764,True,True,-47.73,3088114.0,36.62,24.79,10.06,39.18,bullish,10.47,0.1203,0.1154,1.04,True,False,False,False,97.2,3m,True,20.3,0.834,2.62,False,-0.77,0.35,False,45.1,10.0,67.0,70.0,momentum,neutral,0,False,False,15.937,True,False,7,94.0,False,False,True,1.0,False,False,True,scooter,1.0,True,True
TGTX,56.0099983215332,8.05,8.66,5.67,47.63,-5.16,107.91,13.66,-0.05,44.1,83.22,92.7,62.89,False,False,8546656016.974267,Health technology,Pharmaceuticals: major,NASDAQ,"TG Therapeutics, Inc.","NASDAQ Composite, Russell 2000, Nasdaq US Small Cap Growth, Russell 3000, Mini-Russell 2000, STOXX Developed Markets 2400",2.578,4.6,51.545,53.093,1.73,1.13,1.88,1.19,8.66,5.49,False,False,False,56.701,58.25,4.29,134605910.60985565,2542102.0,True,2B,100,4.515,5.67,39.01,47.63,6.2,4.11,4.44,1,True,1620.0,True,False,False,False,1.144,2660780.0,13.66,3.21,False,0.9654,0.035,False,False,175.16,2542102.0,67.35,27.27,16.36,22.22,bullish,3.29,0.0893,0.0441,2.03,True,False,False,False,97.5,1w,False,60.4,0.925,1.17,False,0.21,1.11,False,42.1,19.9,51.3,62.3,neutral,neutral,0,False,False,51.541,True,False,8,94.0,False,False,True,1.0,True,False,True,minervini+scooter,2.0,True,True
NBIS,210.91000366210935,-6.76,-4.72,-5.37,40.84,-26.43,229.24,-21.55,12.32,-1.8,109.63,95.7,47.65,False,False,60471601180.33279,Technology services,Packaged software,NASDAQ,Nebius Group N.V.,"NASDAQ 100, NASDAQ Composite, NASDAQ Computer, NASDAQ-100 Technology Sector, STOXX Global 1800, STOXX North America 600, STOXX USA 500, STOXX Global 1800 ex Asia/Pacific, STOXX Global 1800 ex Europe, STOXX Developed Markets 2400, STOXX USA 500",24.17,11.46,221.353,212.577,-0.43,-0.07,-0.41,-0.07,-4.72,-0.78,False,False,False,269.693,260.917,10.19,5056198566.177063,22795398.0,True,2B,100,6.731,-5.37,25.39,40.84,8.45,9.28,10.71,3,True,412.0,False,False,False,False,0.583,27710680.0,-21.51,-3.75,False,0.7968,0.203,False,False,-0.39,22795398.0,52.24,26.35,30.35,12.76,transitioning,3.49,0.0735,0.0639,1.15,False,False,False,False,98.2,6m,False,97.8,0.482,-0.49,False,-0.58,0.74,False,49.0,10.0,100.0,50.0,momentum,bearish,0,False,False,221.701,True,False,6,94.0,False,False,True,1.0,False,False,True,scooter,1.0,True,True
CRSR,10.90999984741211,-5.96,-4.83,6.35,48.76,-23.97,138.21,-10.87,10.76,41.69,102.04,91.8,47.11,False,False,920255845.7113634,Technology services,Packaged software,NASDAQ,"Corsair Gaming, Inc.","NASDAQ Composite, Russell 2000, NASDAQ Industrials, Russell 3000, Mini-Russell 2000",0.794,7.27,11.464,10.654,-0.7,0.32,-0.66,0.33,-4.83,2.4,False,False,False,13.051,12.241,7.23,21120613.426237106,1986266.0,True,2B,100,5.241,6.35,41.13,48.76,3.79,7.57,5.99,2,True,1437.0,False,False,False,False,0.786,1639120.0,-8.86,-0.18,False,0.6124,0.388,False,False,47.49,1986266.0,43.57,27.99,26.03,22.64,transitioning,6.53,0.1454,0.136,1.07,False,False,False,False,95.3,,False,,0.196,0.82,False,-0.14,0.91,False,51.1,22.2,50.8,90.0,neutral,bullish,0,False,False,11.493,False,False,8,93.9,False,False,True,1.0,True,False,True,minervini+scooter,2.0,True,True
EXPE,339.1300048828125,4.73,8.65,20.53,32.89,0.0,80.67,6.48,30.46,58.33,80.67,91.1,69.21,True,False,31541683115.18948,Consumer services,Other consumer services,NASDAQ,"Expedia Group, Inc.","S&P 500, NASDAQ Composite, S&P 500 Consumer Discretionary, S&P 500 ESG, NASDAQ Industrials, Russell 3000, Russell 1000, STOXX Global 1800, STOXX North America 600, STOXX USA 500, STOXX Global 1800 ex Asia/Pacific, STOXX Global 1800 ex Europe, STOXX Developed Markets 2400, STOXX USA 500",12.416,3.66,312.134,290.58,2.17,3.91,2.36,4.56,8.65,16.71,True,False,False,336.966,315.411,3.85,450340743.003479,1601674.0,True,2A,85,4.009,20.53,35.56,32.89,3.26,3.77,3.31,1,True,1620.0,False,False,False,False,0.946,1217280.0,7.06,5.44,False,0.2672,0.733,True,False,-3.27,1601674.0,56.86,32.17,11.9,42.21,bullish,10.73,0.1105,0.0934,1.18,True,False,False,False,95.4,,True,93.6,0.968,4.65,False,-0.07,0.98,False,36.1,18.0,39.2,57.2,deceleration,neutral,0,False,False,313.189,True,False,7,93.9,,,,,False,False,True,scooter,1.0,True,True
NTAP,186.8600006103516,-3.86,-1.49,7.73,47.64,-9.76,100.18,-8.49,11.4,34.49,87.39,91.4,50.33,False,False,29867991382.122063,Electronic technology,Computer peripherals,NASDAQ,"NetApp, Inc.","S&P 500, NASDAQ Composite, S&P 500 Information Technology, S&P 500 ESG, NASDAQ Computer, ISE CTA Cloud Computing, Russell 3000, Russell 1000, STOXX Global 1800, STOXX North America 600, STOXX USA 500, STOXX Global 1800 ex Asia/Pacific, STOXX Global 1800 ex Europe, STOXX Developed Markets 2400, STOXX USA 500",7.391,3.96,189.685,177.486,-0.38,1.27,-0.38,1.34,-1.49,5.28,False,False,False,204.468,192.269,3.94,469912532.2465515,2723268.0,True,2B,100,6.319,7.73,41.19,47.64,3.9,3.92,3.72,1,True,1620.0,False,False,False,False,0.9,2242620.0,-7.35,-2.81,False,0.2556,0.744,True,False,20.21,2723268.0,38.82,22.88,21.46,35.05,bullish,8.18,0.103,0.1011,1.02,True,False,False,False,95.4,,False,86.1,0.511,1.81,False,-0.39,0.84,False,49.2,25.3,31.3,99.0,deceleration,bullish,0,False,False,190.205,True,False,8,93.9,False,False,True,1.0,True,False,True,minervini+scooter,2.0,False,True
AMD,456.75,-4.26,-5.94,-10.37,38.03,-21.37,202.2,-9.73,-12.49,-2.3,132.32,94.7,42.46,False,False,850488665310.0883,Electronic technology,Semiconductors,NASDAQ,"Advanced Micro Devices, Inc.","S&P 500, NASDAQ 100, NASDAQ Composite, PHLX Semiconductor Sector, S&P 500 Information Technology, Nasdaq US Large Cap Growth, NASDAQ Computer, NASDAQ-100 Technology Sector, NASDAQ CB Insights Metaverse US, S&P 100, Russell 3000, Russell 1000, STOXX Global 1800, STOXX North America 600, STOXX USA 500, STOXX Global 1800 ex Asia/Pacific, STOXX Global 1800 ex Europe, STOXX Americas 100, STOXX Global 200, STOXX Developed Markets 2400, STOXX USA 500",27.961,6.12,485.569,505.467,-1.03,-1.74,-0.97,-1.57,-5.94,-9.64,False,False,False,541.49,561.388,5.14,14174076601.227783,27716474.0,True,2B,100,7.751,-10.37,24.22,38.03,3.89,4.22,6.11,2,True,1620.0,False,False,False,False,0.642,17771080.0,-6.32,-3.49,False,2.2866,0.0,False,False,-29.37,27716474.0,40.61,21.62,30.49,10.15,transitioning,2.35,0.0598,0.0403,1.48,False,False,False,False,98.1,6m,False,98.2,0.308,-1.89,False,-1.37,0.6,False,44.4,24.1,48.0,68.0,neutral,neutral,0,False,False,484.944,False,False,7,93.9,True,True,True,3.0,False,True,True,canslim+scooter,2.0,True,True
FTNT,151.99000549316406,-2.41,-3.22,-2.69,42.69,-9.69,102.03,-2.48,-0.25,13.48,101.04,91.6,44.16,False,False,110886326360.75468,Technology services,Information technology services,NASDAQ,"Fortinet, Inc.","S&P 500, NASDAQ 100, NASDAQ Composite, S&P 500 Information Technology, S&P 500 ESG, Nasdaq US Large Cap Growth, NASDAQ Computer, NASDAQ-100 Technology Sector, Russell 3000, Russell 1000, STOXX Global 1800, STOXX North America 600, STOXX USA 500, STOXX Global 1800 ex Asia/Pacific, STOXX Global 1800 ex Europe, STOXX Developed Markets 2400, STOXX USA 500",6.032,3.97,157.04,158.439,-0.84,-1.07,-0.81,-1.03,-3.22,-4.07,False,False,False,169.103,170.502,4.38,861270343.4189148,5547886.0,True,2B,100,7.431,-2.69,32.06,42.69,3.26,3.67,4.16,1,True,1620.0,False,False,False,False,0.637,4100120.0,-2.57,-0.99,False,1.0311,0.0,False,False,-9.35,5547886.0,44.16,17.06,20.11,18.55,transitioning,1.15,0.0782,0.0738,1.06,False,False,False,False,95.3,,False,81.8,0.29,-0.7,False,-0.83,0.62,False,44.1,25.1,48.9,64.7,neutral,neutral,0,False,False,157.038,False,False,7,93.8,True,True,True,3.0,False,True,True,canslim+scooter,2.0,False,True
BDL,50.38999938964844,6.62,11.01,16.79,47.07,0.0,92.37,5.22,27.76,58.01,57.19,91.0,62.48,True,False,81780467.50561798,Consumer services,Restaurants,NYSE Arca,"Flanigan's Enterprises, Inc.",,2.988,5.93,45.393,43.386,1.67,2.34,1.86,2.72,11.01,16.14,True,False,False,51.368,49.362,5.96,1562861.5363311768,36310.0,True,2B,100,4.092,16.79,41.48,47.07,4.97,5.71,5.56,2,True,1620.0,False,False,False,False,1.107,28920.0,3.26,4.72,False,0.1944,0.806,True,True,3.04,36310.0,78.84,27.13,11.55,25.53,expanding,10.5,0.1241,0.1029,1.21,True,False,False,False,96.0,,True,,0.923,2.42,False,0.2,1.21,False,40.6,19.1,32.7,77.3,neutral,neutral,0,False,False,45.527,True,False,8,93.8,False,False,False,0.0,True,False,True,minervini+scooter,2.0,True,True
CTRN,74.3499984741211,2.83,5.36,15.23,49.73,-2.4,141.87,2.31,18.17,74.49,70.37,95.5,63.53,False,False,492460584.7783707,Retail trade,Apparel/Footwear retail,NASDAQ,"Citi Trends, Inc.","NASDAQ Composite, Russell 2000, Nasdaq US Small Cap Growth, NASDAQ Industrials, Mini-Russell 2000",3.187,4.29,70.57,66.074,1.19,2.6,1.25,2.92,5.36,12.53,True,False,False,76.944,72.448,3.87,11236989.705039978,179258.0,True,2B,100,7.751,15.23,43.5,49.73,3.83,4.03,4.21,1,True,1620.0,False,False,False,False,1.219,136680.0,2.27,3.68,False,0.3463,0.654,False,True,65.68,179258.0,47.61,28.14,19.25,30.24,bullish,9.41,0.104,0.0963,1.08,True,False,False,False,95.0,,True,,0.733,3.08,False,-0.15,0.87,False,58.2,13.3,86.2,90.0,momentum,bullish,0,False,False,70.769,True,False,8,93.7,True,False,True,2.0,True,False,True,minervini+scooter,2.0,True,True
TRT,10.09000015258789,-8.11,-7.5,-9.02,22.55,-49.68,293.37,-13.02,9.32,-26.99,120.31,96.4,42.81,False,False,119025280.54681028,Producer manufacturing,Industrial machinery,NYSE Arca,Trio-Tech International,,0.917,9.08,10.908,10.606,-0.89,-0.56,-0.83,-0.54,-7.5,-4.86,False,False,False,12.741,12.439,7.93,6148135.574373245,513580.0,True,2B,100,9.488,-9.02,8.82,22.55,7.18,7.71,10.58,3,True,34.0,False,False,False,False,0.902,202060.0,-9.91,-8.27,False,0.5771,0.423,False,False,-49.26,513580.0,46.96,19.91,20.54,14.63,bearish_crossover,0.12,0.0409,0.0208,1.96,False,False,False,False,97.5,6m,False,,0.377,-1.09,False,-0.59,0.44,False,33.6,7.6,52.0,50.0,neutral,bearish,0,False,False,10.912,True,False,6,93.7,False,False,True,1.0,False,False,True,scooter,1.0,False,True
IRDM,47.29999923706055,-2.91,-2.7,-1.62,45.19,-15.11,203.81,-5.49,3.32,-2.85,105.95,94.4,44.39,False,False,4601271481.330784,Communications,Specialty telecommunications,NASDAQ,Iridium Communications Inc,"NASDAQ Composite, Nasdaq US Small Cap Growth, NASDAQ Telecommunications, Russell 3000, Russell 1000, STOXX Developed Markets 2400",1.612,3.41,48.611,49.08,-0.81,-1.1,-0.79,-1.06,-2.7,-3.63,False,False,False,51.834,52.304,3.13,104854016.91062164,2147396.0,True,2B,100,10.246,-1.62,25.48,45.19,2.2,2.69,4.12,1,True,1620.0,False,False,False,False,0.565,948560.0,-3.51,-3.43,False,0.8237,0.176,False,False,-60.09,2147396.0,49.39,18.69,22.5,9.52,transitioning,1.6,0.0474,0.0398,1.19,False,False,False,False,96.1,,False,44.5,0.457,-0.48,False,-0.78,0.3,False,49.5,44.9,15.0,90.0,neutral,bullish,2,False,False,48.628,False,False,7,93.6,False,True,True,2.0,False,False,True,scooter,1.0,False,True
ECPG,103.16000366210938,2.73,5.28,11.62,43.21,-0.56,154.53,-0.5,14.42,28.63,82.33,94.7,61.04,False,False,1942930121.3772032,Finance,Finance/Rental/Leasing,NASDAQ,Encore Capital Group Inc,"NASDAQ Composite, Russell 2000, Nasdaq US Small Cap Growth, NASDAQ Real Estate and Other Financial Services, Russell 3000, Mini-Russell 2000",3.845,3.73,97.987,94.339,1.35,2.29,1.42,2.51,5.28,9.35,True,False,False,105.678,102.03,3.68,33320722.0521698,359834.0,True,2B,100,8.303,11.62,31.49,43.21,3.01,3.85,3.24,1,True,1620.0,False,False,False,False,0.683,314860.0,-0.27,1.93,False,0.0317,0.968,True,True,46.54,359834.0,65.0,26.61,23.93,17.36,bullish,6.96,0.078,0.0703,1.11,True,False,False,False,88.3,,True,72.0,0.861,2.79,False,-0.6,0.69,False,61.0,10.0,100.0,90.0,momentum,bullish,0,False,False,98.193,True,False,8,93.6,False,False,True,1.0,True,False,True,minervini+scooter,2.0,True,True
UMAC,24.56999969482422,-9.29,-4.7,8.41,47.13,-27.86,216.62,-18.51,26.91,46.42,77.91,96.3,48.88,False,False,912863892.1052632,Electronic technology,Electronic equipment/Instruments,NYSE Arca,"Unusual Machines, Inc.",Nasdaq US Small Cap Growth,3.036,12.36,25.781,22.696,-0.4,0.62,-0.38,0.67,-4.7,8.25,False,False,False,31.854,28.769,11.58,108949688.38571548,4577704.0,True,2B,100,7.664,8.41,32.97,47.13,12.37,11.9,9.86,2,True,362.0,False,False,False,False,0.915,5253600.0,-14.06,-10.43,False,1.1122,0.0,False,False,162.89,4577704.0,45.58,22.72,20.09,26.73,bullish,12.0,0.1296,0.1296,1.0,True,False,False,False,94.3,,False,,0.417,0.63,False,0.05,1.03,False,39.7,10.0,29.0,90.0,neutral,bullish,0,False,False,25.901,True,False,7,93.5,False,False,True,1.0,False,False,True,scooter,1.0,False,True
PKOH,44.81999969482422,-3.04,0.08,11.64,55.76,-14.64,142.18,-8.29,16.88,44.34,73.15,95.7,53.21,False,False,562392446.1206896,Producer manufacturing,Metal fabrication,NASDAQ,Park-Ohio Holdings Corp.,"NASDAQ Composite, Russell 2000, NASDAQ Industrials, Mini-Russell 2000",2.155,4.81,44.785,41.183,0.02,1.69,0.02,1.84,0.08,8.83,False,False,False,49.095,45.492,5.03,4031041.956298828,97376.0,True,2B,100,9.532,11.64,42.83,55.76,3.54,5.69,4.19,1,True,1620.0,False,False,False,False,0.744,79740.0,-7.57,-1.93,False,0.2664,0.734,True,False,74.79,97376.0,63.77,29.31,16.81,42.62,bullish,10.16,0.1117,0.1117,1.0,True,False,False,False,93.5,,False,,0.468,2.17,False,-0.22,0.87,False,61.5,31.8,72.4,90.0,acceleration,bullish,0,False,False,44.942,True,False,8,93.4,True,True,True,3.0,True,True,True,minervini+canslim+scooter,3.0,True,True
LQDA,70.2699966430664,-6.26,-10.06,-11.18,42.04,-22.81,222.34,-9.56,-18.5,15.23,114.63,95.5,38.58,False,False,6951509457.082424,Health technology,Pharmaceuticals: major,NASDAQ,Liquidia Corporation,"NASDAQ Composite, Russell 2000, Nasdaq US Small Cap Growth, Russell 3000, Mini-Russell 2000, STOXX Developed Markets 2400",4.975,7.08,78.134,80.625,-1.58,-2.08,-1.42,-1.81,-10.06,-12.84,False,False,False,88.084,90.574,6.73,147349789.54370117,1904102.0,True,2B,100,13.236,-11.18,27.42,42.04,5.15,6.75,6.84,2,True,1620.0,False,False,False,False,0.798,1435640.0,-7.78,2.4,False,1.5514,0.0,False,False,27.49,1904102.0,29.6,12.07,28.16,26.99,transitioning,3.48,0.1482,0.1423,1.04,False,False,False,False,97.4,6m,False,78.0,0.115,-1.78,False,-0.36,0.68,False,48.2,26.4,35.5,90.0,neutral,bullish,0,False,False,78.012,False,False,7,93.4,False,False,True,1.0,False,False,True,scooter,1.0,True,True
AMCX,12.420000076293944,2.8,6.63,16.68,38.85,0.0,90.49,2.73,26.86,34.42,59.85,89.2,66.89,True,False,442791348.2666667,Consumer services,Cable/Satellite TV,NASDAQ,AMC Global Media Inc.,"NASDAQ Composite, Russell 2000, NASDAQ Industrials, Russell 3000, Mini-Russell 2000",0.509,4.1,11.648,10.895,1.52,3.0,1.62,3.42,6.63,13.99,True,False,False,12.665,11.913,4.55,6980816.423652649,648466.0,True,2B,100,4.775,16.68,38.54,38.85,2.81,3.73,4.01,1,True,1620.0,False,False,False,False,0.578,544480.0,2.31,0.24,False,0.1527,0.847,True,True,32.48,648466.0,72.42,30.75,13.82,27.06,bullish,10.1,0.1069,0.1016,1.05,True,False,False,False,91.9,,True,,0.918,3.49,False,-0.35,0.75,False,34.3,18.9,45.5,43.5,neutral,neutral,0,False,False,11.684,True,False,8,93.4,False,True,True,2.0,True,False,True,minervini+scooter,2.0,True,True
DDOG,225.7700042724609,-6.01,-8.35,-9.42,29.3,-21.65,120.02,-8.71,-8.54,1.55,120.02,86.7,40.23,False,False,85348577297.24994,Technology services,Packaged software,NASDAQ,"Datadog, Inc.","S&P 500, NASDAQ 100, NASDAQ Composite, S&P 500 Information Technology, Nasdaq US Large Cap Growth, NASDAQ Computer, NASDAQ-100 Technology Sector, ISE CTA Cloud Computing, Russell 3000, Russell 1000, STOXX Global 1800, STOXX North America 600, STOXX USA 500, STOXX Global 1800 ex Asia/Pacific, STOXX Global 1800 ex Europe, STOXX Developed Markets 2400, STOXX USA 500",14.314,6.34,246.348,254.84,-1.44,-2.03,-1.32,-1.8,-8.35,-11.41,False,False,False,274.975,283.467,6.16,1184798271.0386047,4762136.0,True,2B,100,5.659,-9.42,23.93,29.3,4.44,5.98,5.58,2,True,1620.0,False,False,False,False,0.516,3366620.0,-9.25,-4.18,False,1.7335,0.0,False,False,-15.52,4762136.0,44.99,16.68,29.52,18.29,transitioning,2.21,0.0971,0.0767,1.27,False,False,False,False,96.3,,False,95.1,0.008,-1.64,False,-0.89,0.58,False,45.0,27.5,42.3,71.1,neutral,neutral,0,False,False,246.066,False,False,7,93.3,True,False,True,2.0,False,False,True,scooter,1.0,True,True
NSIT,145.2899932861328,-1.31,2.24,14.89,53.39,-7.22,125.5,-2.69,23.49,48.66,75.11,89.0,59.61,False,False,3609066264.419842,Technology services,Information technology services,NASDAQ,"Insight Enterprises, Inc.","NASDAQ Composite, Russell 2000, NASDAQ Computer, Russell 3000, Mini-Russell 2000",5.688,3.91,142.104,130.336,0.56,2.63,0.57,2.93,2.24,11.47,True,False,False,153.48,141.712,4.32,54393858.84301758,430954.0,True,2B,100,4.147,14.89,48.49,53.39,3.4,4.53,3.68,1,True,1620.0,False,False,False,False,0.554,248280.0,-1.75,-1.42,False,0.2065,0.793,True,False,-59.39,430954.0,70.0,19.8,17.76,31.12,bullish,11.32,0.1144,0.1144,1.0,True,False,False,False,93.2,,False,80.8,0.658,3.31,False,-0.83,0.57,False,40.5,13.3,27.3,90.0,neutral,bullish,0,False,False,142.627,True,False,8,93.2,True,False,True,2.0,True,False,True,minervini+scooter,2.0,True,True
KZIA,13.199999809265137,-2.14,-1.13,-1.72,28.86,-16.03,164.0,-2.65,7.67,-3.37,124.11,89.6,49.02,False,False,157796994.0,Health technology,Biotechnology,NASDAQ,Kazia Therapeutics Limited,NASDAQ Composite,1.01,7.65,13.351,13.247,-0.15,-0.05,-0.15,-0.05,-1.13,-0.35,False,False,False,15.371,15.266,7.78,2406754.4608364105,180612.0,True,2B,100,6.136,-1.72,22.99,28.86,7.28,7.54,8.02,2,True,130.0,False,False,False,False,0.325,122720.0,-1.27,-1.57,False,0.6298,0.37,False,False,-16.03,180612.0,54.31,21.2,18.48,12.1,bullish,2.39,0.0345,0.0345,1.0,True,False,False,False,81.9,,False,,0.489,-0.23,False,-1.61,0.34,False,27.2,19.4,40.3,24.3,deceleration,bearish,0,False,False,13.359,True,False,7,93.1,False,False,True,1.0,False,False,True,scooter,1.0,True,True
PAY,39.93999862670898,1.03,5.71,28.27,39.1,-10.45,97.62,-1.77,38.34,70.32,63.69,86.8,59.33,False,False,2947255788.390691,Commercial services,Miscellaneous commercial services,NYSE,"Paymentus Holdings, Inc.","Nasdaq US Small Cap Growth, KBW NASDAQ Financial Technology",2.07,5.18,37.782,33.586,1.04,3.07,1.1,3.65,5.71,18.92,True,False,False,41.921,37.725,6.04,40706748.022182465,1309222.0,True,2A,85,3.108,28.27,46.36,39.1,4.48,6.06,4.09,1,True,1268.0,False,False,False,False,0.704,1373760.0,-1.84,-0.15,False,0.5593,0.441,False,True,49.41,1309222.0,33.39,29.32,14.98,48.75,bullish,15.04,0.136,0.136,1.0,True,False,False,False,98.1,3m,False,53.1,0.605,4.25,False,-0.22,0.74,False,54.2,18.3,66.3,90.0,deceleration,bullish,1,False,False,37.97,True,False,7,93.1,True,False,True,2.0,False,False,True,scooter,1.0,False,True
MANH,213.17999267578125,4.54,10.05,27.47,36.44,-2.8,76.36,8.51,40.56,53.77,63.86,84.0,71.87,False,False,8155840336.390083,Technology services,Packaged software,NASDAQ,"Manhattan Associates, Inc.","NASDAQ Composite, Nasdaq US Mid Cap Growth, NASDAQ Computer, S&P MidCap 400, Russell 3000, Russell 1000, STOXX Developed Markets 2400",8.351,3.92,193.707,175.394,2.33,4.52,2.57,5.5,10.05,21.54,True,False,False,210.408,192.096,3.77,148414402.71401978,857204.0,True,2A,85,0.214,27.47,42.0,36.44,3.27,3.26,3.39,1,True,1620.0,False,False,False,False,1.056,991200.0,7.13,-0.64,False,0.3139,0.686,False,False,112.63,857204.0,71.13,40.24,12.21,48.14,bullish,14.47,0.1501,0.1162,1.29,True,False,False,False,96.5,,False,88.3,0.947,5.5,False,0.74,1.35,False,65.7,21.7,100.0,90.0,deceleration,bullish,0,False,False,194.566,True,False,7,93.1,False,False,True,1.0,False,False,True,scooter,1.0,False,True
CLMT,47.31999969482422,-0.56,3.58,16.17,56.42,-6.87,196.68,-2.13,13.5,38.28,63.17,96.7,57.57,False,False,3057121996.920922,Energy minerals,Oil refining/Marketing,NASDAQ,"Calumet, Inc","NASDAQ Composite, Russell 2000, Nasdaq US Small Cap Growth, NASDAQ Industrials, Russell 3000, Mini-Russell 2000",2.183,4.61,45.683,42.554,0.75,2.18,0.78,2.43,3.58,11.2,True,False,False,50.049,46.92,4.68,46490282.05112457,1127292.0,True,2B,100,9.458,16.17,39.88,56.42,4.92,5.02,3.8,1,True,1601.0,False,False,False,False,0.778,1028060.0,-3.63,-3.45,False,0.1768,0.823,True,False,11.38,1127292.0,63.04,26.49,17.9,33.74,bullish,11.38,0.1147,0.1147,1.0,True,False,False,False,93.2,,False,54.8,0.675,3.02,False,-0.3,0.86,False,60.2,35.9,62.9,90.0,deceleration,bullish,0,False,False,45.844,True,False,8,93.0,False,False,True,1.0,True,False,True,minervini+scooter,2.0,True,True
FCEL,18.75,-6.84,-9.2,-14.56,44.35,-47.93,378.32,-16.14,-11.81,-25.03,143.82,97.9,44.39,False,False,1622596037.8625958,Electronic technology,Electronic equipment/Instruments,NASDAQ,"FuelCell Energy, Inc.","NASDAQ Composite, NASDAQ Industrials, NASDAQ Clean Edge Green Energy, Nasdaq Innovators Completion Cap",2.691,14.35,20.65,22.191,-0.71,-1.28,-0.64,-1.08,-9.2,-15.51,False,False,False,26.032,27.573,12.91,263543595.2432289,11559892.0,True,2B,100,10.036,-14.56,27.06,44.35,12.34,12.08,16.73,—,True,1619.0,False,False,False,False,0.843,10085960.0,-11.47,-4.04,False,1.3505,0.0,False,False,-31.99,11559892.0,47.78,19.52,22.4,6.74,transitioning,3.63,0.095,0.05,1.9,False,False,False,False,98.0,6m,False,62.1,0.159,-1.19,False,-0.77,0.64,False,53.7,6.7,100.0,70.0,deceleration,neutral,0,False,False,20.616,False,False,6,92.8,False,False,True,1.0,False,False,True,scooter,1.0,False,True
ALAB,277.5299987792969,-7.21,-10.63,-20.51,26.56,-42.54,176.78,-13.32,-4.82,-9.56,116.41,88.3,39.02,False,False,67147347875.274414,Electronic technology,Semiconductors,NASDAQ,"Astera Labs, Inc.","NASDAQ 100, NASDAQ Composite, PHLX Semiconductor Sector, Nasdaq US Mid Cap Growth, NASDAQ Computer, NASDAQ-100 Technology Sector, Russell 3000, Russell 1000, STOXX Global 1800, STOXX North America 600, STOXX USA 500, STOXX Global 1800 ex Asia/Pacific, STOXX Global 1800 ex Europe, STOXX Developed Markets 2400, STOXX USA 500",28.794,10.38,310.528,337.997,-1.15,-2.1,-1.02,-1.72,-10.63,-17.89,False,False,False,368.116,395.586,9.22,1851714164.303772,5174680.0,True,2B,100,6.334,-20.51,16.13,26.56,6.81,8.65,11.28,3,True,560.0,False,False,False,False,0.781,3724780.0,-8.71,-2.61,False,1.443,0.0,False,False,25.31,5174680.0,24.56,20.02,31.49,14.77,expanding,6.79,0.09,0.0501,1.8,False,True,False,False,98.4,6m,False,98.4,0.267,-2.49,False,-0.49,0.71,False,46.4,30.2,44.5,70.0,neutral,neutral,0,False,False,309.652,False,False,6,92.8,True,False,True,2.0,False,False,True,scooter,1.0,True,True
STX,794.6500244140625,-7.53,-7.76,-10.7,39.92,-27.31,403.24,-20.12,-6.7,-2.15,95.53,98.2,43.25,False,False,201783664001.17865,Electronic technology,Computer peripherals,NASDAQ,Seagate Technology Holdings PLC,"S&P 500, NASDAQ 100, NASDAQ Composite, S&P 500 Information Technology, S&P 500 ESG, Nasdaq US Large Cap Growth, NASDAQ Computer, NASDAQ-100 Technology Sector, STOXX Global 1800, STOXX North America 600, STOXX USA 500, STOXX Global 1800 ex Asia/Pacific, STOXX Global 1800 ex Europe, STOXX Developed Markets 2400, STOXX USA 500",70.016,8.81,861.494,858.246,-0.95,-0.91,-0.88,-0.84,-7.76,-7.41,False,False,False,1001.526,998.278,7.77,4624124382.763794,5199582.0,True,2B,100,12.274,-10.7,19.81,39.92,6.9,7.34,8.3,2,True,1620.0,False,False,False,False,0.617,3972300.0,-14.51,-6.51,False,1.3999,0.0,False,False,-34.17,5199582.0,42.2,22.38,34.04,13.14,bearish_crossover,0.29,0.0697,0.0499,1.4,False,False,False,False,97.5,6m,False,99.7,0.304,-1.36,False,-1.3,0.62,False,29.9,13.3,39.6,42.1,neutral,bearish,0,False,False,861.426,False,False,6,92.8,True,False,True,2.0,False,False,True,scooter,1.0,False,True
WLY,53.20000076293945,2.48,3.04,6.39,36.91,-4.52,87.78,4.72,7.37,26.51,85.98,87.8,57.57,False,False,2474089260.0834064,Consumer services,Publishing: books/magazines,NYSE,"John Wiley & Sons, Inc.","Russell 2000, Nasdaq US Small Cap Growth, Russell 3000, Mini-Russell 2000",1.728,3.25,51.632,51.29,0.91,1.11,0.94,1.15,3.04,3.72,False,False,False,55.088,54.746,3.25,27329718.353123397,553917.58,True,2B,100,4.397,6.39,29.65,36.91,2.51,2.87,3.66,1,True,1620.0,False,False,False,False,0.625,364707.0,3.56,3.14,False,0.5224,0.478,False,True,-26.46,553918.0,47.31,32.9,24.66,12.46,bullish,3.72,0.0583,0.0481,1.21,True,False,False,False,94.2,,False,46.6,0.496,1.85,False,-0.81,0.45,False,43.2,21.7,44.9,70.0,neutral,neutral,0,False,False,51.673,True,False,8,92.7,True,True,True,3.0,True,True,True,minervini+canslim+scooter,3.0,False,True
VIRT,66.29000091552734,7.31,10.08,10.34,43.86,-2.41,108.3,11.41,10.96,26.95,67.57,90.3,65.64,False,False,9415292453.189682,Finance,Investment banks/Brokers,NYSE,"Virtu Financial, Inc.","Russell 3000, Russell 1000, STOXX Developed Markets 2400",3.224,4.86,60.218,59.912,1.88,1.98,2.07,2.19,10.08,10.65,False,False,False,66.665,66.359,4.55,85168245.19145203,1406540.0,True,2B,100,5.961,10.34,32.29,43.86,7.44,4.68,4.04,1,True,1620.0,True,False,False,False,0.912,2948000.0,12.01,-2.41,False,0.3041,0.696,False,True,55.0,1406540.0,77.45,23.56,17.75,17.37,expanding,6.18,0.1057,0.049,2.15,True,False,False,False,96.4,,False,67.6,0.842,1.93,False,0.01,1.01,False,57.8,21.7,93.9,70.0,acceleration,neutral,0,False,False,60.291,True,False,8,92.6,,,,,True,False,True,minervini+scooter,2.0,True,True
CHEF,113.4499969482422,3.17,5.31,12.12,50.98,-1.65,107.78,2.6,19.6,48.38,59.5,92.3,64.45,False,False,3911390280.9851623,Distribution services,Food distributors,NASDAQ,"The Chefs' Warehouse, Inc.","NASDAQ Composite, Russell 2000, Nasdaq US Small Cap Growth, NASDAQ Industrials, Russell 3000, Mini-Russell 2000",4.06,3.58,107.73,102.995,1.41,2.58,1.48,2.84,5.31,10.15,True,False,False,115.849,111.115,4.0,65398559.05912781,640270.0,True,2B,100,7.249,12.12,42.35,50.98,3.2,3.18,3.47,1,True,1604.0,False,False,False,False,0.98,478860.0,2.29,2.57,False,0.1568,0.843,True,False,91.24,640270.0,46.82,22.41,15.26,17.68,bullish,7.69,0.0947,0.0808,1.17,True,False,False,False,94.7,,True,73.2,0.817,3.02,False,0.18,1.13,False,62.5,36.6,69.7,90.0,momentum,bullish,0,False,False,107.961,True,False,8,92.5,True,True,True,3.0,True,True,True,minervini+canslim+scooter,3.0,True,True
ZBRA,363.2999877929688,0.12,5.15,23.7,43.84,-5.16,82.29,-2.14,39.77,42.16,57.06,85.7,64.55,False,False,11981227143.623116,Electronic technology,Computer processing hardware,NASDAQ,Zebra Technologies Corporation,"S&P 500, NASDAQ Composite, S&P 500 Information Technology, NASDAQ Industrials, Russell 3000, Russell 1000, STOXX Developed Markets 2400",13.252,3.65,345.515,307.101,1.34,4.24,1.41,5.02,5.15,18.3,True,False,False,372.019,333.606,3.72,238381527.89907837,807424.0,True,2A,85,2.467,23.7,43.96,43.84,3.56,3.74,3.1,1,True,1620.0,False,False,False,False,0.708,627620.0,-1.32,-1.41,False,0.4676,0.532,False,True,21.04,807424.0,39.9,29.47,15.85,43.15,bullish,14.44,0.1274,0.1274,1.0,True,False,False,True,97.4,1m,True,94.4,0.814,5.25,False,-0.47,0.79,False,59.7,6.7,100.0,90.0,momentum,bullish,0,False,False,347.207,True,False,7,92.5,True,False,True,2.0,False,False,True,scooter,1.0,True,True
CLOV,4.110000133514404,-3.57,-5.68,-11.59,34.1,-24.03,141.76,-3.75,-4.86,15.77,108.63,89.8,42.0,False,False,2849367371.238004,Finance,Life/Health insurance,NASDAQ,"Clover Health Investments, Corp.","NASDAQ Composite, Russell 2000, Russell 3000, Mini-Russell 2000",0.238,5.78,4.358,4.553,-1.04,-1.87,-0.98,-1.68,-5.68,-9.74,False,False,False,4.833,5.029,5.5,26510991.790314674,5572034.0,True,2B,100,4.007,-11.59,26.84,34.1,3.49,5.6,6.16,2,True,1508.0,False,False,False,False,0.62,3138140.0,-3.07,-0.96,False,2.0697,0.0,False,False,-27.06,5572034.0,36.43,17.52,22.84,13.8,transitioning,2.6,0.0736,0.0719,1.02,False,False,False,False,96.6,,False,3.2,0.027,-2.27,False,-1.13,0.5,False,35.2,15.9,51.5,44.5,neutral,neutral,0,False,False,4.352,False,False,7,92.4,False,False,True,1.0,False,False,True,scooter,1.0,True,True
KRO,8.710000038146973,6.88,12.74,25.98,44.13,0.0,106.86,7.66,31.77,30.15,49.81,89.3,65.92,False,False,751296859.2202111,Process industries,Chemicals: specialty,NYSE,Kronos Worldwide Inc,"Russell 2000, Mini-Russell 2000",0.503,5.77,7.726,6.947,1.96,3.51,2.21,4.4,12.74,25.37,True,False,False,8.731,7.952,5.66,2892781.155723572,405064.0,True,2B,100,4.69,25.98,34.16,44.13,4.46,6.72,4.71,1,True,1620.0,False,False,False,False,0.924,296040.0,7.53,6.22,False,0.4889,0.511,False,True,61.01,405064.0,72.77,35.53,18.29,26.45,bullish,12.32,0.1171,0.0932,1.26,True,False,False,False,98.1,1m,True,,0.939,3.57,False,0.08,1.07,False,58.3,18.3,100.0,70.0,acceleration,neutral,0,False,False,7.758,True,False,8,92.4,,,,,True,False,True,minervini+scooter,2.0,True,True
WYY,9.050000190734863,-6.16,-12.08,-26.43,13.26,-55.2,128.54,0.0,-13.65,-16.97,109.01,89.0,35.71,False,False,165313661.18811882,Technology services,Data processing services,NYSE Arca,WidePoint Corporation,,0.902,9.97,10.293,11.709,-1.38,-2.95,-1.21,-2.28,-12.08,-22.71,False,False,False,12.098,13.513,8.23,5420925.922283173,343316.0,True,2B,100,5.216,-26.43,6.1,13.26,6.0,8.25,14.42,3,True,1620.0,False,False,False,False,0.673,111780.0,0.0,-0.88,False,1.192,0.0,False,False,-52.69,343316.0,42.29,17.05,30.14,18.76,expanding,11.83,0.1138,0.1138,1.0,False,True,False,False,96.0,,False,,0.112,-3.6,False,-0.29,0.29,False,39.1,10.4,66.5,50.0,deceleration,bearish,0,False,False,10.242,False,False,6,92.3,False,False,True,1.0,False,False,True,scooter,1.0,True,True
PRAA,20.170000076293945,3.56,6.25,11.92,19.65,-9.27,93.57,-0.3,18.79,37.77,93.57,85.9,59.66,False,False,722007025.6254126,Commercial services,Miscellaneous commercial services,NASDAQ,"PRA Group, Inc.","NASDAQ Composite, Russell 2000, NASDAQ Real Estate and Other Financial Services, Russell 3000, Mini-Russell 2000",0.968,4.8,18.984,18.394,1.22,1.83,1.3,2.01,6.25,9.65,False,False,False,20.921,20.331,4.35,10406819.729850769,603178.0,True,2B,100,2.965,11.92,19.08,19.65,3.77,4.77,4.19,1,True,1620.0,False,False,False,False,0.75,345960.0,-0.15,3.01,False,0.4932,0.507,False,True,23.32,603178.0,53.18,34.86,22.98,21.79,bullish,6.09,0.059,0.0451,1.31,True,False,False,False,89.6,,True,,0.713,2.22,False,-0.32,0.53,False,49.0,10.0,100.0,50.0,deceleration,bearish,0,False,False,19.024,True,False,8,92.2,True,False,True,2.0,True,False,True,minervini+scooter,2.0,False,True
SM,36.459999084472656,3.73,8.77,19.72,41.8,-3.13,110.73,2.76,9.85,8.71,62.74,86.4,65.7,False,False,6314980945.717195,Energy minerals,Integrated oil,NYSE,SM Energy Company,"Russell 2000, Russell 3000, Mini-Russell 2000, STOXX Developed Markets 2400",1.489,4.08,33.519,31.137,1.97,3.57,2.15,4.19,8.77,17.1,True,False,False,36.498,34.116,3.65,117820712.68200302,3903588.0,True,2B,100,4.882,19.72,29.52,41.8,3.22,3.88,3.2,1,True,1588.0,False,False,False,False,0.847,3527980.0,1.25,-1.99,False,0.3029,0.697,False,True,-0.68,3903588.0,53.92,36.28,20.61,26.13,expanding,10.61,0.1146,0.1046,1.1,True,False,False,False,90.2,,False,41.7,0.822,4.03,False,-0.5,0.82,False,57.1,25.0,100.0,56.9,deceleration,neutral,1,False,False,33.629,True,False,8,92.2,True,False,True,2.0,True,False,True,minervini+scooter,2.0,True,True
RELY,26.59000015258789,4.19,7.01,13.46,46.83,-0.3,117.95,1.1,18.02,23.22,63.13,89.2,61.26,False,False,4710251330.582798,Commercial services,Miscellaneous commercial services,NASDAQ,"Remitly Global, Inc.","NASDAQ Composite, Russell 2000, Nasdaq US Small Cap Growth, NASDAQ Industrials, KBW NASDAQ Financial Technology, Russell 3000, Mini-Russell 2000, STOXX Developed Markets 2400",1.165,4.38,24.849,24.115,1.49,2.12,1.6,2.34,7.01,10.26,True,False,False,27.178,26.445,4.72,82672376.1797142,3560696.0,True,2B,100,5.012,13.46,35.47,46.83,4.42,5.0,3.82,1,True,1185.0,False,False,False,False,1.363,3190300.0,1.92,-0.3,False,0.1924,0.808,True,True,76.08,3560696.0,56.97,32.64,17.93,26.04,expanding,7.49,0.0931,0.0649,1.44,True,False,False,False,90.4,,True,33.0,0.884,2.71,False,0.59,1.29,False,35.2,21.7,38.3,50.0,neutral,bearish,0,False,False,24.901,True,False,8,92.1,True,False,True,2.0,True,False,True,minervini+scooter,2.0,True,True
IMAX,54.790000915527344,4.61,9.21,21.98,40.53,0.0,102.55,4.58,26.3,40.06,48.93,90.7,67.76,True,False,2253450621.2121773,Consumer durables,Electronics/Appliances,NYSE,Imax Corporation,"Russell 2000, Russell 3000, Mini-Russell 2000",2.126,3.88,50.168,45.291,2.17,4.47,2.37,5.41,9.21,20.97,True,False,False,54.42,49.543,3.61,61092895.00986481,1350004.0,True,2B,100,5.078,21.98,37.29,40.53,4.44,3.63,3.34,1,True,1620.0,False,False,False,False,0.984,1216400.0,4.84,3.89,False,0.3836,0.616,False,False,-12.16,1350004.0,66.87,37.3,13.85,39.86,bullish,11.96,0.1205,0.1039,1.16,True,False,False,False,93.0,,True,54.1,0.921,4.64,False,0.04,1.02,False,58.3,18.3,100.0,70.0,momentum,neutral,0,False,False,50.361,True,False,8,91.9,True,False,True,2.0,True,False,True,minervini+scooter,2.0,True,True
PARR,74.33000183105469,-3.44,-2.62,6.97,36.75,-13.6,138.24,-9.43,-3.95,26.35,82.58,92.7,48.65,False,False,2739381833.324404,Energy minerals,Oil refining/Marketing,NYSE,"Par Pacific Holdings, Inc. Common Stock","Russell 2000, Russell 3000, Mini-Russell 2000",4.882,6.57,76.327,73.727,-0.41,0.12,-0.4,0.12,-2.62,0.82,False,False,False,86.091,83.491,6.8,70222367.01856995,1007322.0,True,2B,100,7.978,6.97,25.99,36.75,7.15,7.22,4.85,1,True,1620.0,True,False,False,False,0.826,850500.0,-9.83,-5.95,False,0.6808,0.319,False,False,4.56,1007322.0,46.6,22.48,21.38,17.67,bullish,5.29,0.081,0.0725,1.12,True,False,False,False,92.1,,False,77.5,0.424,0.99,False,-0.39,0.88,False,59.5,45.8,47.4,90.0,neutral,bullish,0,False,False,76.452,True,False,8,91.7,True,False,True,2.0,True,False,True,minervini+scooter,2.0,True,True
BJRI,67.27999877929688,0.97,1.14,6.42,47.29,-9.4,134.51,1.52,0.63,50.99,65.27,92.9,53.65,False,False,1258073105.7930057,Consumer services,Restaurants,NASDAQ,"BJ's Restaurants, Inc.","NASDAQ Composite, Russell 2000, Nasdaq US Small Cap Growth, NASDAQ Industrials, Russell 3000, Mini-Russell 2000",2.624,3.9,66.519,65.488,0.29,0.68,0.29,0.7,1.14,2.74,False,False,False,71.766,70.735,3.97,33921791.557777405,538594.0,True,2B,100,8.623,6.42,40.72,47.29,3.47,3.66,3.62,1,True,1613.0,False,False,False,False,1.177,412120.0,1.95,0.78,False,0.6218,0.378,False,False,13.58,538594.0,46.3,25.82,17.01,24.1,bullish,5.0,0.0843,0.0843,1.0,True,False,False,False,95.3,,False,61.0,0.374,1.55,False,0.25,1.12,False,50.5,31.7,36.2,90.0,deceleration,bullish,0,False,False,66.591,False,False,8,91.6,False,True,True,2.0,True,False,True,minervini+scooter,2.0,True,True
AXTI,65.4000015258789,-11.36,-8.22,-3.34,24.99,-53.56,2261.01,-31.85,38.47,-53.56,130.04,99.9,46.82,False,False,4589436423.585288,Electronic technology,Electronic production equipment,NASDAQ,AXT Inc,"NASDAQ Composite, Nasdaq US Small Cap Growth, NASDAQ Computer, STOXX Developed Markets 2400",10.348,15.82,71.256,63.137,-0.57,0.22,-0.52,0.23,-8.22,3.58,False,False,False,91.951,83.833,15.27,762340666.0517349,10993160.0,True,2B,100,13.978,-3.34,0.64,24.99,13.96,15.33,14.01,3,True,17.0,False,False,False,False,0.658,11324040.0,-26.27,-7.55,False,0.9737,0.026,False,False,36.11,10993160.0,48.46,26.05,22.77,25.12,transitioning,2.45,0.0752,0.0462,1.63,False,False,False,False,97.2,1m,False,91.2,0.47,-0.22,False,-0.38,0.83,False,24.7,13.3,11.7,52.9,deceleration,bearish,0,False,False,71.45,True,False,6,91.5,False,False,True,1.0,False,False,True,scooter,1.0,True,True
LTH,45.72999954223633,1.9,3.44,8.95,44.7,0.0,85.97,0.86,8.03,42.59,60.96,90.8,62.53,False,False,9128938401.969393,Consumer services,Other consumer services,NYSE,"Life Time Group Holdings, Inc.","Russell 2000, Nasdaq US Small Cap Growth, Russell 3000, Mini-Russell 2000, STOXX Developed Markets 2400",1.292,2.82,44.21,43.219,1.18,1.94,1.22,2.06,3.44,5.81,False,False,False,46.794,45.802,3.14,127131687.34920502,3029626.0,True,2B,100,6.417,8.95,37.19,44.7,1.93,2.64,2.85,1,True,1175.0,False,False,False,False,0.812,2203200.0,-0.59,1.37,False,0.3563,0.644,False,False,-21.89,3029626.0,62.8,27.13,14.06,24.76,bullish,6.38,0.0837,0.0793,1.06,True,False,False,False,94.0,,True,36.6,0.685,2.91,False,-0.31,0.85,False,48.3,40.7,36.6,70.0,neutral,neutral,0,False,False,44.282,True,False,8,91.5,True,False,True,2.0,True,False,True,minervini+scooter,2.0,False,True
FLXS,80.5999984741211,3.61,5.71,10.52,52.02,-0.97,138.84,13.75,7.18,43.93,54.19,93.2,64.36,False,False,390471727.180602,Consumer durables,Home furnishings,NASDAQ,"Flexsteel Industries, Inc.","NASDAQ Composite, Russell 2000, NASDAQ Industrials, Mini-Russell 2000",4.143,5.14,76.25,74.742,1.05,1.41,1.11,1.52,5.71,7.84,False,False,False,84.536,83.028,4.53,4534978.3514556885,61730.0,True,2B,100,7.889,10.52,39.54,52.02,7.56,4.69,4.14,1,True,1620.0,True,False,False,False,0.916,139180.0,-0.49,-0.97,False,0.1989,0.801,True,True,69.14,61730.0,53.33,30.67,15.13,25.61,bullish,7.25,0.1053,0.0655,1.61,True,False,False,False,97.5,1w,True,,0.574,1.85,False,0.21,1.15,False,31.0,10.0,0.0,90.0,neutral,bullish,0,False,False,76.377,True,False,8,91.4,,,,,True,False,True,minervini+scooter,2.0,True,True
ASTH,38.11000061035156,-0.95,-1.53,-7.42,23.83,-23.49,109.86,-4.13,-5.46,0.69,92.28,83.7,47.08,False,False,2206958014.991034,Health services,Services to the health industry,NASDAQ,Astrana Health Inc.,"NASDAQ Composite, Russell 2000, Russell 3000, Mini-Russell 2000",2.03,5.33,38.704,41.359,-0.29,-1.6,-0.29,-1.47,-1.53,-7.86,False,False,False,42.764,45.42,5.05,26497140.677444458,632390.0,True,2B,100,1.758,-7.42,15.8,23.83,4.14,5.11,5.22,2,True,1620.0,False,False,False,False,0.729,344660.0,-4.08,-3.15,False,0.9876,0.012,False,False,-35.84,632390.0,53.04,20.66,21.78,16.02,bearish,1.55,0.0167,0.0167,1.0,False,True,False,False,90.6,,False,52.3,0.592,-1.5,False,-0.82,0.59,False,50.8,13.3,61.6,90.0,deceleration,bullish,0,False,False,38.655,True,False,7,91.3,True,False,True,2.0,False,False,True,scooter,1.0,True,True
WEST,8.4399995803833,1.35,2.74,3.67,43.33,-13.26,127.49,1.69,11.05,1.08,72.24,85.5,56.78,False,False,916069205.9907502,Consumer non-durables,Food: specialty/candy,NASDAQ,Westrock Coffee Company,"NASDAQ Composite, Russell 2000, Nasdaq US Small Cap Growth, NASDAQ Industrials, Russell 3000, Mini-Russell 2000",0.421,4.98,8.215,7.872,0.53,1.35,0.55,1.45,2.74,7.22,False,False,False,9.057,8.713,4.92,4984252.041667938,598926.0,True,2B,100,6.37,3.67,30.58,43.33,4.19,5.04,5.69,2,True,1166.0,False,False,False,False,1.009,426180.0,1.08,1.44,False,1.1945,0.0,False,False,25.32,598926.0,59.87,24.43,24.6,14.67,bullish,3.76,0.0496,0.0465,1.07,True,False,False,False,96.5,,True,,0.867,0.71,False,-0.49,0.71,False,56.7,33.3,50.7,93.9,neutral,bullish,1,False,False,8.224,True,False,8,91.2,False,False,True,1.0,True,False,True,minervini+scooter,2.0,True,True
SXC,9.609999656677246,2.31,4.77,10.74,30.52,-0.83,74.33,1.05,9.13,15.89,68.11,83.8,60.39,True,False,711918295.1260405,Non-energy minerals,Steel,NYSE,"SunCoke Energy, Inc.","Russell 2000, Russell 3000, Mini-Russell 2000",0.407,4.24,9.172,8.705,1.07,2.22,1.13,2.45,4.77,10.4,True,False,False,9.987,9.52,4.97,13352613.741415977,1536782.0,True,2B,100,2.139,10.74,26.99,30.52,3.42,3.78,3.76,1,True,1620.0,False,False,False,False,0.637,1103800.0,3.0,-0.83,False,0.4365,0.564,False,True,8.64,1536782.0,64.76,28.01,13.69,19.36,bullish,6.51,0.0758,0.0597,1.27,True,False,False,False,92.3,,True,,0.875,2.29,False,-0.46,0.76,False,45.0,25.0,26.8,90.0,neutral,bullish,0,False,False,9.19,True,False,8,91.0,True,False,True,2.0,True,False,True,minervini+scooter,2.0,True,True
WT,23.84000015258789,4.49,8.64,19.53,45.87,0.0,123.25,3.25,22.74,25.12,43.01,90.9,70.13,True,False,2630589743.939919,Miscellaneous,Investment trusts,NYSE,"WisdomTree, Inc.","Russell 2000, Nasdaq US Small Cap Growth, KBW NASDAQ Financial Technology, Russell 3000, Mini-Russell 2000",0.817,3.43,21.944,20.423,2.32,4.18,2.52,4.88,8.64,16.73,True,False,False,23.578,22.057,3.68,53770902.35451126,2740840.0,True,2B,100,5.988,19.53,33.97,45.87,2.9,3.39,3.31,1,True,1620.0,False,False,False,False,0.512,1778320.0,4.38,1.4,False,0.1895,0.81,True,True,-54.96,2740840.0,69.19,35.13,10.97,42.28,bullish,10.26,0.1097,0.0905,1.21,True,False,False,False,90.8,,True,23.3,0.99,4.77,False,-1.1,0.45,False,43.8,22.7,40.5,75.1,deceleration,neutral,0,False,False,22.014,True,False,8,91.0,True,True,True,3.0,True,True,True,minervini+canslim+scooter,3.0,True,True
AMN,34.5099983215332,0.17,1.15,3.6,47.22,-5.71,128.54,-0.09,4.93,24.76,65.83,91.3,52.75,False,False,1270631033.972162,Commercial services,Personnel services,NYSE,AMN Healthcare Services Inc,"Russell 2000, Russell 3000, Mini-Russell 2000",1.704,4.94,34.117,33.756,0.23,0.44,0.23,0.45,1.15,2.23,False,False,False,37.525,37.164,5.18,28145256.568901062,849038.0,True,2B,100,6.444,3.6,34.03,47.22,3.02,5.54,4.91,1,True,1620.0,False,False,False,False,0.512,508460.0,0.03,0.15,False,0.1499,0.85,True,True,-42.56,849038.0,50.03,25.38,22.36,11.88,bullish,4.3,0.0616,0.0616,1.0,True,False,False,False,92.3,,True,46.2,0.616,0.7,False,-1.3,0.45,False,44.9,24.1,47.4,70.0,neutral,neutral,0,False,True,34.149,True,False,8,90.9,False,False,True,1.0,True,False,True,minervini+scooter,2.0,True,True
OCC,13.18000030517578,-11.75,-14.16,-20.95,26.04,-51.04,216.83,-23.01,-8.54,4.35,137.91,94.1,39.31,False,False,162153680.60152838,Electronic technology,Telecommunications equipment,NASDAQ,Optical Cable Corporation,"NASDAQ Composite, NASDAQ Telecommunications, Nasdaq Innovators Completion Cap",1.497,11.36,15.353,15.704,-1.45,-1.69,-1.25,-1.42,-14.16,-16.07,False,False,False,18.347,18.697,9.77,5574071.58024025,315254.0,True,2B,100,6.798,-20.95,12.09,26.04,9.04,9.59,13.34,3,True,1620.0,False,False,False,False,0.747,260380.0,-18.64,-4.84,False,1.3388,0.0,False,False,71.62,315254.0,35.68,22.77,26.99,15.73,expanding,5.28,0.1223,0.0636,1.92,False,True,False,False,96.8,,False,,0.094,-2.33,False,-0.73,0.58,False,33.9,12.0,46.2,50.7,deceleration,bearish,0,False,False,15.329,False,False,6,90.8,False,False,True,1.0,False,False,True,scooter,1.0,True,True
APA,42.959999084472656,2.6,7.62,18.87,32.78,-3.22,105.45,3.32,18.84,11.5,51.64,89.7,66.58,False,False,11668051152.85248,Energy minerals,Integrated oil,NASDAQ,APA Corporation,"S&P 500, NASDAQ Composite, S&P 500 Energy, S&P 500 ESG, NASDAQ Industrials, Russell 3000, Russell 1000, STOXX Developed Markets 2400",1.493,3.48,39.919,36.707,2.04,4.19,2.19,4.9,7.62,17.03,True,False,False,42.906,39.693,3.1,211507466.8858528,5837782.0,True,2B,100,5.557,18.87,22.57,32.78,3.47,3.25,2.62,1,True,1603.0,False,False,False,False,1.019,6742160.0,2.24,-0.99,False,0.1987,0.801,True,True,31.25,5837782.0,66.36,38.26,23.28,33.86,bullish,10.36,0.0973,0.094,1.03,True,False,False,False,92.3,,False,41.8,0.809,4.57,False,0.23,1.06,False,57.0,28.5,61.9,90.0,acceleration,bullish,1,False,False,40.059,True,False,8,90.8,True,False,True,2.0,True,False,True,minervini+scooter,2.0,True,True
CRDO,222.6100006103516,-6.88,-6.41,-7.51,28.55,-26.41,153.51,-21.29,4.44,1.92,79.45,87.8,45.51,False,False,44381737621.36328,Technology services,Information technology services,NASDAQ,Credo Technology Group Holding Ltd,"NASDAQ Composite, Russell 2000, PHLX Semiconductor Sector, Nasdaq US Mid Cap Growth, NASDAQ Computer, Russell 3000, Mini-Russell 2000, STOXX Global 1800, STOXX North America 600, STOXX USA 500, STOXX Global 1800 ex Asia/Pacific, STOXX Global 1800 ex Europe, STOXX Developed Markets 2400, STOXX USA 500",21.772,9.78,237.863,235.35,-0.7,-0.59,-0.66,-0.55,-6.41,-5.41,False,False,False,281.406,278.894,8.3,1663330733.947998,6867384.0,True,2B,100,4.88,-7.51,23.91,28.55,7.8,8.57,9.42,2,True,1098.0,False,False,False,False,0.857,4571980.0,-16.6,-3.45,False,1.1134,0.0,False,False,-18.16,6867384.0,41.92,25.33,29.75,12.58,transitioning,1.52,0.0849,0.0735,1.15,False,False,False,False,97.8,6m,False,97.4,0.418,-0.83,False,-0.52,0.62,False,40.2,36.9,40.1,44.8,deceleration,bearish,0,False,False,238.034,False,False,6,90.7,True,False,True,2.0,False,False,True,scooter,1.0,True,True
QUAD,10.25,1.82,5.02,15.86,45.19,-4.57,105.35,1.28,24.15,43.61,51.1,91.8,64.96,False,False,435162349.2204234,Commercial services,Commercial printing/Forms,NYSE,"Quad Graphics, Inc","Russell 2000, Mini-Russell 2000",0.379,3.7,9.76,9.135,1.29,2.94,1.36,3.3,5.02,12.2,True,False,False,10.518,9.893,4.66,2821067.411008835,303776.0,True,2B,100,6.8,15.86,36.81,45.19,2.38,3.65,3.33,1,True,1620.0,False,False,False,False,0.526,333900.0,0.2,-0.58,False,0.2901,0.71,True,True,225.58,303776.0,47.4,30.47,8.83,48.23,bullish,9.68,0.1037,0.1006,1.03,True,False,False,False,92.7,,True,,0.727,3.7,False,-0.21,0.84,False,63.5,38.3,70.7,90.0,acceleration,bullish,0,False,False,9.789,True,False,8,90.7,False,True,True,2.0,True,False,True,minervini+scooter,2.0,True,True
AXGN,49.22999954223633,1.7,5.2,11.54,35.34,-2.32,232.86,0.16,24.66,20.37,39.15,94.0,59.17,False,False,2389279809.2930994,Health technology,Medical specialties,NASDAQ,"Axogen, Inc.","NASDAQ Composite, Russell 2000, Nasdaq US Small Cap Growth, Russell 3000, Mini-Russell 2000",2.45,4.98,46.796,44.141,0.99,2.08,1.05,2.32,5.2,11.53,True,False,False,51.697,49.042,5.39,57488549.29759216,1310288.0,True,2B,100,8.372,11.54,27.13,35.34,5.84,4.38,4.77,1,True,1620.0,False,False,False,False,0.669,1095080.0,-0.34,-2.32,False,0.339,0.661,False,True,-33.83,1310288.0,59.74,25.79,16.38,34.1,bullish,8.02,0.079,0.0688,1.15,True,False,False,False,92.4,,True,58.6,0.856,2.08,False,-1.03,0.54,False,56.2,21.0,69.2,90.0,deceleration,bullish,0,False,False,46.921,True,False,8,90.7,False,False,True,1.0,True,False,True,minervini+scooter,2.0,True,True
SB,8.649999618530273,6.51,10.66,20.3,41.5,0.0,114.71,6.79,13.92,34.26,43.83,91.4,74.35,True,False,650671812.3136364,Transportation,Marine shipping,NYSE,"Safe Bulkers, Inc","Russell 2000, Russell 3000, Mini-Russell 2000",0.27,3.12,7.817,7.336,3.09,4.88,3.42,5.75,10.66,17.91,True,False,False,8.356,7.875,2.98,6472478.8551187515,905130.0,True,2B,100,6.076,20.3,32.37,41.5,2.72,2.72,3.03,1,True,1620.0,False,False,False,False,1.183,831800.0,7.05,1.41,False,0.0933,0.907,True,False,-3.0,905130.0,69.55,37.46,9.91,38.45,expanding,9.96,0.1201,0.0854,1.41,True,False,False,False,91.4,,True,,0.974,5.42,False,-0.04,0.98,False,60.2,21.7,84.8,87.1,momentum,bullish,0,False,False,7.839,True,False,8,90.5,True,False,True,2.0,True,False,True,minervini+scooter,2.0,False,True
NAT,7.0,2.73,5.76,12.02,42.42,-0.28,150.14,2.64,8.53,35.22,53.03,93.6,65.94,False,False,1238741383.8019168,Transportation,Marine shipping,NYSE,Nordic American Tankers Limited,"Russell 2000, Russell 3000, Mini-Russell 2000",0.237,3.39,6.619,6.331,1.61,2.82,1.7,3.12,5.76,10.56,True,False,False,7.093,6.806,3.27,24078425.697748184,3881112.0,True,2B,100,7.324,12.02,29.07,42.42,2.71,3.2,3.8,1,True,1620.0,False,False,False,False,1.204,2895760.0,2.34,0.43,False,0.0814,0.919,True,True,38.11,3881112.0,64.32,32.51,15.23,25.85,expanding,7.91,0.092,0.092,1.0,True,False,False,False,94.5,,True,3.1,0.831,3.17,False,-0.21,0.89,False,32.9,16.6,49.4,38.0,neutral,bearish,0,False,False,6.634,True,False,8,90.4,True,False,True,2.0,True,False,True,minervini+scooter,2.0,True,True
RGEN,181.6199951171875,5.31,10.97,22.79,29.01,0.0,76.55,7.44,37.63,57.85,34.14,85.9,76.49,False,False,8292501280.211389,Health technology,Pharmaceuticals: major,NASDAQ,Repligen Corporation,"NASDAQ Composite, S&P MidCap 400, Russell 3000, Russell 1000, STOXX Developed Markets 2400",7.521,4.14,163.672,151.332,2.39,4.03,2.65,4.83,10.97,20.01,True,False,False,178.715,166.375,3.99,172171550.45861816,1168370.0,True,2A,85,0.65,22.79,35.61,29.01,4.67,3.78,3.69,1,True,1620.0,False,False,False,False,1.316,1309600.0,8.1,0.27,False,0.2329,0.767,True,True,68.79,1168370.0,88.93,37.75,4.46,62.74,bullish,13.33,0.1421,0.1053,1.35,True,False,False,False,97.5,1m,False,86.5,0.862,4.48,False,0.58,1.28,False,34.0,10.0,10.0,90.0,momentum,bullish,0,False,False,164.328,True,False,7,90.4,False,False,True,1.0,False,False,True,scooter,1.0,False,True
SIMO,243.17999267578125,-3.15,-4.69,-12.73,37.64,-27.67,222.56,-10.83,-10.05,-11.76,79.33,96.2,45.94,False,False,10916119492.0,Electronic technology,Semiconductors,NASDAQ,Silicon Motion Technology Corporation,"NASDAQ Composite, NASDAQ Computer, Nasdaq Innovators Completion Cap",21.787,8.96,255.143,271.563,-0.55,-1.3,-0.52,-1.17,-4.69,-10.45,False,False,False,298.717,315.137,8.17,284806817.2564697,1053854.0,True,2B,100,9.564,-12.73,18.85,37.64,5.91,6.94,8.9,2,True,1620.0,False,False,False,False,0.606,929100.0,-7.04,-5.88,False,1.3193,0.0,False,False,-5.08,1053854.0,47.17,22.86,29.62,11.85,bearish,3.4,0.0277,0.0194,1.42,False,True,False,False,96.4,,False,97.5,0.487,-1.63,False,-0.38,0.8,False,50.1,10.1,83.4,70.0,momentum,neutral,0,False,False,254.671,False,False,6,90.3,True,False,True,2.0,False,False,True,scooter,1.0,True,True
TBBB,50.81999969482422,5.86,11.52,19.28,37.98,0.0,110.7,4.89,26.36,38.32,41.05,90.2,74.67,False,False,5062010797.445047,Retail trade,Food retail,NYSE,BBB Foods Inc.,STOXX Emerging Markets 1500,1.94,3.82,45.569,42.713,2.71,4.18,3.02,4.97,11.52,18.98,True,False,False,49.449,46.593,3.78,29652920.92613983,675648.0,True,2B,100,4.835,19.28,32.36,37.98,3.08,3.86,3.3,1,True,587.0,False,False,False,False,1.234,1025120.0,4.57,0.32,False,0.8679,0.132,False,True,60.99,675648.0,85.32,36.39,10.55,39.72,expanding,11.7,0.1299,0.1193,1.09,True,False,False,False,96.3,,True,50.6,0.983,4.23,False,0.75,1.49,False,37.3,25.8,0.0,90.0,neutral,bullish,1,False,False,45.727,True,False,8,90.3,False,False,True,1.0,True,False,True,minervini+scooter,2.0,False,True
PLPC,406.9299926757813,-5.97,-3.0,6.08,35.65,-15.36,118.97,-14.34,30.75,13.78,59.79,91.9,48.85,False,False,1933990990.0917528,Producer manufacturing,Building products,NASDAQ,Preformed Line Products Company,"NASDAQ Composite, Russell 2000, NASDAQ Industrials, Russell 3000, Mini-Russell 2000",28.05,6.89,419.503,383.433,-0.45,0.84,-0.43,0.89,-3.0,6.13,False,False,False,475.604,439.533,6.86,39786996.430114746,102604.0,True,2B,100,7.131,6.08,24.01,35.65,6.0,7.16,5.56,2,True,1620.0,False,False,False,False,0.722,84720.0,-11.38,-5.21,False,0.9218,0.078,False,False,26.89,102604.0,53.22,28.03,24.85,27.84,bullish,7.89,0.0947,0.085,1.11,True,False,False,False,95.4,,False,98.2,0.569,0.83,False,-0.51,0.83,False,29.2,18.3,22.9,50.0,neutral,bearish,0,False,False,420.889,True,False,8,90.3,True,False,True,2.0,True,False,True,minervini+scooter,2.0,False,True
LILA,8.420000076293945,0.15,1.98,11.71,41.85,-3.22,81.2,-1.06,11.97,56.1,54.73,90.0,57.92,False,False,1421850352.222857,Communications,Major telecommunications,NASDAQ,Liberty Latin America Ltd.,"NASDAQ Composite, Russell 2000, NASDAQ Telecommunications, Russell 3000, Mini-Russell 2000",0.316,3.75,8.257,7.968,0.52,1.43,0.53,1.51,1.98,5.67,False,False,False,8.888,8.599,3.88,5860808.886462879,821247.54,True,2B,100,5.345,11.71,37.78,41.85,3.36,3.47,4.1,1,True,1620.0,False,False,False,False,0.472,517760.0,-0.82,-0.59,False,0.5026,0.497,False,False,-50.29,821248.0,45.69,28.91,21.5,28.74,bullish,8.11,0.0905,0.0905,1.0,True,False,False,False,96.3,,False,5.3,0.575,2.8,False,-1.01,0.34,False,38.8,18.7,14.2,90.0,neutral,bullish,0,False,False,8.276,True,False,8,90.3,False,False,True,1.0,True,False,True,minervini+scooter,2.0,True,True
SLG,58.56999969482422,2.65,5.12,11.08,30.51,-6.81,70.68,4.38,7.25,36.96,63.11,83.1,65.22,False,False,4016465859.8206096,Finance,Real estate investment trusts,NYSE,SL Green Realty Corp,"Russell 2000, Nasdaq US Small Cap Growth, Russell 3000, Mini-Russell 2000",1.835,3.13,55.716,53.445,1.56,2.79,1.64,3.06,5.12,9.59,True,False,False,59.385,57.114,3.04,55086372.63007355,1047670.0,True,2A,85,0.996,11.08,30.74,30.51,3.22,3.02,2.93,1,True,1620.0,False,False,False,False,1.022,844460.0,4.59,1.95,False,0.2196,0.78,True,True,-10.21,1047670.0,54.82,31.18,9.27,46.3,bullish,7.1,0.0823,0.0741,1.11,True,False,False,False,90.3,,True,48.6,0.88,3.18,False,-0.37,0.83,False,41.0,25.5,46.5,56.4,neutral,neutral,0,False,False,55.831,True,False,7,90.2,False,False,True,1.0,False,False,True,scooter,1.0,True,True
DSGN,15.229999542236328,1.9,6.19,12.35,34.99,-4.45,192.88,0.86,29.29,38.83,47.15,95.2,62.12,False,False,833800577.5111606,Health technology,Biotechnology,NASDAQ,"Design Therapeutics, Inc.","NASDAQ Composite, Russell 2000, Nasdaq US Small Cap Growth, NASDAQ Biotechnology, Russell 3000, Mini-Russell 2000",0.753,4.94,14.343,13.815,1.18,1.88,1.25,2.07,6.19,10.25,False,False,False,15.849,15.321,4.58,9661357.838392258,704896.0,True,2B,100,7.314,12.35,26.08,34.99,4.71,4.22,5.65,2,True,1309.0,False,False,False,False,0.835,619180.0,1.74,1.6,False,0.2855,0.714,True,True,-5.81,704896.0,71.77,27.03,16.71,32.05,bullish,9.15,0.0883,0.0883,1.0,True,False,False,False,94.7,,True,,0.809,2.22,False,-0.67,0.58,False,39.3,25.0,27.7,70.0,neutral,neutral,1,False,False,14.385,True,False,8,90.2,False,False,True,1.0,True,False,True,minervini+scooter,2.0,True,True
GCBC,35.290000915527344,1.78,3.09,7.31,37.66,0.0,66.78,3.04,7.28,41.21,60.9,89.1,64.52,False,False,558946656.1080459,Finance,Savings banks,NASDAQ,"Greene County Bancorp, Inc.","NASDAQ Composite, Russell 2000, NASDAQ Bank, Mini-Russell 2000",0.966,2.74,34.232,33.695,1.1,1.65,1.13,1.73,3.09,4.74,False,False,False,36.164,35.627,2.41,1622168.0097923279,50056.0,True,2B,100,5.16,7.31,32.39,37.66,2.68,2.58,3.44,1,True,1620.0,False,False,False,False,1.262,29620.0,3.01,1.41,False,0.2888,0.711,True,False,14.85,50056.0,57.01,25.88,12.55,29.3,bullish,5.48,0.0722,0.0658,1.1,True,False,False,False,92.0,,True,,0.839,2.49,False,-0.27,0.76,False,31.0,10.0,0.0,90.0,neutral,bullish,0,False,False,34.28,True,False,8,90.1,False,False,False,0.0,True,False,True,minervini+scooter,2.0,True,True
CLDX,40.56999969482422,-1.32,0.46,7.5,31.51,-9.58,86.53,-3.22,14.99,32.02,66.82,89.9,53.75,False,False,2767630508.9052505,Health technology,Biotechnology,NASDAQ,"Celldex Therapeutics, Inc.","NASDAQ Composite, Russell 2000, Nasdaq US Small Cap Growth, Russell 3000, Mini-Russell 2000",1.699,4.19,40.383,38.911,0.11,0.98,0.11,1.02,0.46,4.26,False,False,False,43.782,42.31,4.14,41444397.874176025,1111124.0,True,2B,100,4.769,7.5,25.3,31.51,4.12,4.29,4.06,1,True,1620.0,False,False,False,False,0.446,929680.0,-1.74,0.47,False,0.4604,0.54,False,False,-20.98,1111124.0,68.36,23.05,22.39,23.92,bullish,6.12,0.0708,0.0708,1.0,True,False,False,False,88.0,,False,46.1,0.549,1.67,False,-0.97,0.38,False,57.6,45.1,41.9,90.0,deceleration,bullish,0,False,False,40.47,True,False,8,90.1,False,False,True,1.0,True,False,True,minervini+scooter,2.0,True,True
PDEX,66.86000061035156,0.96,3.36,8.06,33.38,-2.31,179.63,-0.43,21.72,5.26,65.62,88.0,59.3,False,False,196258890.7510335,Health technology,Medical specialties,NASDAQ,"Pro-Dex, Inc.","NASDAQ Composite, Russell 2000, Mini-Russell 2000",3.327,4.98,64.688,61.529,0.65,1.6,0.67,1.74,3.36,8.66,False,False,False,71.342,68.182,4.98,5458588.982086182,88376.0,True,2B,100,7.527,8.06,23.48,33.38,4.19,5.0,5.33,2,True,1620.0,False,False,False,False,0.34,32000.0,0.77,1.81,False,1.0049,0.0,False,False,-56.09,88376.0,61.61,17.43,20.66,16.58,bullish,5.42,0.0506,0.0506,1.0,True,False,False,False,87.4,,True,,0.803,1.5,False,-1.25,0.29,False,40.3,20.1,39.6,67.9,neutral,neutral,0,False,False,64.813,True,False,8,90.0,False,True,True,2.0,True,False,True,minervini+scooter,2.0,True,True
KURA,12.399999618530272,8.35,13.88,17.64,27.94,-1.04,67.57,9.93,19.35,10.22,48.5,76.4,67.4,False,False,967640582.2876447,Health technology,Biotechnology,NASDAQ,"Kura Oncology, Inc.","NASDAQ Composite, Russell 2000, Nasdaq US Small Cap Growth, NASDAQ Biotechnology, Russell 3000, Mini-Russell 2000",0.708,5.71,10.889,10.673,2.13,2.44,2.43,2.83,13.88,16.18,True,False,False,12.306,12.09,5.14,18274598.74538803,1693680.0,True,2A,85,0.32,17.64,31.87,27.94,6.86,5.31,4.55,1,True,1620.0,False,False,False,False,1.406,3000300.0,3.46,4.29,False,0.2429,0.757,True,True,226.01,1693680.0,81.79,35.64,14.5,32.98,expanding,10.08,0.1264,0.117,1.08,True,False,False,False,95.4,,False,,0.877,2.62,False,0.98,1.58,False,58.2,25.5,94.5,65.5,deceleration,bullish,0,False,False,10.918,True,False,7,90.0,False,False,True,1.0,False,False,True,scooter,1.0,True,True
ELMD,40.290000915527344,-1.13,-1.86,-2.48,29.2,-13.0,99.46,0.15,4.89,5.42,65.06,88.2,45.8,False,False,343291470.83146065,Health technology,Medical specialties,NYSE Arca,"Electromed, Inc.","Russell 2000, Nasdaq US Small Cap Growth, Mini-Russell 2000",1.643,4.08,41.054,42.007,-0.46,-1.05,-0.46,-1.0,-1.86,-4.09,False,False,False,44.339,45.293,3.62,4069429.9266967773,96644.0,True,2B,100,5.644,-2.48,24.32,29.2,3.4,3.55,4.41,1,True,1620.0,False,False,False,False,0.915,71860.0,0.22,2.13,False,1.1364,0.0,False,False,-48.23,96644.0,53.13,18.9,19.77,12.72,transitioning,0.55,0.0587,0.0553,1.06,False,False,False,False,92.9,,False,,0.274,-0.62,False,-0.44,0.61,False,40.1,21.7,14.9,90.0,neutral,bullish,0,False,False,41.046,False,False,7,89.9,True,True,True,3.0,False,True,False,canslim,1.0,True,True
CNK,38.400001525878906,3.16,5.56,13.42,34.89,0.0,76.24,2.35,17.4,45.77,49.23,85.8,65.41,False,False,3905382494.813717,Consumer services,Movies/Entertainment,NYSE,"Cinemark Holdings, Inc.","Russell 2000, Nasdaq US Small Cap Growth, Russell 3000, Mini-Russell 2000, STOXX Developed Markets 2400",1.235,3.22,36.379,34.014,1.64,3.55,1.73,4.01,5.56,12.89,True,False,False,38.848,36.484,3.26,84817513.99921799,2501542.0,True,2B,100,3.96,13.42,29.97,34.89,3.31,2.85,3.07,1,True,1604.0,False,False,False,False,1.121,2122620.0,1.59,4.92,False,0.4564,0.544,False,False,-5.93,2501542.0,35.46,30.03,13.21,36.36,bullish,7.35,0.077,0.0658,1.17,True,False,False,False,93.4,,True,35.2,0.885,3.68,False,0.56,1.19,False,51.2,21.3,52.2,90.0,neutral,bullish,0,False,False,36.466,True,False,8,89.7,True,False,True,2.0,True,False,False,minervini,1.0,True,True
NET,280.3500061035156,-4.68,-3.64,4.19,27.76,-15.26,75.01,-8.68,6.94,29.69,75.01,86.5,47.1,False,False,84249317036.18794,Technology services,Information technology services,NYSE,"Cloudflare, Inc.","Nasdaq US Large Cap Growth, ISE CTA Cloud Computing, Russell 3000, Russell 1000, STOXX Global 1800, STOXX North America 600, STOXX USA 500, STOXX Global 1800 ex Asia/Pacific, STOXX Global 1800 ex Europe, STOXX Developed Markets 2400, STOXX USA 500",16.213,5.78,290.946,279.42,-0.65,0.06,-0.63,0.06,-3.64,0.33,False,False,False,323.373,311.847,6.02,957606043.8436584,3503884.0,True,2B,100,3.412,4.19,24.46,27.76,5.1,5.91,4.98,1,True,1620.0,False,False,False,False,0.639,2810120.0,-7.71,-4.36,False,0.5308,0.469,False,False,-15.47,3503884.0,50.09,20.48,21.34,23.12,bullish,5.11,0.094,0.0877,1.07,True,False,False,False,90.9,,False,95.7,0.364,0.7,False,-0.59,0.75,False,44.1,22.4,38.4,78.9,deceleration,bullish,0,False,False,291.488,False,False,8,89.7,False,False,True,1.0,True,False,False,minervini,1.0,False,True
FNKO,6.869999885559082,9.77,13.11,18.76,54.79,0.0,144.48,12.81,18.65,31.86,41.65,93.4,66.99,False,False,324398995.18584067,Consumer durables,Recreational products,NASDAQ,"Funko, Inc.","NASDAQ Composite, Russell 2000, NASDAQ Industrials, Russell 3000, Mini-Russell 2000",0.402,5.85,6.074,5.864,1.98,2.5,2.24,2.93,13.11,17.16,True,False,False,6.878,6.668,5.93,5523733.806918144,947180.0,True,2B,100,7.16,18.76,42.17,54.79,5.5,6.28,4.96,1,True,1620.0,False,False,False,False,0.797,882480.0,13.37,5.69,False,0.6141,0.386,False,False,164.35,947180.0,58.38,32.08,11.98,28.48,expanding,8.4,0.1234,0.0621,1.99,True,False,False,False,97.1,1w,True,,0.911,2.7,False,0.25,1.17,False,38.9,14.7,64.7,45.2,deceleration,bearish,0,False,False,6.086,True,False,8,89.7,,,,,True,False,False,minervini,1.0,True,True
S,20.81999969482422,-2.96,-0.53,10.88,31.42,-12.67,74.37,-4.58,14.77,11.28,68.31,76.3,51.65,False,False,5454006978.667781,Technology services,Packaged software,NYSE,"SentinelOne, Inc.","Nasdaq US Small Cap Growth, Russell 3000, Russell 1000, STOXX Developed Markets 2400",0.962,4.62,20.932,19.702,-0.12,1.16,-0.12,1.23,-0.53,5.67,False,False,False,22.856,21.626,4.27,127875739.90509224,6751220.0,True,2B,100,2.406,10.88,30.51,31.42,4.42,4.41,4.26,1,True,1244.0,False,False,False,False,0.623,6433960.0,-3.83,-1.75,False,0.4962,0.504,False,False,-1.74,6751220.0,48.73,25.84,23.22,24.18,bullish,8.06,0.0923,0.0911,1.01,True,False,False,False,90.9,,False,27.6,0.502,2.12,False,-1.18,0.6,False,52.1,13.3,65.9,90.0,deceleration,bullish,0,False,False,20.992,True,False,8,89.6,False,False,True,1.0,True,False,False,minervini,1.0,False,True
TWN,97.2699966430664,1.56,4.01,5.42,32.54,-4.2,121.96,-0.92,13.37,3.56,61.93,90.9,61.35,False,False,555596456.8000001,Miscellaneous,Investment trusts,NYSE,"Taiwan Fund, Inc. (The)",,3.101,3.19,93.519,91.109,1.21,1.99,1.26,2.12,4.01,6.76,False,False,False,99.721,97.311,2.36,3959462.747467041,43004.0,True,2B,100,5.89,5.42,20.55,32.54,2.45,2.33,3.02,1,True,1620.0,False,False,False,False,1.218,27980.0,-0.09,-0.36,False,0.6288,0.371,False,True,-43.4,43004.0,62.75,28.09,23.4,20.4,bullish,4.32,0.0475,0.0475,1.0,True,False,False,False,90.5,,False,,0.891,1.61,False,-0.29,0.84,False,38.2,8.0,66.6,50.0,momentum,bearish,0,False,False,93.65,True,False,8,89.5,,,,,True,False,False,minervini,1.0,True,True
MYE,33.43000030517578,0.35,1.1,5.52,43.32,-9.01,117.0,1.18,6.33,50.8,52.19,93.4,54.38,False,False,1207092250.5062132,Producer manufacturing,Miscellaneous manufacturing,NYSE,"Myers Industries, Inc.","Russell 2000, Russell 3000, Mini-Russell 2000",1.202,3.6,33.066,32.525,0.3,0.75,0.31,0.77,1.1,2.78,False,False,False,35.47,34.929,4.06,15818180.82282257,495270.0,True,2B,100,7.991,5.52,33.8,43.32,2.78,3.06,3.76,1,True,1620.0,False,False,False,False,0.684,327280.0,2.01,-0.3,False,0.5111,0.489,False,True,-20.77,495270.0,41.15,26.96,18.69,21.84,bullish,5.25,0.072,0.072,1.0,True,False,False,False,94.3,,False,34.1,0.251,1.46,False,-0.69,0.6,False,50.3,28.8,39.2,90.0,neutral,bullish,0,False,False,33.108,True,False,8,89.5,True,False,True,2.0,True,False,False,minervini,1.0,False,True
EZPW,35.04999923706055,14.76,15.92,11.74,31.06,-1.52,119.06,19.67,18.65,3.73,39.53,89.3,68.44,False,False,2001149942.177885,Finance,Finance/Rental/Leasing,NASDAQ,"EZCORP, Inc.","NASDAQ Composite, Nasdaq US Small Cap Growth, NASDAQ Real Estate and Other Financial Services",1.694,4.83,30.236,31.242,2.84,2.25,3.29,2.52,15.92,12.19,True,False,False,33.624,34.629,4.26,35200481.444129944,1120084.0,True,2B,100,4.37,11.74,20.39,31.06,5.64,4.7,4.81,1,True,1620.0,False,False,True,True,2.262,1528520.0,21.45,8.78,True,0.7128,0.287,False,False,461.28,1120084.0,49.78,40.08,18.83,24.94,bullish_crossover,1.55,0.0938,0.0273,3.44,False,False,False,False,98.9,1w,False,46.0,0.977,2.17,True,3.05,2.4,False,31.7,27.6,18.8,50.0,neutral,bearish,0,False,False,30.224,True,False,8,89.3,,,,,True,False,False,minervini,1.0,True,True
PTEN,11.859999656677246,1.56,6.57,15.99,30.37,-6.87,137.03,-2.95,16.27,-2.79,44.85,90.7,60.93,False,False,3640533388.650973,Industrial services,Contract drilling,NASDAQ,"Patterson-UTI Energy, Inc.","NASDAQ Composite, Russell 2000, NASDAQ Industrials, Russell 3000, Mini-Russell 2000, STOXX Developed Markets 2400",0.513,4.33,11.129,10.232,1.43,3.17,1.52,3.68,6.57,15.91,True,False,False,12.155,11.258,3.93,92283757.56620026,9155814.0,True,2B,100,5.825,15.99,17.18,30.37,3.48,3.84,3.8,1,True,1594.0,False,False,False,False,0.627,5313720.0,-4.89,-3.89,False,1.478,0.0,False,False,-38.91,9155814.0,64.78,32.47,18.09,30.34,expanding,9.14,0.0822,0.0822,1.0,True,False,False,False,93.7,,False,13.2,0.802,3.19,False,-1.25,0.54,False,38.8,30.0,39.2,50.0,neutral,bearish,0,False,False,11.164,True,False,8,89.3,False,False,True,1.0,True,False,False,minervini,1.0,True,True
MLAB,124.31999969482422,7.68,13.01,21.81,35.01,-0.35,109.93,15.5,27.51,14.61,32.92,86.7,71.06,True,False,565863437.5592461,Health technology,Medical specialties,NASDAQ,"Mesa Laboratories, Inc.","NASDAQ Composite, Russell 2000, Nasdaq US Small Cap Growth, NASDAQ Industrials, Russell 3000, Mini-Russell 2000",5.813,4.68,110.004,103.09,2.46,3.65,2.78,4.4,13.01,20.59,True,False,False,121.63,114.715,4.53,19735040.345687866,193670.0,True,2B,100,3.862,21.81,28.92,35.01,4.83,5.01,4.28,1,True,1620.0,False,False,False,False,0.92,185020.0,16.56,-0.35,False,0.442,0.558,False,True,7.62,193670.0,69.79,31.52,10.87,28.59,expanding,10.59,0.1261,0.0442,2.86,True,False,False,False,98.2,1w,True,,0.97,3.83,False,-0.41,0.77,False,29.7,21.7,0.0,70.0,deceleration,neutral,0,False,False,110.351,True,False,8,89.1,False,True,True,2.0,True,False,False,minervini,1.0,False,True
SXT,137.4499969482422,3.59,6.32,12.38,31.7,0.0,66.81,3.0,8.77,20.51,50.63,79.9,68.51,True,False,5115937852.331308,Consumer non-durables,Food: specialty/candy,NYSE,Sensient Technologies Corporation,"Russell 2000, Nasdaq US Small Cap Growth, Russell 3000, Mini-Russell 2000, STOXX Developed Markets 2400",3.852,2.8,129.275,123.405,2.12,3.65,2.26,4.06,6.32,11.38,True,False,False,136.979,131.109,2.54,64380450.11102295,535108.0,True,2B,100,3.674,12.38,27.45,31.7,2.82,2.42,2.8,1,True,1620.0,False,False,False,False,1.844,360240.0,3.42,2.15,False,0.2225,0.777,True,False,21.11,535108.0,74.41,29.64,6.55,48.84,bullish,6.83,0.077,0.0628,1.23,True,False,False,False,87.1,,True,72.0,0.955,3.93,False,0.22,1.16,False,57.1,34.5,54.3,90.0,neutral,bullish,0,False,False,129.549,True,False,8,88.7,True,False,True,2.0,True,False,False,minervini,1.0,True,True
KMX,62.79999923706055,4.38,6.63,12.42,39.55,0.0,103.37,7.3,7.74,55.72,48.39,88.5,67.66,True,False,7487229168.24121,Retail trade,Specialty stores,NYSE,CarMax Inc,"Russell 3000, Russell 1000, STOXX Developed Markets 2400",2.112,3.36,58.893,56.89,1.85,2.8,1.97,3.09,6.63,10.39,True,False,False,63.118,61.115,3.1,165306693.4808731,3012236.0,True,2B,100,3.597,12.42,33.63,39.55,3.75,3.26,3.37,1,True,1620.0,False,False,False,False,1.081,1964980.0,6.71,1.08,False,0.1324,0.868,True,False,22.81,3012236.0,70.79,27.96,13.04,25.7,bullish,7.49,0.1011,0.0658,1.54,True,False,False,False,93.9,,True,53.9,0.949,3.29,False,-0.48,0.73,False,16.3,3.3,0.0,50.0,deceleration,bearish,0,False,False,59.004,True,False,8,88.7,False,False,True,1.0,True,False,False,minervini,1.0,False,True
STT,190.9199981689453,1.49,2.43,5.9,32.11,-1.1,77.24,-1.1,2.98,24.63,54.36,88.2,59.33,False,False,46527303705.224655,Finance,Finance/Rental/Leasing,NYSE,State Street Corporation,"S&P 500, S&P 500 Financials, S&P 500 ESG, KBW NASDAQ Bank, Russell 3000, Russell 1000, STOXX Global 1800, STOXX North America 600, STOXX USA 500, STOXX Global 1800 ex Asia/Pacific, STOXX Global 1800 ex Europe, STOXX Developed Markets 2400, STOXX USA 500",4.329,2.27,186.399,183.067,1.04,1.81,1.07,1.89,2.43,4.29,False,False,False,195.056,191.725,2.11,400115752.1002197,2238202.0,True,2B,100,5.338,5.9,25.79,32.11,2.3,1.89,2.28,1,True,1620.0,False,False,False,False,1.084,1468720.0,-0.96,2.03,False,0.277,0.723,True,False,-44.31,2238202.0,62.59,25.08,20.08,16.05,bullish,3.96,0.0509,0.0499,1.02,True,False,False,False,90.1,,True,74.5,0.784,2.46,False,-0.49,0.74,False,51.3,31.7,50.2,78.5,neutral,bullish,0,False,False,186.594,True,False,8,88.6,True,False,True,2.0,True,False,False,minervini,1.0,True,True
ACU,61.61000061035156,1.77,5.82,18.26,38.91,-1.94,75.45,-0.48,14.22,46.62,41.18,89.4,65.71,False,False,186478974.56391925,Distribution services,Wholesale distributors,NYSE Arca,Acme,"Russell 2000, Mini-Russell 2000",2.382,3.87,58.223,53.682,1.42,3.33,1.5,3.82,5.82,14.77,True,False,False,62.987,58.447,3.61,1504342.1087493896,27540.0,True,2B,100,4.954,18.26,33.32,38.91,4.01,3.67,3.33,1,True,1620.0,True,False,False,False,0.939,39500.0,2.46,1.07,False,0.2496,0.75,True,True,69.3,27540.0,76.07,24.63,11.96,36.06,bullish,11.17,0.1092,0.1092,1.0,True,False,False,False,94.7,,True,,0.796,3.99,False,0.4,1.32,False,57.4,23.6,69.9,90.0,deceleration,bullish,1,False,False,58.43,True,False,8,88.5,False,True,True,2.0,True,False,False,minervini,1.0,True,True
INFU,11.949999809265137,-0.72,3.81,17.1,26.75,-4.32,61.05,-1.73,31.03,23.71,57.65,79.0,59.91,False,False,202826124.97790053,Commercial services,Miscellaneous commercial services,NYSE Arca,"InfuSystems Holdings, Inc.",Nasdaq US Small Cap Growth,0.509,4.26,11.512,10.477,0.86,2.9,0.89,3.3,3.81,14.06,True,False,False,12.529,11.494,4.93,2152196.0391845703,209876.0,True,2B,100,1.907,17.1,25.88,26.75,2.65,5.02,4.04,1,True,1620.0,False,False,False,False,0.455,94900.0,-2.05,-2.13,False,0.6293,0.371,False,False,-55.76,209876.0,63.54,30.55,13.87,42.5,bullish,11.22,0.0918,0.0918,1.0,True,False,False,False,94.5,,False,,0.751,3.43,False,-0.34,0.38,False,60.2,33.3,66.1,90.0,deceleration,bullish,0,False,False,11.559,True,False,8,88.1,True,True,True,3.0,True,True,False,minervini+canslim,2.0,True,True
VSXY,87.12000274658203,-0.91,-0.97,2.69,43.55,-12.85,300.37,3.59,4.27,66.1,43.12,97.7,49.79,False,False,7035017406.596386,Retail trade,Apparel/Footwear retail,NYSE,Victorias Secret & Co.,"Russell 2000, Nasdaq US Small Cap Growth, Russell 3000, Mini-Russell 2000, STOXX Developed Markets 2400",4.194,4.81,87.969,85.825,-0.2,0.31,-0.2,0.31,-0.97,1.51,False,False,False,96.358,94.213,4.61,145039059.8746338,1702064.0,True,2B,100,10.519,2.69,34.43,43.55,4.0,4.62,4.42,1,True,1230.0,False,False,False,False,0.642,1131460.0,3.08,2.03,False,0.5798,0.42,False,False,-69.08,1702064.0,45.3,23.4,22.38,16.0,transitioning,3.96,0.0903,0.0903,1.0,False,False,False,False,94.7,,False,73.8,0.204,0.54,False,-0.95,0.57,False,70.0,33.2,99.0,90.0,momentum,bullish,0,False,False,88.054,False,False,8,88.0,False,False,True,1.0,True,False,False,minervini,1.0,False,True
VG,14.390000343322754,2.95,5.2,12.68,30.02,-17.8,143.74,4.65,0.56,4.19,53.02,79.5,57.11,False,False,27203719886.66205,Industrial services,Oil & gas pipelines,NYSE,"Venture Global, Inc.",,0.721,5.01,13.679,13.146,0.99,1.73,1.04,1.89,5.2,9.46,False,False,False,15.121,14.588,4.3,190153322.7394848,14728536.0,True,2B,100,3.875,12.68,16.19,30.02,3.3,4.37,4.39,1,True,348.0,False,False,False,False,0.913,13729360.0,2.57,1.27,False,0.4902,0.51,False,True,-47.68,14728536.0,51.76,23.85,21.81,8.25,bullish,5.51,0.0614,0.0471,1.31,True,False,False,False,85.8,,False,20.4,0.898,2.25,False,-0.46,0.84,False,39.1,18.8,55.2,50.0,neutral,bearish,0,False,False,13.703,True,False,8,87.9,,,,,True,False,False,minervini,1.0,True,True
WEX,203.25,4.15,8.03,22.83,30.39,0.0,60.22,7.61,15.38,35.0,34.01,80.8,71.94,True,False,4784550650.383002,Commercial services,Miscellaneous commercial services,NYSE,WEX Inc.,"Nasdaq US Small Cap Growth, KBW NASDAQ Financial Technology, S&P MidCap 400, Russell 3000, Russell 1000, STOXX Developed Markets 2400",6.102,3.0,188.139,173.868,2.48,4.81,2.68,5.63,8.03,16.9,True,False,False,200.344,186.073,2.86,117763313.59970093,713486.0,True,2B,100,2.455,22.83,28.8,30.39,2.44,2.83,2.95,1,True,1620.0,False,False,False,False,0.706,438140.0,6.32,1.66,False,0.4971,0.503,False,False,-2.51,713486.0,65.13,34.18,10.98,41.48,bullish,10.84,0.1119,0.0875,1.28,True,False,False,False,93.3,,True,82.2,0.971,6.19,False,-0.73,0.63,False,39.8,26.3,7.5,90.0,neutral,bullish,0,False,False,188.783,True,False,8,87.9,True,False,True,2.0,True,False,False,minervini,1.0,True,True
SENEA,189.66000366210935,0.4,3.55,8.94,34.1,-2.27,87.45,0.08,14.1,36.41,41.64,88.0,61.44,False,False,1154198945.0569696,Consumer non-durables,Food: specialty/candy,NASDAQ,Seneca Foods Corp.,"NASDAQ Composite, Russell 2000, Nasdaq US Small Cap Growth, NASDAQ Industrials, NASDAQ US Benchmark Food Producers, Russell 3000, Mini-Russell 2000",7.197,3.79,183.158,176.554,0.9,1.82,0.94,1.96,3.55,7.42,False,False,False,197.551,190.948,3.78,22025892.04043579,127568.0,True,2B,100,4.972,8.94,26.1,34.1,3.38,4.15,4.04,1,True,1620.0,False,False,False,False,0.616,70400.0,-0.53,-2.27,False,0.1862,0.814,True,True,-59.89,127568.0,69.85,29.83,10.97,40.04,bullish,7.85,0.0807,0.0807,1.0,True,False,False,False,89.3,,True,85.5,0.738,2.16,False,-0.91,0.46,False,65.0,46.0,65.4,90.0,deceleration,bullish,0,False,False,183.602,True,False,8,87.8,True,True,True,3.0,True,True,False,minervini+canslim,2.0,True,True
HELE,28.57999992370605,-0.57,-0.32,1.36,30.47,-5.43,105.91,1.53,0.39,11.42,64.35,81.8,50.17,False,False,661028685.4387351,Consumer durables,Home furnishings,NASDAQ,Helen of Troy Limited,"NASDAQ Composite, Russell 2000, NASDAQ Industrials, Nasdaq Innovators Completion Cap, Russell 3000, Mini-Russell 2000",1.447,5.06,28.672,28.339,-0.06,0.17,-0.06,0.17,-0.32,0.85,False,False,False,31.565,31.232,4.49,13699547.806995392,490930.0,True,2B,100,4.154,1.36,26.48,30.47,4.7,4.81,5.33,2,True,1620.0,False,False,False,False,0.781,272340.0,1.35,-1.65,False,0.3115,0.688,False,False,-41.81,490930.0,59.54,17.37,20.39,11.43,bullish,2.44,0.0466,0.0466,1.0,True,False,False,False,93.1,,False,,0.402,0.26,False,-0.96,0.52,False,47.8,18.3,84.8,50.0,momentum,bearish,0,False,False,28.689,False,False,8,87.8,False,False,True,1.0,True,False,False,minervini,1.0,False,True
CNC,65.6500015258789,0.69,0.83,0.99,33.96,-4.47,131.32,1.93,3.53,11.01,51.48,90.4,52.01,False,False,32457274935.624367,Health services,Managed health care,NYSE,Centene Corporation,"S&P 500, S&P 500 Health Care, S&P 500 ESG, Russell 3000, Russell 1000, STOXX Global 1800, STOXX North America 600, STOXX USA 500, STOXX Global 1800 ex Asia/Pacific, STOXX Global 1800 ex Europe, STOXX Developed Markets 2400, STOXX USA 500",2.337,3.56,65.11,65.46,0.23,0.08,0.23,0.08,0.83,0.29,False,False,False,69.785,70.135,3.99,314365158.1736984,4868312.0,True,2B,100,6.317,0.99,26.21,33.96,2.07,3.44,3.65,1,True,1620.0,False,False,False,False,0.729,3240120.0,1.17,0.97,False,0.845,0.155,False,False,12.19,4868312.0,65.82,16.64,21.5,17.74,bullish,1.85,0.0359,0.0359,1.0,True,False,False,False,89.2,,False,56.6,0.767,0.28,False,-0.67,0.72,False,53.2,31.0,46.1,90.0,neutral,bullish,0,False,False,65.124,False,False,8,87.6,False,False,True,1.0,True,False,False,minervini,1.0,True,True
FRO,44.04999923706055,3.73,7.36,12.66,40.23,-0.9,135.96,4.43,12.12,23.84,35.16,91.1,67.33,False,False,7907565456.012477,Transportation,Marine shipping,NYSE,Frontline Plc,,1.45,3.29,41.029,38.953,2.08,3.52,2.24,3.98,7.36,13.08,True,False,False,43.928,41.852,2.93,99887266.79891968,2555486.0,True,2B,100,6.362,12.66,27.36,40.23,3.05,3.06,3.52,1,True,1620.0,False,False,False,False,1.251,2140080.0,3.74,0.87,False,0.4884,0.512,False,True,60.81,2555486.0,65.23,36.83,13.47,27.94,expanding,8.19,0.0942,0.0919,1.03,True,False,False,False,90.5,,True,40.5,0.858,3.41,False,-0.09,0.96,False,59.3,25.0,74.2,90.0,deceleration,bullish,0,False,False,41.128,True,False,8,87.6,True,False,True,2.0,True,False,False,minervini,1.0,True,True
DGII,73.91999816894531,-4.57,-3.14,2.8,33.34,-13.28,120.66,-11.3,10.41,11.73,54.32,90.5,46.81,False,False,2659890000.910076,Electronic technology,Telecommunications equipment,NASDAQ,Digi International Inc.,"NASDAQ Composite, Russell 2000, Nasdaq US Small Cap Growth, NASDAQ Telecommunications, Russell 3000, Mini-Russell 2000",3.309,4.48,76.318,72.69,-0.72,0.37,-0.7,0.38,-3.14,1.69,False,False,False,82.935,79.307,4.51,29554026.304000854,408684.0,True,2B,100,7.603,2.8,23.4,33.34,4.35,4.85,3.98,1,True,1620.0,False,False,False,False,1.521,472820.0,-9.41,-1.32,False,0.5698,0.43,False,False,95.25,408684.0,45.03,22.58,27.57,27.4,transitioning,4.8,0.0903,0.087,1.04,False,False,False,False,88.9,,False,68.1,0.435,0.61,False,0.84,1.46,False,46.4,19.6,33.2,95.2,deceleration,bullish,0,False,False,76.472,False,False,8,87.4,True,True,True,3.0,True,True,False,minervini+canslim,2.0,True,True
IMNM,28.01000022888184,1.65,6.74,20.38,28.39,-6.09,211.57,2.23,26.11,29.32,28.49,92.1,61.76,False,False,2260477721.639176,Health technology,Biotechnology,NASDAQ,"Immunome, Inc.","NASDAQ Composite, Russell 2000, Nasdaq US Small Cap Growth, Russell 3000, Mini-Russell 2000",1.439,5.14,26.241,24.354,1.23,2.54,1.31,2.92,6.74,15.01,True,False,False,29.119,27.232,5.1,32387753.426776886,1417020.0,True,2B,100,4.971,20.38,24.02,28.39,4.98,5.54,4.36,1,True,1071.0,False,False,False,False,1.175,1435460.0,3.36,-1.79,False,0.4438,0.556,False,True,101.31,1417020.0,75.7,30.14,9.71,49.48,bullish,12.08,0.1113,0.1113,1.0,True,False,False,False,92.5,,True,40.1,0.742,3.3,False,-0.08,0.96,False,38.0,15.6,34.7,71.3,neutral,neutral,0,False,False,26.345,True,False,8,87.3,False,False,True,1.0,True,False,False,minervini,1.0,True,True
CHMG,82.58000183105469,0.02,1.26,6.21,30.63,-1.6,67.99,-0.25,1.98,20.36,48.23,86.2,58.14,False,False,364281999.0571774,Finance,Regional banks,NASDAQ,Chemung Financial Corp,"NASDAQ Composite, Russell 2000, NASDAQ Bank, Mini-Russell 2000",2.191,2.65,81.551,79.093,0.47,1.59,0.48,1.66,1.26,4.41,False,False,False,85.933,83.475,2.4,4546153.906494141,58478.0,True,2B,100,5.33,6.21,24.18,30.63,2.69,2.27,2.79,1,True,1620.0,False,False,False,False,0.853,43960.0,0.55,-0.12,False,0.2511,0.749,True,False,-20.2,58478.0,46.89,21.27,13.03,34.49,bullish,4.71,0.0536,0.0536,1.0,True,False,False,False,89.5,,True,,0.457,2.2,False,-0.41,0.82,False,53.6,23.1,77.9,70.0,deceleration,neutral,0,False,False,81.665,True,False,8,87.2,False,False,True,1.0,True,False,False,minervini,1.0,True,True
XMAX,9.029999732971191,1.85,2.07,3.75,26.04,-3.32,434.32,0.89,7.12,7.63,45.18,97.2,55.19,False,False,559064416.1722542,Consumer durables,Home furnishings,NASDAQ,"XMAX, Inc.","NASDAQ Composite, Nasdaq US Small Cap Growth, NASDAQ Industrials",0.288,3.19,8.846,8.787,0.64,0.84,0.65,0.87,2.07,2.77,False,False,False,9.423,9.363,3.1,9135904.343187332,1052172.0,True,2B,100,4.91,3.75,18.26,26.04,3.08,3.16,3.33,1,True,419.0,False,False,False,False,1.056,590300.0,0.89,4.88,False,0.5243,0.476,False,False,76.33,1052172.0,53.22,24.56,20.79,16.44,bullish,1.65,0.0286,0.0286,1.0,True,False,False,False,88.7,,False,,0.664,1.13,False,-0.28,0.6,False,44.9,13.9,45.7,85.3,deceleration,bullish,0,False,False,8.85,False,False,8,87.2,False,False,True,1.0,True,False,False,minervini,1.0,True,True
HOG,28.290000915527344,3.05,5.3,8.87,24.83,-5.86,65.85,4.66,10.98,20.14,48.73,71.9,62.44,False,False,2651708455.2333074,Consumer durables,Motor vehicles,NYSE,"Harley-Davidson, Inc.","S&P MidCap 400, Russell 3000, Russell 1000",0.944,3.34,26.866,26.108,1.51,2.31,1.59,2.5,5.3,8.36,True,False,False,28.755,27.997,3.12,68787389.86821365,2647024.0,True,2B,100,0.13,8.87,23.74,24.83,2.32,3.09,3.31,1,True,1620.0,False,False,False,False,1.084,1892360.0,4.28,0.32,False,0.5926,0.407,False,True,-57.78,2647024.0,55.48,29.61,14.29,24.76,expanding,5.37,0.0673,0.0544,1.24,True,False,False,False,90.3,,True,26.9,0.919,2.44,False,-0.22,0.84,False,36.0,12.0,46.1,57.8,neutral,bearish,0,False,False,26.906,True,False,8,87.1,False,False,True,1.0,True,False,False,minervini,1.0,True,True
NHC,228.3800048828125,-0.21,1.4,5.48,33.37,-3.54,108.52,0.08,1.19,16.9,46.4,89.8,54.76,False,False,3226080498.687739,Health services,Hospital/Nursing management,NYSE Arca,National HealthCare Corporation,"Russell 2000, Nasdaq US Small Cap Growth, Russell 3000, Mini-Russell 2000",8.35,3.66,225.223,221.053,0.38,0.88,0.38,0.91,1.4,3.31,False,False,False,241.924,237.754,3.84,28673959.473358154,134118.0,True,2B,100,6.546,5.48,24.06,33.37,3.21,4.23,3.44,1,True,1620.0,False,False,False,False,0.802,98700.0,-0.46,-2.15,False,0.1707,0.829,True,False,15.41,134118.0,63.83,17.77,22.36,16.47,bullish,5.15,0.0639,0.0639,1.0,True,False,False,False,85.2,,False,88.3,0.702,1.42,False,-0.44,0.68,False,58.2,39.2,51.8,90.0,neutral,bullish,0,False,False,225.527,True,False,8,87.0,True,True,True,3.0,True,True,False,minervini+canslim,2.0,True,True
SHIP,17.81999969482422,4.37,6.7,14.02,38.14,-1.93,141.61,4.21,10.14,19.55,35.58,92.1,63.72,False,False,298975630.27253664,Transportation,Marine shipping,NASDAQ,Seanergy Maritime Holdings Corp.,"NASDAQ Composite, NASDAQ Transportation",0.696,3.91,16.7,15.791,1.61,2.91,1.72,3.29,6.7,12.85,True,False,False,18.093,17.183,3.77,4129034.482400894,258546.0,True,2B,100,7.579,14.02,26.09,38.14,2.78,3.46,4.04,1,True,1491.0,False,False,False,False,1.309,275880.0,4.21,1.83,False,0.573,0.427,False,True,131.11,258546.0,61.65,28.23,15.14,18.23,bullish,6.39,0.0776,0.0536,1.45,True,False,False,False,87.8,,True,,0.769,3.15,False,1.25,1.64,False,43.7,10.0,67.2,65.0,momentum,neutral,0,False,False,16.733,True,False,8,86.9,True,False,True,2.0,True,False,False,minervini,1.0,True,True
SEIC,110.75,3.11,5.45,12.58,27.38,0.0,48.17,5.01,11.62,23.05,40.89,78.6,80.83,True,False,10493817518.494823,Finance,Investment managers,NASDAQ,SEI Investments Company,"NASDAQ Composite, Nasdaq US Mid Cap Growth, NASDAQ Real Estate and Other Financial Services, S&P MidCap 400, Russell 3000, Russell 1000, STOXX Developed Markets 2400",2.036,1.84,105.023,100.592,2.81,4.99,2.97,5.49,5.45,10.1,True,False,False,109.096,104.664,1.68,69782440.64099121,712056.0,True,2B,100,2.91,12.58,25.04,27.38,1.58,1.55,2.01,1,True,1620.0,False,False,False,False,1.44,681040.0,4.24,1.11,False,0.2353,0.765,True,False,3.83,712056.0,81.76,36.74,6.83,55.52,bullish,6.71,0.0778,0.0638,1.22,True,False,False,False,86.8,,True,52.5,0.9,6.08,False,0.58,1.22,False,51.4,27.2,43.7,91.4,deceleration,bullish,0,False,False,105.233,True,True,8,86.8,False,False,True,1.0,True,False,False,minervini,1.0,False,True
DAC,150.5,3.15,5.85,12.69,31.75,0.0,83.08,2.88,7.33,16.64,40.58,84.7,70.18,False,False,2239402590.334298,Transportation,Marine shipping,NYSE,Danaos Corporation,,3.713,2.47,142.18,135.362,2.24,4.08,2.37,4.53,5.85,11.18,True,False,False,149.607,142.789,2.54,14492960.598358154,107688.0,True,2B,100,5.261,12.69,24.31,31.75,1.72,2.63,2.36,1,True,1620.0,False,False,False,False,1.159,108460.0,2.73,0.5,False,0.1852,0.815,True,False,42.22,107688.0,80.97,31.82,11.63,31.35,expanding,6.84,0.0794,0.0652,1.22,True,False,False,False,82.2,,True,71.2,0.891,4.56,False,0.91,1.3,False,48.9,25.9,50.3,78.0,neutral,bullish,0,False,False,142.472,True,False,8,86.7,False,False,True,1.0,True,False,False,minervini,1.0,False,True
NWL,6.070000171661377,0.83,3.17,9.31,42.0,-4.56,106.19,0.5,19.49,70.09,35.49,90.6,56.24,False,False,2472917908.105263,Producer manufacturing,Industrial machinery,NASDAQ,Newell Brands Inc.,"NASDAQ Composite, NASDAQ Industrials, Nasdaq Innovators Completion Cap, Russell 3000, Russell 1000",0.332,5.48,5.883,5.649,0.56,1.27,0.58,1.36,3.17,7.45,False,False,False,6.548,6.314,5.9,64064132.16879749,11426458.0,True,2B,100,3.703,9.31,34.24,42.0,3.97,4.31,5.57,2,True,1620.0,False,False,False,False,0.49,5008720.0,0.66,-0.33,False,0.274,0.726,True,False,-33.68,11426458.0,38.32,26.16,15.44,32.44,bullish,8.03,0.0866,0.0864,1.0,True,False,False,False,98.3,3m,True,5.7,0.502,1.56,False,-0.54,0.43,False,40.3,12.4,67.6,50.0,momentum,bearish,0,False,False,5.897,True,False,8,86.6,True,False,True,2.0,True,False,False,minervini,1.0,True,True
LQDT,43.22999954223633,1.28,3.9,9.17,28.62,-0.8,95.08,1.22,15.1,25.56,40.68,88.1,61.55,False,False,1218874282.5448349,Retail trade,Internet retail,NASDAQ,"Liquidity Services, Inc.","NASDAQ Composite, Russell 2000, Nasdaq US Small Cap Growth, NASDAQ Industrials, Russell 3000, Mini-Russell 2000",1.355,3.13,41.609,40.005,1.2,2.38,1.24,2.57,3.9,8.06,True,False,False,44.319,42.715,3.24,8813730.864265442,221826.0,True,2B,100,5.458,9.17,23.01,28.62,1.94,3.49,2.88,1,True,1620.0,False,False,False,False,0.549,163020.0,0.58,-0.09,False,0.3906,0.609,False,True,-3.0,221826.0,64.99,27.8,17.11,24.17,bullish,6.45,0.0672,0.0672,1.0,True,False,False,False,83.1,,True,38.3,0.874,2.68,False,-0.86,0.55,False,42.2,22.1,53.7,57.6,neutral,neutral,0,False,False,41.693,True,False,8,86.4,True,False,True,2.0,True,False,False,minervini,1.0,True,True
TX,55.11000061035156,1.79,5.06,14.33,30.04,-0.61,74.5,1.4,16.51,17.28,30.92,84.4,67.92,False,False,8906479123.0,Non-energy minerals,Steel,NYSE,Ternium S.A.,,1.778,3.23,52.456,48.528,1.49,3.7,1.57,4.2,5.06,13.56,True,False,False,56.012,52.085,3.14,30028981.269088745,615550.0,True,2B,100,4.347,14.33,24.62,30.04,3.66,3.12,2.67,1,True,1620.0,False,False,False,False,0.825,641280.0,1.55,-0.61,False,0.6384,0.362,False,True,61.76,615550.0,67.88,34.84,8.64,52.01,bullish,8.24,0.0797,0.0729,1.09,True,False,False,False,86.3,,True,47.8,0.714,3.88,False,-0.11,0.94,False,47.9,18.2,42.3,93.0,neutral,bullish,0,False,False,52.602,True,False,8,86.3,,,,,True,False,False,minervini,1.0,True,True
UFCS,53.93000030517578,0.93,1.66,4.01,28.56,-1.82,81.22,0.99,5.07,14.86,42.42,84.1,56.61,False,False,1348231568.4626122,Finance,Property/Casualty insurance,NASDAQ,"United Fire Group, Inc","NASDAQ Composite, Russell 2000, NASDAQ Insurance, Russell 3000, Mini-Russell 2000",1.555,2.88,53.049,52.478,0.57,0.93,0.58,0.96,1.66,2.77,False,False,False,56.16,55.589,2.75,8420962.909851074,162370.0,True,2B,100,5.77,4.01,22.78,28.56,2.62,2.88,2.84,1,True,1620.0,False,False,False,False,1.002,181700.0,0.92,1.72,False,0.3407,0.659,False,False,-10.4,162370.0,54.39,21.75,13.41,22.95,bullish,3.28,0.0433,0.0428,1.01,True,False,False,False,86.8,,True,43.1,0.62,1.34,False,-0.16,0.92,False,19.0,10.0,0.0,50.0,deceleration,bearish,0,False,False,53.094,True,False,8,86.1,True,True,True,3.0,True,True,False,minervini+canslim,2.0,False,True
FCX,77.80000305175781,9.23,13.49,19.99,31.59,0.0,122.51,13.78,24.28,25.81,19.24,88.3,70.63,True,False,89775609322.05334,Non-energy minerals,Other metals/Minerals,NYSE,"Freeport-McMoRan, Inc.","S&P 500, PHLX Gold/Silver Sector, S&P 500 Materials, S&P 500 ESG, Russell 3000, Russell 1000, STOXX Global 1800, STOXX North America 600, STOXX USA 500, STOXX Global 1800 ex Asia/Pacific, STOXX Global 1800 ex Europe, STOXX Developed Markets 2400, STOXX USA 500",2.983,3.83,68.554,64.412,3.1,4.49,3.52,5.42,13.49,20.78,True,False,False,74.52,70.379,3.09,960688398.9902344,14801770.0,True,2B,100,4.712,19.99,23.2,31.59,3.72,3.01,2.99,1,True,1620.0,False,False,False,False,1.519,18944840.0,15.98,1.49,False,0.3545,0.646,False,False,115.25,14801770.0,74.19,40.93,14.82,21.56,expanding,8.66,0.1113,0.0285,3.91,True,False,False,True,97.6,1w,True,65.3,0.948,4.34,False,1.51,1.45,False,54.0,23.6,68.7,79.7,momentum,bullish,0,False,False,68.729,True,False,8,86.0,True,False,True,2.0,True,False,False,minervini,1.0,True,True
MRK,150.66000366210938,5.35,9.74,17.18,31.5,-1.24,98.68,10.8,14.95,23.96,23.46,85.5,73.68,False,False,317767607665.0069,Health technology,Pharmaceuticals: major,NYSE,"Merck & Company, Inc.","S&P 500, Dow Jones Industrial Average, S&P 500 Health Care, S&P 500 ESG, S&P 100, Russell 3000, Dow Jones Composite Average, Russell 1000, STOXX Global 1800, STOXX North America 600, STOXX USA 500, STOXX Global 1800 ex Asia/Pacific, STOXX Global 1800 ex Europe, STOXX Global 150, STOXX North America 50, STOXX Americas 100, STOXX Global 200, STOXX Developed Markets 2400, STOXX USA 500",4.336,2.88,137.284,131.036,3.08,4.53,3.39,5.2,9.74,14.98,True,False,False,145.957,139.709,2.42,1393006906.0323792,10759626.0,True,2B,100,4.678,17.18,25.79,31.5,3.19,2.46,2.22,1,True,1620.0,False,False,False,False,1.374,18035840.0,9.78,-1.24,False,0.5163,0.484,False,True,94.2,10759626.0,75.42,40.33,6.11,46.57,expanding,9.71,0.1169,0.055,2.12,True,False,False,False,96.0,,True,74.6,0.865,5.09,False,0.83,1.39,False,60.3,38.3,100.0,50.0,momentum,bearish,2,False,False,137.661,True,False,8,86.0,False,False,True,1.0,True,False,False,minervini,1.0,True,True
ANET,188.1499938964844,-1.41,-0.06,5.71,26.07,-10.62,62.02,-6.76,8.14,22.15,47.65,82.9,51.38,False,False,198450331886.09973,Electronic technology,Computer peripherals,NYSE,"Arista Networks, Inc.","S&P 500, S&P 500 Information Technology, Nasdaq US Large Cap Growth, ISE CTA Cloud Computing, Russell 3000, Russell 1000, STOXX Global 1800, STOXX North America 600, STOXX USA 500, STOXX Global 1800 ex Asia/Pacific, STOXX Global 1800 ex Europe, STOXX Americas 100, STOXX Global 200, STOXX Developed Markets 2400, STOXX USA 500",9.167,4.87,188.266,181.076,-0.01,0.77,-0.01,0.8,-0.06,3.91,False,False,False,206.599,199.409,4.72,1422281405.1766663,7981412.0,True,2B,100,2.543,5.71,20.67,26.07,3.71,4.49,4.66,1,True,1620.0,False,False,False,False,0.653,6450860.0,-4.01,-0.27,False,0.4015,0.599,False,False,-11.94,7981412.0,57.23,26.05,20.84,22.02,bullish,4.77,0.0624,0.0624,1.0,True,False,False,False,89.6,,False,89.8,0.539,1.11,False,-0.96,0.66,False,49.2,21.8,49.6,85.4,neutral,bullish,0,False,False,188.592,False,False,8,86.0,True,True,True,3.0,True,True,False,minervini+canslim,2.0,True,True
MATX,222.67999267578125,2.43,4.22,7.7,34.31,-0.2,155.27,1.24,5.95,22.69,35.98,91.7,63.81,False,False,5885905349.385548,Transportation,Marine shipping,NYSE,"Matson, Inc.","Russell 2000, Dow Jones Transportation Average, Russell 3000, Dow Jones Composite Average, Mini-Russell 2000, STOXX Developed Markets 2400",6.791,3.05,213.659,209.605,1.33,1.93,1.38,2.05,4.22,6.24,False,False,False,227.241,223.187,2.92,65055690.65722656,315144.0,True,2B,100,7.582,7.7,22.52,34.31,2.5,3.13,2.97,1,True,1620.0,False,False,False,False,1.505,237660.0,1.26,-0.05,False,0.1191,0.881,True,True,63.27,315144.0,61.76,28.0,16.46,19.39,expanding,4.99,0.0658,0.0566,1.16,True,False,False,False,84.7,,True,84.0,0.836,2.35,False,0.87,1.36,False,44.0,18.9,79.0,42.4,deceleration,bearish,0,False,False,213.935,True,False,8,85.8,False,False,True,1.0,True,False,False,minervini,1.0,True,True
JAZZ,254.47000122070312,1.02,1.29,3.81,26.84,-2.73,106.7,2.46,0.24,6.1,46.88,85.6,55.27,False,False,14449311234.296022,Health technology,Pharmaceuticals: major,NASDAQ,Jazz Pharmaceuticals plc,"NASDAQ Composite, NASDAQ Biotechnology, S&P MidCap 400, Russell 3000, Russell 1000, STOXX Developed Markets 2400",7.019,2.76,251.237,249.357,0.46,0.73,0.47,0.74,1.29,2.05,False,False,False,265.275,263.395,2.79,190237193.2128296,777354.0,True,2B,100,6.165,3.81,19.67,26.84,2.69,2.86,2.73,1,True,1620.0,False,False,False,False,0.546,476620.0,2.31,0.07,False,0.5474,0.453,False,True,-37.87,777354.0,44.8,20.64,19.62,12.24,bullish,2.29,0.0374,0.0352,1.06,True,False,False,False,84.6,,False,84.9,0.567,1.33,False,-1.13,0.54,False,59.0,41.7,51.2,90.0,neutral,bullish,0,False,True,251.356,True,False,8,85.8,False,False,True,1.0,True,False,False,minervini,1.0,False,True
NVEC,106.66999816894533,-6.04,-6.03,0.36,32.56,-19.83,92.34,-11.91,-8.47,17.91,62.76,89.5,44.51,False,False,465238608.422392,Electronic technology,Semiconductors,NASDAQ,NVE Corporation,"NASDAQ Composite, Russell 2000, NASDAQ Computer, Russell 3000, Mini-Russell 2000",7.502,7.03,113.515,107.074,-0.91,-0.05,-0.86,-0.05,-6.03,-0.38,False,False,False,128.519,122.078,6.33,25573653.10456848,240570.0,True,2B,100,6.661,0.36,23.35,32.56,5.27,5.87,6.79,2,True,1620.0,False,False,False,False,0.742,137380.0,-10.23,-2.93,False,1.042,0.0,False,False,-50.34,240570.0,37.4,19.49,27.75,22.38,transitioning,3.16,0.1089,0.0859,1.27,False,False,False,False,91.5,,False,,0.077,0.05,False,-0.85,0.55,False,65.7,21.7,100.0,90.0,momentum,bullish,0,False,False,113.673,False,False,8,85.7,True,False,True,2.0,True,False,False,minervini,1.0,True,True
KFY,84.7300033569336,0.72,2.48,9.58,24.75,-0.39,44.68,2.02,8.28,25.54,44.68,77.9,63.19,True,False,3745728647.276464,Commercial services,Personnel services,NYSE,Korn Ferry,"Russell 2000, Russell 3000, Mini-Russell 2000, STOXX Developed Markets 2400",1.982,2.34,82.683,78.975,1.03,2.9,1.06,3.12,2.48,7.29,True,False,False,86.647,82.938,2.18,40145673.04185486,536812.0,True,2B,100,2.506,9.58,23.06,24.75,1.75,1.99,2.44,1,True,1620.0,False,False,False,False,1.274,330480.0,0.68,-0.39,False,0.3802,0.62,False,False,26.75,536812.0,67.57,33.73,14.12,31.99,bullish,5.95,0.0645,0.0634,1.02,True,False,False,False,85.4,,True,51.3,0.734,3.74,False,-0.33,0.77,False,31.0,10.0,0.0,90.0,deceleration,bullish,0,False,False,82.834,True,False,8,85.7,False,False,True,1.0,True,False,False,minervini,1.0,False,True
PBI,16.530000686645508,0.01,-2.05,-4.9,26.77,-10.18,87.05,3.18,-7.02,9.02,62.54,85.2,42.95,False,False,2454198557.321143,Technology services,Packaged software,NYSE,Pitney Bowes Inc.,"Russell 2000, Nasdaq US Small Cap Growth, Russell 3000, Mini-Russell 2000",0.549,3.32,16.876,17.398,-0.63,-1.58,-0.62,-1.5,-2.05,-4.99,False,False,False,17.975,18.496,3.71,38839766.87182236,2226314.0,True,2B,100,5.079,-4.9,17.13,26.77,2.28,2.97,3.52,1,True,1620.0,False,False,False,False,0.992,1322660.0,1.79,0.3,False,2.5508,0.0,False,False,97.45,2226314.0,34.7,19.76,24.53,17.55,transitioning,2.34,0.0374,0.0374,1.0,False,False,False,False,91.3,,False,14.4,0.182,-1.55,False,-0.33,0.79,False,32.7,13.3,21.2,70.0,neutral,neutral,0,False,False,16.854,False,False,7,85.4,True,True,True,3.0,False,True,False,canslim,1.0,False,True
BWFG,66.51000213623047,-0.28,0.99,7.49,28.36,-2.38,66.04,-1.7,7.23,28.07,42.36,86.0,59.07,False,False,476556995.8197344,Finance,Regional banks,NASDAQ,"Bankwell Financial Group, Inc.","NASDAQ Composite, Russell 2000, NASDAQ Bank, Mini-Russell 2000",1.664,2.5,65.857,63.222,0.39,1.98,0.4,2.08,0.99,5.2,False,False,False,69.186,66.551,2.44,4958216.367507935,81222.0,True,2B,100,5.05,7.49,23.8,28.36,2.27,2.09,2.61,1,True,1620.0,False,False,False,False,0.665,62520.0,-1.61,0.32,False,0.4339,0.566,False,False,-42.45,81222.0,33.27,18.77,21.28,17.51,bullish,5.3,0.0587,0.0587,1.0,True,False,False,False,87.5,,False,,0.345,2.79,False,-1.09,0.52,False,66.8,42.3,76.4,90.0,momentum,bullish,1,False,False,65.969,True,False,8,85.4,True,False,True,2.0,True,False,False,minervini,1.0,True,True
DCO,183.9600067138672,-5.21,-3.83,1.84,35.79,-11.12,112.89,-10.36,3.67,27.42,47.49,91.7,45.9,False,False,2680100450.316061,Electronic technology,Aerospace & defense,NYSE,Ducommun Incorporated,"Russell 2000, Nasdaq US Small Cap Growth, Russell 3000, Mini-Russell 2000",8.009,4.35,191.281,184.285,-0.91,-0.04,-0.88,-0.04,-3.83,-0.18,False,False,False,207.298,200.302,4.42,51616319.36035156,287954.0,True,2B,100,7.8,1.84,23.59,35.79,4.27,4.24,4.02,1,True,1620.0,False,False,False,False,0.6,173280.0,-9.38,-4.01,False,0.3054,0.695,False,False,-61.35,287954.0,50.66,23.19,23.84,30.24,bullish,5.28,0.0891,0.0792,1.13,True,False,False,False,84.4,,False,87.6,0.371,0.41,False,-0.94,0.49,False,50.4,31.0,36.6,90.0,neutral,bullish,0,False,False,191.645,True,False,8,85.3,True,False,True,2.0,True,False,False,minervini,1.0,False,True
ARMK,59.27999877929688,-0.5,0.87,4.14,30.31,-4.8,66.23,-3.89,3.88,15.88,46.75,83.6,55.28,False,False,14741175810.373491,Consumer services,Restaurants,NYSE,Aramark,"S&P MidCap 400, Russell 3000, Russell 1000, STOXX Developed Markets 2400",1.332,2.25,58.767,57.636,0.39,1.23,0.39,1.27,0.87,2.85,False,False,False,61.431,60.301,2.04,149381229.83760834,2616862.0,True,2B,100,4.534,4.14,23.03,30.31,2.36,2.16,1.9,1,True,1620.0,False,False,False,False,0.903,2482100.0,-4.12,-0.82,False,0.1733,0.827,True,False,1.4,2616862.0,40.07,26.22,20.62,25.84,bullish,4.18,0.0491,0.0491,1.0,True,False,False,False,88.4,,False,37.6,0.562,1.77,False,-0.12,0.96,False,29.7,13.7,43.3,37.4,neutral,bearish,0,False,False,58.838,True,False,8,85.2,True,False,True,2.0,True,False,False,minervini,1.0,True,True
IDT,68.29000091552734,2.04,3.61,9.87,27.6,0.0,46.99,2.75,6.21,29.26,39.38,77.3,67.08,True,False,1425944888.982833,Communications,Major telecommunications,NYSE,IDT Corporation,"Russell 2000, Russell 3000, Mini-Russell 2000",1.79,2.62,65.912,64.042,1.33,2.37,1.38,2.53,3.61,6.63,True,False,False,69.493,67.623,2.6,12984792.044029236,212698.0,True,2B,100,3.385,9.87,25.38,27.6,2.61,2.63,2.63,1,True,1620.0,False,False,False,False,1.0,147360.0,1.83,0.54,False,0.3648,0.635,False,False,-5.0,212698.0,64.04,24.37,14.23,20.14,bullish,5.65,0.0696,0.0581,1.2,True,False,False,False,87.1,,True,48.0,0.857,3.43,False,-0.33,0.81,False,55.9,34.7,50.0,90.0,neutral,bullish,0,False,False,66.015,True,False,8,85.1,False,True,True,2.0,True,False,False,minervini,1.0,True,True
SCSC,54.130001068115234,0.56,0.26,1.73,24.52,-8.08,57.95,4.68,-1.37,22.77,51.2,81.3,50.93,False,False,1033908797.91134,Distribution services,Electronics distributors,NASDAQ,"ScanSource, Inc.","NASDAQ Composite, Russell 2000, NASDAQ Computer, Russell 3000, Mini-Russell 2000",2.871,5.3,53.988,54.097,0.05,0.01,0.05,0.01,0.26,0.06,False,False,False,59.731,59.839,4.63,13340941.240249634,250156.0,True,2B,100,3.017,1.73,21.86,24.52,7.16,4.91,3.37,1,True,1620.0,True,False,False,False,1.355,518640.0,5.05,-0.4,False,0.8002,0.2,False,False,146.28,250156.0,36.05,41.07,22.71,27.2,bullish,1.96,0.0457,0.0457,1.0,True,False,False,False,88.5,,False,63.9,0.272,0.32,False,1.09,1.68,False,61.0,18.3,100.0,79.0,momentum,neutral,0,False,False,53.996,False,False,8,85.1,False,False,True,1.0,True,False,False,minervini,1.0,True,True
DXCM,91.05999755859376,1.75,5.77,16.83,31.08,-1.39,66.05,2.59,27.29,26.3,24.3,75.8,65.99,True,False,27065129688.21675,Health technology,Medical specialties,NASDAQ,"DexCom, Inc.","S&P 500, NASDAQ 100, NASDAQ Composite, S&P 500 Health Care, Nasdaq US Mid Cap Growth, Russell 3000, Russell 1000, STOXX Global 1800, STOXX North America 600, STOXX USA 500, STOXX Global 1800 ex Asia/Pacific, STOXX Global 1800 ex Europe, STOXX Developed Markets 2400, STOXX USA 500",2.723,2.99,86.095,79.606,1.82,4.21,1.93,4.81,5.77,14.39,True,False,False,91.541,85.052,2.88,397928971.31799316,5064194.0,True,2B,100,2.863,16.83,28.06,31.08,2.67,2.69,2.77,1,True,1620.0,False,False,False,False,0.776,5025600.0,1.75,-1.39,False,0.2217,0.778,True,True,39.61,5064194.0,68.36,34.48,13.01,38.97,bullish,10.29,0.0998,0.098,1.02,True,False,False,False,92.5,,True,62.4,0.921,4.82,False,-0.35,0.88,False,58.2,23.8,72.2,90.0,deceleration,bullish,0,False,False,86.384,True,False,8,84.9,True,True,True,3.0,True,True,False,minervini+canslim,2.0,True,True
OVV,65.91999816894531,1.88,4.82,12.68,28.86,-1.35,86.63,3.24,4.42,12.81,31.08,84.5,64.19,False,False,14947378333.76975,Energy minerals,Integrated oil,NYSE,Ovintiv Inc. (DE),"S&P MidCap 400, Russell 3000, Russell 1000, STOXX Global 1800, STOXX North America 600, STOXX Global 1800 ex Asia/Pacific, STOXX Global 1800 ex Europe, STOXX Developed Markets 2400",1.819,2.76,62.891,59.627,1.67,3.46,1.75,3.82,4.82,10.55,True,False,False,66.529,63.265,2.5,203741108.5914917,3464074.0,True,2B,100,5.374,12.68,19.21,28.86,2.13,2.4,2.33,1,True,1603.0,False,False,False,False,0.858,3852840.0,1.42,-1.35,False,0.3991,0.601,False,True,-23.59,3464074.0,73.84,33.91,18.94,32.33,expanding,6.96,0.073,0.0644,1.13,True,False,False,False,80.2,,True,48.3,0.842,4.08,False,-0.41,0.85,False,63.2,38.2,65.5,94.1,deceleration,bullish,0,False,False,63.032,True,False,8,84.8,True,False,True,2.0,True,False,False,minervini,1.0,True,True
TEN,42.630001068115234,2.43,5.06,10.15,28.69,-1.64,107.88,1.11,8.2,2.65,37.59,86.4,66.23,False,False,1081383095.522293,Transportation,Marine shipping,NYSE,Tsakos Energy Navigation Ltd,,1.308,3.07,40.577,38.955,1.57,2.81,1.65,3.07,5.06,9.43,True,False,False,43.193,41.571,2.95,9403393.565811157,243808.0,True,2B,100,5.794,10.15,17.24,28.69,2.22,2.8,3.33,1,True,1620.0,False,False,False,False,1.154,206600.0,0.97,-0.19,False,0.3589,0.641,False,True,11.68,243808.0,57.01,31.94,15.85,23.77,expanding,5.61,0.0615,0.0615,1.0,True,False,False,False,76.2,,False,37.0,0.796,3.0,False,-0.14,0.95,False,37.2,10.0,59.6,51.1,neutral,bearish,0,False,False,40.649,True,False,8,84.8,True,False,True,2.0,True,False,False,minervini,1.0,True,True
RPRX,61.33000183105469,2.17,3.82,7.07,28.28,-0.65,79.14,3.16,4.67,12.99,36.02,83.9,64.08,False,False,32381855792.411587,Health technology,Pharmaceuticals: major,NASDAQ,Royalty Pharma plc,"NASDAQ Composite, NASDAQ Biotechnology, Russell 3000, Russell 1000, STOXX Global 1800, STOXX North America 600, STOXX USA 500, STOXX Global 1800 ex Asia/Pacific, STOXX Global 1800 ex Europe, STOXX Developed Markets 2400, STOXX USA 500",1.375,2.24,59.074,58.049,1.64,2.39,1.7,2.52,3.82,5.65,True,False,False,61.825,60.8,2.26,175887635.67603302,3087208.0,True,2B,100,5.008,7.07,20.67,28.28,2.14,2.38,2.24,1,True,1506.0,False,False,False,False,0.82,2630780.0,2.66,0.03,False,0.2832,0.717,True,True,-27.36,3087208.0,65.95,29.31,9.53,32.9,expanding,4.45,0.0593,0.0466,1.27,True,False,False,False,80.4,,True,38.8,0.867,2.95,False,-0.6,0.76,False,53.7,25.2,52.4,93.0,neutral,bullish,0,False,False,59.143,True,False,8,84.8,False,True,True,2.0,True,False,False,minervini,1.0,True,True
CODI,11.550000190734863,-0.94,1.73,8.61,36.05,-9.13,148.39,-4.55,15.15,0.79,48.27,85.6,54.61,False,False,783206473.5928935,Finance,Investment managers,NYSE,D/B/A Compass Diversified Holdings Shares of Beneficial Interest,"Russell 2000, Russell 3000, Mini-Russell 2000",0.598,5.18,11.354,10.75,0.33,1.34,0.33,1.44,1.73,7.44,False,False,False,12.551,11.947,4.55,8602450.899353027,798376.0,True,2B,100,4.821,8.61,22.21,36.05,4.3,5.11,4.42,1,True,1620.0,False,False,False,False,0.564,746840.0,-4.62,-1.11,False,0.6272,0.373,False,False,0.0,798376.0,54.66,29.3,16.83,37.2,bullish,5.8,0.0498,0.0498,1.0,True,False,False,False,92.4,,False,,0.5,1.53,False,-0.83,0.57,False,52.3,18.3,100.0,50.0,momentum,bearish,0,False,False,11.379,True,False,8,84.8,False,False,True,1.0,True,False,False,minervini,1.0,True,True
CF,129.24000549316406,5.04,6.81,11.44,23.12,-5.21,72.34,9.73,3.87,6.74,36.65,80.7,63.72,False,False,16238615382.767088,Process industries,Chemicals: agricultural,NYSE,"CF Industries Holdings, Inc.","S&P 500, S&P 500 Materials, S&P 500 ESG, Russell 3000, Russell 1000, STOXX Global 1800, STOXX North America 600, STOXX Global 1800 ex Asia/Pacific, STOXX Global 1800 ex Europe, STOXX Developed Markets 2400",4.933,3.82,121.004,118.824,1.67,2.11,1.78,2.3,6.81,8.77,True,False,False,130.871,128.691,3.33,294828430.50692755,2558000.0,True,2B,100,3.633,11.44,13.67,23.12,3.82,3.51,2.98,1,True,1620.0,False,False,False,False,0.84,2807320.0,7.33,-0.28,False,0.3797,0.62,False,True,-27.29,2558000.0,51.43,28.63,15.34,18.16,compression_breakout,4.24,0.0641,0.0138,4.63,True,False,True,False,95.2,,False,77.9,0.86,2.69,False,-0.7,0.8,False,45.1,36.3,37.9,64.2,neutral,neutral,0,False,False,121.135,True,False,8,84.7,True,False,True,2.0,True,False,False,minervini,1.0,True,True
UFPT,305.3900146484375,-1.39,2.01,13.55,30.26,-8.8,64.83,-4.95,28.75,33.38,26.3,80.9,57.03,False,False,2010056706.4859736,Process industries,Industrial specialties,NASDAQ,"UFP Technologies, Inc.","NASDAQ Composite, Russell 2000, Nasdaq US Small Cap Growth, Russell 3000, Mini-Russell 2000",12.145,3.98,299.372,276.423,0.5,2.39,0.51,2.64,2.01,10.48,True,False,False,323.662,300.713,3.78,53872585.82373047,200550.0,True,2B,100,4.685,13.55,29.54,30.26,3.53,4.03,3.59,1,True,1620.0,False,False,False,False,0.587,121300.0,-5.43,-1.21,False,0.3778,0.622,False,False,-31.26,200550.0,43.18,25.75,17.2,36.59,bullish,10.02,0.0929,0.0929,1.0,True,False,False,False,92.0,,False,93.2,0.629,3.0,False,-1.03,0.54,False,46.6,15.9,44.1,90.0,neutral,bullish,0,False,False,300.423,True,False,8,84.7,False,False,True,1.0,True,False,False,minervini,1.0,True,True
PAG,218.07000732421875,0.51,1.92,9.11,29.25,-1.76,57.49,0.06,1.0,34.42,36.89,81.1,62.97,False,False,11980172416.420149,Retail trade,Specialty stores,NYSE,"Penske Automotive Group, Inc.","S&P MidCap 400, Russell 3000, Russell 1000, STOXX Developed Markets 2400",3.854,1.77,213.972,205.392,1.06,3.29,1.08,3.49,1.92,6.17,True,False,False,221.68,213.1,1.57,82859752.13198853,406268.0,True,2B,100,3.451,9.11,26.71,29.25,1.2,1.24,2.02,1,True,1620.0,False,False,False,False,0.704,305940.0,-0.41,0.55,False,0.4455,0.554,False,False,4.17,406268.0,47.17,30.38,10.52,48.52,bullish,5.86,0.0658,0.0658,1.0,True,False,False,False,89.4,,False,72.1,0.376,4.72,False,-0.37,0.69,False,43.2,15.0,100.0,24.1,momentum,bearish,0,False,False,214.341,True,False,8,84.6,False,False,True,1.0,True,False,False,minervini,1.0,True,True
RICK,30.76000022888184,2.23,6.5,12.23,23.48,-17.81,48.18,-1.06,17.99,26.96,40.63,70.1,67.53,False,False,206325045.02586845,Consumer services,Restaurants,NASDAQ,"RCI Hospitality Holdings, Inc.","NASDAQ Composite, Russell 2000, NASDAQ Industrials, Russell 3000, Mini-Russell 2000",1.077,3.5,28.882,27.414,1.74,3.11,1.86,3.49,6.5,12.21,True,False,False,31.036,29.567,3.54,1476467.243030548,52880.0,True,2B,100,0.696,12.23,22.6,23.48,3.34,3.78,3.11,1,True,1593.0,False,False,False,False,1.73,92380.0,-1.41,-0.71,False,0.4644,0.536,False,True,363.98,52880.0,69.08,30.32,7.78,48.64,expanding,8.78,0.0869,0.0869,1.0,True,False,False,False,87.8,,True,,0.823,3.11,False,1.6,2.07,False,36.4,25.2,45.8,42.0,neutral,neutral,0,False,False,28.963,True,False,8,84.6,True,False,True,2.0,True,False,False,minervini,1.0,True,True
CHRD,144.6699981689453,1.07,3.91,11.41,23.36,-2.78,76.0,1.25,4.56,0.48,40.12,77.3,59.56,False,False,6563921917.869016,Energy minerals,Integrated oil,NASDAQ,Chord Energy Corporation,"NASDAQ Composite, NASDAQ Industrials, S&P MidCap 400, Russell 3000, Russell 1000, STOXX Developed Markets 2400",4.916,3.4,139.225,131.202,1.11,2.74,1.15,3.02,3.91,10.27,True,False,False,149.057,141.033,3.26,107830802.05610657,836336.0,True,2B,100,4.501,11.41,14.61,23.36,3.05,3.26,2.8,1,True,1444.0,False,False,False,False,0.85,689480.0,-0.21,-2.15,False,0.2809,0.719,True,True,-30.22,836336.0,47.18,33.92,21.52,22.05,expanding,6.11,0.0599,0.0529,1.13,True,False,False,False,81.5,,False,77.8,0.665,3.01,False,-0.7,0.77,False,36.3,23.1,50.0,40.2,neutral,neutral,0,False,False,139.517,True,False,8,84.6,False,False,True,1.0,True,False,False,minervini,1.0,True,True
GIC,39.56999969482422,1.8,4.44,12.32,26.29,0.0,52.35,2.49,13.49,34.02,31.31,80.3,70.42,False,False,1344494952.6936517,Retail trade,Internet retail,NYSE,Global Industrial Company,"Russell 2000, Russell 3000, Mini-Russell 2000",1.021,2.58,37.888,35.859,1.65,3.63,1.72,4.01,4.44,10.35,True,False,False,39.931,37.902,2.77,4977093.713943481,140264.0,True,2B,100,2.007,12.32,22.23,26.29,2.34,2.85,2.48,1,True,1620.0,False,False,False,False,0.736,138140.0,2.09,0.3,False,0.2455,0.754,True,True,17.59,140264.0,77.32,37.01,10.67,47.67,bullish,7.44,0.075,0.0684,1.1,True,False,False,False,89.6,,True,29.7,0.854,4.25,False,-0.31,0.75,False,61.4,35.5,67.4,90.0,momentum,bullish,0,False,False,37.979,True,False,8,84.5,,,,,True,False,False,minervini,1.0,True,True
SRRK,58.20000076293945,6.25,9.43,12.23,25.02,0.0,108.45,11.82,22.09,20.92,23.8,82.2,66.15,True,False,6561799934.438372,Health technology,Biotechnology,NASDAQ,Scholar Rock Holding Corporation,"NASDAQ Composite, Russell 2000, Nasdaq US Small Cap Growth, NASDAQ Biotechnology, Russell 3000, Mini-Russell 2000, STOXX Developed Markets 2400",2.395,4.11,53.184,52.542,2.09,2.36,2.29,2.62,9.43,10.77,True,False,False,57.973,57.331,3.99,71542551.86650848,1372354.0,True,2B,100,4.664,12.23,20.56,25.02,4.45,4.26,4.07,1,True,1620.0,False,False,False,False,1.138,1291180.0,12.12,3.01,False,0.167,0.833,True,True,36.07,1372354.0,75.55,30.94,10.19,32.18,expanding,6.39,0.0844,0.0499,1.69,True,False,False,False,96.7,,True,57.5,0.958,2.65,False,-0.14,0.89,False,50.5,21.5,55.4,84.1,neutral,bullish,0,False,False,53.275,True,False,8,84.5,False,False,True,1.0,True,False,False,minervini,1.0,False,True
MG,19.100000381469727,3.75,8.37,11.91,23.45,-2.1,103.41,5.29,23.54,10.53,29.67,86.2,64.56,False,False,598789956.2822151,Industrial services,Engineering & construction,NYSE,Mistras Group Inc,"Russell 2000, Mini-Russell 2000",0.917,4.8,17.624,16.673,1.61,2.65,1.74,3.03,8.37,14.56,True,False,False,19.459,18.508,4.48,3912697.737449646,223252.0,True,2B,100,5.021,11.91,16.26,23.45,5.37,5.07,3.98,1,True,1620.0,True,False,False,False,0.761,320700.0,5.64,0.74,False,1.1818,0.0,False,False,-10.52,223252.0,59.91,31.85,13.53,43.69,expanding,7.6,0.077,0.0628,1.23,True,False,False,False,92.0,,False,,0.798,2.22,False,-0.32,0.77,False,30.0,24.3,27.3,40.4,neutral,bearish,0,False,False,17.669,True,False,8,84.5,True,True,True,3.0,True,True,False,minervini+canslim,2.0,True,True
SBFG,27.86000061035156,3.33,4.32,8.28,24.72,0.0,57.23,2.8,9.38,28.43,33.16,81.0,62.44,False,False,155309158.09859157,Finance,Regional banks,NASDAQ,"SB Financial Group, Inc.","NASDAQ Composite, Russell 2000, NASDAQ Bank, Mini-Russell 2000",0.925,3.32,26.707,26.391,1.25,1.59,1.3,1.68,4.32,5.57,False,False,False,28.557,28.241,3.13,1114760.4504470825,44566.0,True,2B,100,3.758,8.28,22.58,24.72,2.93,2.9,3.65,1,True,1620.0,False,False,False,False,1.603,16420.0,3.22,4.86,False,0.4378,0.562,False,False,110.32,44566.0,66.25,21.56,13.17,13.15,bullish,4.15,0.0558,0.0461,1.21,True,False,False,False,87.7,,True,,0.87,2.3,False,-0.15,0.59,False,52.4,13.3,66.9,90.0,deceleration,bullish,0,False,True,26.735,True,False,8,84.4,False,False,True,1.0,True,False,False,minervini,1.0,True,True
HP,42.4900016784668,0.04,5.62,17.99,24.95,-4.45,132.96,-4.45,20.91,7.14,22.41,87.5,64.47,False,False,3377666077.700676,Industrial services,Contract drilling,NYSE,"Helmerich & Payne, Inc.","Russell 2000, PHLX Oil Service Sector, Russell 3000, Mini-Russell 2000",1.49,3.51,40.228,36.189,1.52,4.23,1.6,4.97,5.62,17.41,True,False,False,43.207,39.168,3.44,45441978.425468445,1258354.0,True,2B,100,4.781,17.99,18.18,24.95,2.77,3.72,3.07,1,True,1620.0,False,False,False,False,0.478,849700.0,-5.58,-2.43,False,0.5892,0.411,False,True,1.04,1258354.0,84.13,34.73,15.73,46.76,bullish,11.21,0.0884,0.0884,1.0,True,False,False,False,94.3,,False,41.8,0.801,4.35,False,-0.99,0.49,False,60.4,13.3,93.7,90.0,deceleration,bullish,0,False,False,40.394,True,False,8,84.4,False,False,True,1.0,True,False,False,minervini,1.0,True,True
MTCH,41.72999954223633,5.72,7.38,9.76,22.83,0.0,46.07,12.12,10.08,17.19,36.71,71.5,65.63,True,False,8670516403.932743,Technology services,Internet software/Services,NASDAQ,"Match Group, Inc.","NASDAQ Composite, Nasdaq US Small Cap Growth, NASDAQ Computer, Russell 3000, Russell 1000, STOXX Developed Markets 2400",1.253,3.0,38.863,38.669,2.29,2.44,2.46,2.64,7.38,7.92,True,False,False,41.368,41.174,2.68,128084674.31735992,3380406.0,True,2B,100,2.045,9.76,20.69,22.83,3.33,2.84,2.7,1,True,1620.0,False,False,False,False,0.99,3192480.0,11.94,2.1,False,0.2231,0.777,True,True,113.84,3380406.0,53.85,37.86,17.42,20.03,bullish,4.31,0.0721,0.0253,2.85,True,False,False,False,96.8,,True,35.6,0.99,2.96,False,-0.11,0.95,False,47.0,33.3,22.2,90.0,neutral,bullish,1,False,False,38.897,True,False,8,84.3,True,False,True,2.0,True,False,False,minervini,1.0,True,True
OII,50.459999084472656,-2.4,0.61,12.54,43.04,-6.75,127.3,-6.75,-4.3,30.15,35.57,92.1,53.98,False,False,3992777692.329693,Producer manufacturing,Industrial machinery,NYSE,"Oceaneering International, Inc.","Russell 2000, PHLX Oil Service Sector, Nasdaq US Small Cap Growth, Russell 3000, Mini-Russell 2000",2.206,4.37,50.154,46.688,0.14,1.71,0.14,1.85,0.61,8.08,False,False,False,54.566,51.1,4.32,51388930.60080719,1148464.0,True,2B,100,8.323,12.54,30.36,43.04,4.38,3.87,3.84,1,True,1592.0,False,False,False,False,0.925,918680.0,-6.4,-4.79,False,0.3962,0.604,False,False,-6.48,1148464.0,51.0,22.69,18.68,33.42,bullish,9.4,0.0928,0.0928,1.0,True,False,False,False,90.0,,False,55.1,0.507,2.55,False,-0.4,0.72,False,55.9,35.7,48.7,90.0,neutral,bullish,0,False,True,50.308,True,False,8,84.3,False,True,True,2.0,True,False,False,minervini,1.0,True,True
REPX,37.619998931884766,1.72,4.48,9.85,20.33,-7.59,61.02,1.4,7.33,-1.34,39.49,74.2,62.56,False,False,732021256.3060977,Energy minerals,Integrated oil,NYSE Arca,"Riley Exploration Permian, Inc.","Russell 2000, Russell 3000, Mini-Russell 2000",1.188,3.16,36.006,34.548,1.36,2.59,1.42,2.82,4.48,8.89,True,False,False,38.382,36.924,3.1,7409287.59967804,218206.0,True,2B,100,3.26,9.85,13.3,20.33,2.85,3.04,2.91,1,True,1340.0,False,False,False,False,0.769,177520.0,-0.61,-1.44,False,0.2488,0.751,True,True,-12.72,218206.0,63.6,26.5,13.24,30.55,expanding,5.49,0.0558,0.0558,1.0,True,False,False,False,81.3,,False,,0.817,2.84,False,-0.68,0.66,False,56.3,13.3,100.0,70.0,deceleration,neutral,0,False,False,36.072,True,False,8,84.2,True,False,True,2.0,True,False,False,minervini,1.0,True,True
BNY,162.13999938964844,1.03,1.87,5.42,25.03,-1.3,60.88,-1.3,2.44,16.99,41.45,83.3,58.63,False,False,98536577105.5441,Finance,Investment banks/Brokers,NYSE,The Bank of New York Mellon Corporation,"S&P 500, S&P 500 Financials, S&P 500 ESG, KBW NASDAQ Bank, S&P 100, Russell 3000, Russell 1000, STOXX Global 1800, STOXX North America 600, STOXX USA 500, STOXX Global 1800 ex Asia/Pacific, STOXX Global 1800 ex Europe, STOXX Developed Markets 2400, STOXX USA 500",3.14,1.94,159.164,156.234,0.95,1.88,0.97,1.95,1.87,3.78,False,False,False,165.445,162.515,1.76,543913101.55719,3563806.0,True,2B,100,4.312,5.42,19.98,25.03,2.17,1.64,1.97,1,True,1620.0,False,False,False,False,0.745,2173720.0,-1.28,2.3,False,0.3359,0.664,False,False,-57.91,3563806.0,64.61,23.86,19.47,17.96,bullish,3.42,0.0407,0.0407,1.0,True,False,False,False,85.7,,True,66.7,0.747,2.65,False,-0.78,0.51,False,34.6,17.7,47.3,44.2,neutral,neutral,0,False,False,159.319,True,False,8,84.2,True,True,True,3.0,True,True,False,minervini+canslim,2.0,True,True
EXPD,187.8300018310547,1.36,3.36,8.24,20.51,-0.23,67.77,-0.23,7.15,19.13,26.18,79.6,65.87,False,False,21022059323.9572,Transportation,Air freight/Couriers,NYSE,"Expeditors International of Washington, Inc.","S&P 500, Dow Jones Transportation Average, S&P 500 Industrials, Russell 3000, Dow Jones Composite Average, Russell 1000, STOXX Global 1800, STOXX North America 600, STOXX USA 500, STOXX Global 1800 ex Asia/Pacific, STOXX Global 1800 ex Europe, STOXX Developed Markets 2400, STOXX USA 500",4.213,2.24,181.724,176.348,1.45,2.73,1.5,2.9,3.36,6.51,True,False,False,190.149,184.773,2.45,205911409.62371826,1190282.0,True,2B,100,4.137,8.24,18.53,20.51,1.8,2.61,2.07,1,True,1620.0,False,False,False,False,0.651,695300.0,-0.81,0.01,False,0.0286,0.971,True,True,-54.48,1190282.0,62.76,27.09,12.91,38.27,bullish,5.37,0.0593,0.0593,1.0,True,False,False,False,80.1,,True,74.0,0.916,3.39,False,-0.95,0.58,False,48.8,31.7,39.7,80.8,deceleration,bullish,0,False,False,182.018,True,False,8,84.2,,,,,True,False,False,minervini,1.0,True,True
SBLK,30.700000762939453,3.57,6.29,12.59,30.7,0.0,90.26,2.03,9.1,18.47,25.88,84.4,64.49,False,False,2777877591.677852,Transportation,Marine shipping,NASDAQ,Star Bulk Carriers Corp.,"NASDAQ Composite, NASDAQ Transportation",0.97,3.16,28.882,27.527,1.87,3.27,1.99,3.65,6.29,11.53,True,False,False,30.823,29.468,3.05,37491230.634605415,1365346.0,True,2B,100,5.291,12.59,22.32,30.7,2.77,2.91,2.77,1,True,1620.0,False,False,False,False,1.066,1902280.0,2.23,0.66,False,0.1519,0.848,True,True,24.07,1365346.0,73.06,37.65,17.45,30.0,expanding,6.59,0.0755,0.0595,1.27,True,False,False,False,83.7,,True,27.9,0.928,3.54,False,0.62,1.22,False,37.1,15.7,31.1,71.7,neutral,neutral,0,False,False,28.941,True,False,8,84.1,True,False,True,2.0,True,False,False,minervini,1.0,False,True
WST,353.32000732421875,0.65,1.04,1.49,21.76,-3.33,53.2,1.94,7.72,11.73,44.88,77.8,55.65,False,False,24786707000.70161,Health technology,Medical specialties,NYSE,"West Pharmaceutical Services, Inc.","S&P 500, S&P 500 Health Care, Nasdaq US Mid Cap Growth, Russell 3000, Russell 1000, STOXX Global 1800, STOXX North America 600, STOXX USA 500, STOXX Global 1800 ex Asia/Pacific, STOXX Global 1800 ex Europe, STOXX Developed Markets 2400, STOXX USA 500",8.368,2.37,349.676,351.58,0.44,0.21,0.44,0.21,1.04,0.49,False,False,False,366.412,368.316,2.03,258027558.4095459,744282.0,True,2B,100,2.551,1.49,19.3,21.76,2.3,2.01,2.39,1,True,1620.0,False,False,False,False,0.844,471600.0,1.98,0.07,False,0.6159,0.384,False,True,-30.85,744282.0,50.72,23.14,14.87,16.86,bullish,2.0,0.0345,0.0317,1.09,True,False,False,False,86.7,,True,88.4,0.768,0.62,False,-0.77,0.64,False,55.9,27.5,52.1,97.7,neutral,bullish,0,False,True,349.79,True,False,8,84.1,False,False,True,1.0,True,False,False,minervini,1.0,True,True
BFH,105.19000244140624,-2.37,-2.17,0.31,25.76,-7.24,96.29,-5.45,0.84,21.78,49.31,87.7,46.39,False,False,4294058903.4555073,Finance,Finance/Rental/Leasing,NYSE,"Bread Financial Holdings, Inc.","Russell 2000, Russell 3000, Mini-Russell 2000",3.476,3.3,107.523,105.253,-0.67,-0.02,-0.66,-0.02,-2.17,-0.06,False,False,False,114.475,112.204,3.05,65918893.0236969,634132.0,True,2B,100,6.235,0.31,19.51,25.76,3.35,2.89,3.18,1,True,1620.0,False,False,False,False,0.622,482040.0,-5.05,-0.68,False,0.5578,0.442,False,False,-24.04,634132.0,48.61,21.01,25.09,20.17,transitioning,2.48,0.0632,0.0571,1.11,False,False,False,False,88.1,,False,69.1,0.253,0.09,False,-1.28,0.45,False,44.1,21.7,28.2,90.0,neutral,bullish,0,False,False,107.611,False,False,8,84.1,True,True,True,3.0,True,True,False,minervini+canslim,2.0,True,True
ARWR,86.7300033569336,-0.73,0.51,4.81,25.54,-3.19,318.78,-2.22,1.32,15.72,37.36,96.7,52.78,False,False,11112209039.509146,Health technology,Biotechnology,NASDAQ,"Arrowhead Pharmaceuticals, Inc.","NASDAQ Composite, Russell 2000, Nasdaq US Mid Cap Growth, NASDAQ Biotechnology, S&P MidCap 400, Russell 3000, Mini-Russell 2000, STOXX Developed Markets 2400",3.34,3.85,86.293,83.668,0.13,0.92,0.13,0.95,0.51,3.66,False,False,False,92.972,90.348,3.43,179528117.3499756,2197284.0,True,2B,100,7.624,4.81,19.35,25.54,2.63,3.25,4.14,1,True,1620.0,False,False,False,False,0.89,1085880.0,-1.13,-0.44,False,0.4055,0.595,False,False,-54.19,2197284.0,34.62,24.4,19.78,19.99,bullish,4.24,0.0462,0.0462,1.0,True,False,False,False,84.0,,False,68.4,0.547,1.19,False,-0.42,0.5,False,32.7,21.7,30.1,50.0,neutral,bearish,0,False,True,86.411,True,False,8,84.0,False,False,True,1.0,True,False,False,minervini,1.0,False,True
FCFS,236.42999267578125,8.81,10.64,10.51,22.44,0.0,65.2,9.34,21.45,4.09,30.7,79.8,66.77,True,False,9313104629.318892,Finance,Finance/Rental/Leasing,NASDAQ,"FirstCash Holdings, Inc.","NASDAQ Composite, Russell 2000, Nasdaq US Small Cap Growth, NASDAQ Real Estate and Other Financial Services, S&P MidCap 400, Russell 3000, Mini-Russell 2000, STOXX Developed Markets 2400",8.921,3.77,213.693,212.03,2.55,2.74,2.82,3.05,10.64,11.51,True,False,False,231.534,229.871,3.18,99720321.37478638,466206.0,True,2B,100,3.024,10.51,15.76,22.44,4.6,3.35,3.58,1,True,1620.0,False,False,False,True,2.634,475600.0,9.79,4.95,True,1.2375,0.0,False,False,251.8,466206.0,61.62,34.69,14.56,20.64,compression_breakout,3.0,0.0577,0.0098,5.91,True,False,True,False,94.9,,False,89.4,0.952,2.52,False,2.27,2.25,False,61.3,33.3,100.0,59.8,momentum,bearish,1,False,False,213.831,True,False,8,84.0,True,False,True,2.0,True,False,False,minervini,1.0,True,True
RCKY,45.95000076293945,-1.89,-0.91,5.69,23.08,-9.51,75.13,-1.56,13.82,29.1,41.32,87.3,50.43,False,False,311307453.5768375,Consumer non-durables,Apparel/Footwear,NASDAQ,"Rocky Brands, Inc.","NASDAQ Composite, Russell 2000, NASDAQ Industrials, Mini-Russell 2000",1.784,3.88,46.372,44.207,-0.24,0.98,-0.23,1.02,-0.91,3.94,False,False,False,49.941,47.776,3.98,2742932.187561035,61850.0,True,2B,100,5.641,5.69,15.35,23.08,3.68,3.45,3.34,1,True,1620.0,False,False,False,False,1.075,55320.0,-1.8,-1.8,False,0.6583,0.342,False,False,47.73,61850.0,42.91,22.7,17.37,22.01,bullish,4.61,0.0595,0.0567,1.05,True,False,False,False,81.0,,False,,0.381,1.39,False,0.5,1.32,False,53.7,6.7,100.0,70.0,deceleration,neutral,0,False,False,46.45,True,False,8,83.9,True,False,True,2.0,True,False,False,minervini,1.0,False,True
HQL,21.549999237060547,-0.13,2.76,8.37,25.51,-4.94,73.87,0.84,11.95,25.36,32.71,83.9,59.41,False,False,578664240.0,Miscellaneous,Investment trusts,NYSE,abrdn Life Sciences Investors Shares of Beneficial Interest,,0.533,2.47,20.971,20.326,1.08,2.3,1.11,2.43,2.76,6.02,True,False,False,22.038,21.392,2.04,3131134.378921509,156598.0,True,2B,100,3.294,8.37,22.15,25.51,2.61,2.02,2.03,1,True,1620.0,False,False,False,False,0.583,187700.0,0.75,-3.71,False,0.0397,0.96,True,False,-25.14,156598.0,81.63,31.28,20.05,39.0,bullish,7.21,0.0755,0.0755,1.0,True,False,False,False,85.5,,False,,0.714,3.12,False,-1.0,0.6,False,37.6,26.6,0.0,90.0,neutral,bullish,0,False,False,21.017,True,False,8,83.9,False,False,True,1.0,True,False,False,minervini,1.0,True,True
MLR,56.75,1.35,4.18,10.05,26.21,-0.79,60.97,0.23,10.43,22.42,36.46,81.5,68.53,False,False,603175253.6655837,Consumer durables,Motor vehicles,NYSE,"Miller Industries, Inc.","Russell 2000, Russell 3000, Mini-Russell 2000",1.644,2.9,54.473,51.945,1.38,2.92,1.44,3.19,4.18,9.25,True,False,False,57.761,55.234,3.07,4711868.596054077,89994.0,True,2B,100,3.252,10.05,19.9,26.21,2.05,3.35,2.81,1,True,1620.0,False,False,False,False,1.193,127560.0,0.67,-0.79,False,0.1662,0.834,True,True,201.4,89994.0,55.09,32.96,10.13,50.95,bullish,6.69,0.0665,0.0665,1.0,True,False,False,False,82.1,,True,,0.886,3.15,False,0.84,1.44,False,32.3,13.3,0.0,90.0,neutral,bullish,0,False,False,54.592,True,False,8,83.7,False,False,True,1.0,True,False,False,minervini,1.0,True,True
OSPN,15.600000381469728,-1.62,-1.1,3.38,24.37,-7.09,56.57,-2.07,3.77,19.82,49.65,75.0,49.05,False,False,524951588.9667406,Technology services,Information technology services,NASDAQ,OneSpan Inc.,"NASDAQ Composite, Russell 2000, NASDAQ Computer, Nasdaq Innovators Completion Cap, Russell 3000, Mini-Russell 2000",0.563,3.61,15.773,15.435,-0.31,0.29,-0.3,0.3,-1.1,1.07,False,False,False,16.899,16.562,3.98,6265938.608205795,415430.0,True,2B,100,1.221,3.38,23.19,24.37,2.37,4.1,3.49,1,True,1620.0,False,False,False,False,0.715,366380.0,-2.32,-0.83,False,0.4569,0.543,False,False,0.78,415430.0,57.61,27.89,19.46,27.2,bullish,3.47,0.0609,0.0609,1.0,True,False,False,False,90.1,,False,,0.2,0.91,False,-0.67,0.74,False,47.2,28.2,50.5,69.1,neutral,neutral,0,False,False,15.789,False,False,8,83.7,False,False,True,1.0,True,False,False,minervini,1.0,True,True
INBK,28.56999969482422,-1.04,0.06,3.88,24.39,-4.58,66.88,-0.97,8.02,20.96,44.38,81.6,52.17,False,False,237441882.4005837,Finance,Regional banks,NASDAQ,First Internet Bancorp,"NASDAQ Composite, Russell 2000, NASDAQ Bank, Russell 3000, Mini-Russell 2000",0.995,3.48,28.554,27.864,0.02,0.71,0.02,0.73,0.06,2.53,False,False,False,30.544,29.855,3.4,1170592.6986351013,42098.0,True,2B,100,3.932,3.88,19.18,24.39,3.7,2.92,3.36,1,True,1620.0,False,False,False,False,0.917,35620.0,-1.62,-2.16,False,0.251,0.749,True,False,-15.81,42098.0,44.8,26.26,11.15,34.37,bullish,4.03,0.0453,0.0453,1.0,True,False,False,False,86.6,,False,,0.475,1.07,False,0.01,1.01,False,32.3,13.3,0.0,90.0,neutral,bullish,0,False,False,28.59,True,False,8,83.5,True,False,True,2.0,True,False,False,minervini,1.0,True,True
ATI,209.80999755859372,-2.75,-1.05,4.54,36.65,-9.48,186.74,-9.48,6.07,29.28,31.73,94.4,50.33,False,False,26939262579.22105,Non-energy minerals,Other metals/Minerals,NYSE,ATI Inc.,"Nasdaq US Mid Cap Growth, S&P MidCap 400, Russell 3000, Russell 1000, STOXX Global 1800, STOXX North America 600, STOXX USA 500, STOXX Global 1800 ex Asia/Pacific, STOXX Global 1800 ex Europe, STOXX Developed Markets 2400, STOXX USA 500",9.253,4.41,212.029,201.194,-0.24,0.93,-0.24,0.97,-1.05,4.28,False,False,False,230.534,219.699,4.27,329320095.2396546,1640692.0,True,2B,100,8.69,4.54,24.32,36.65,4.04,4.21,3.87,1,True,1620.0,False,False,False,False,1.079,1395140.0,-7.88,1.35,False,0.3647,0.635,False,False,18.78,1640692.0,44.04,29.33,28.34,25.8,bullish,5.49,0.0814,0.0806,1.01,True,False,False,False,84.4,,False,90.0,0.509,0.99,False,0.1,1.05,False,35.8,21.7,0.5,90.0,neutral,bullish,0,False,False,212.469,True,False,8,83.5,True,True,True,3.0,True,True,False,minervini+canslim,2.0,True,True
VOYA,99.13999938964844,0.02,0.11,2.36,24.44,-2.34,52.2,-1.0,0.56,21.02,45.02,80.7,52.16,False,False,8263327782.604023,Finance,Life/Health insurance,NYSE,"Voya Financial, Inc.","S&P MidCap 400, Russell 3000, Russell 1000, STOXX Developed Markets 2400",2.164,2.18,99.028,98.322,0.05,0.38,0.05,0.38,0.11,0.83,False,False,False,103.357,102.651,2.15,102911570.70985413,1068130.0,True,2B,100,3.574,2.36,20.7,24.44,1.9,2.29,2.24,1,True,1620.0,False,False,False,False,0.572,750800.0,-1.06,1.41,False,0.5766,0.423,False,False,-4.23,1068130.0,38.63,16.87,22.94,16.3,bullish,2.38,0.0461,0.0461,1.0,True,False,False,False,88.8,,False,54.5,0.523,1.06,False,-1.32,0.51,False,52.3,23.0,56.9,86.9,neutral,bullish,0,False,False,99.081,False,False,8,83.4,False,False,True,1.0,True,False,False,minervini,1.0,True,True
UAN,125.06999969482422,1.86,3.74,9.62,16.67,-2.39,66.17,2.27,6.76,4.96,41.4,76.9,63.41,False,False,1157163819.435144,Process industries,Chemicals: agricultural,NYSE,"CVR Partners, LP",,3.35,2.68,120.565,116.324,1.34,2.61,1.4,2.81,3.74,7.52,True,False,False,127.265,123.023,2.64,5008145.015426636,43550.0,True,2B,100,3.773,9.62,11.16,16.67,2.32,2.59,2.45,1,True,1620.0,False,False,False,False,0.958,40920.0,1.68,-0.66,False,0.3751,0.625,False,True,155.12,43550.0,74.33,30.11,15.56,25.06,expanding,4.48,0.0471,0.0323,1.46,True,False,False,False,77.5,,False,68.4,0.829,3.28,False,0.4,1.2,False,38.2,15.1,49.8,57.3,neutral,neutral,0,False,False,120.746,True,False,8,83.4,True,False,True,2.0,True,False,False,minervini,1.0,False,True
CZFS,80.93000030517578,-0.38,1.36,7.81,25.42,-3.27,55.88,-1.17,8.08,28.21,37.08,83.5,55.89,False,False,354700360.29637975,Finance,Regional banks,NASDAQ,"Citizens Financial Services, Inc.","NASDAQ Composite, Russell 2000, NASDAQ Bank, Russell 3000, Mini-Russell 2000",3.012,3.72,79.844,76.606,0.36,1.44,0.37,1.52,1.36,5.64,False,False,False,85.867,82.63,3.72,2049888.315689087,26322.0,True,2B,100,4.322,7.81,20.7,25.42,4.17,3.6,3.57,1,True,1620.0,False,False,False,False,1.881,47080.0,-1.87,-0.94,False,0.3066,0.693,False,False,608.04,26322.0,60.81,19.01,13.08,23.24,bullish,5.77,0.0582,0.0582,1.0,True,False,False,False,84.6,,False,,0.673,1.95,False,1.91,3.01,False,55.4,20.5,67.1,90.0,momentum,bullish,0,False,True,79.995,True,False,8,83.2,False,False,True,1.0,True,False,False,minervini,1.0,False,True
WRLD,190.30999755859372,1.05,0.71,-0.93,22.55,-14.98,64.67,0.16,-7.02,19.0,49.61,75.9,51.43,False,False,991961864.3167856,Finance,Finance/Rental/Leasing,NASDAQ,World Acceptance Corporation,"NASDAQ Composite, Russell 2000, NASDAQ Real Estate and Other Financial Services, Russell 3000, Mini-Russell 2000",7.628,4.01,188.967,193.806,0.18,-0.46,0.18,-0.45,0.71,-1.8,False,False,False,204.223,209.061,3.57,22682546.13961792,117488.0,True,2B,100,1.978,-0.93,19.62,22.55,3.22,3.21,4.46,1,True,1620.0,False,False,False,False,0.615,66160.0,0.1,1.08,False,1.1023,0.0,False,False,-32.98,117488.0,39.13,27.85,20.83,14.02,transitioning,0.79,0.0286,0.0286,1.0,False,False,False,False,84.0,,False,,0.595,-0.23,False,-0.99,0.53,False,41.2,19.2,41.8,70.0,neutral,neutral,0,False,False,188.93,False,False,7,83.2,True,True,True,3.0,False,True,False,canslim,1.0,False,True
UVE,43.59999847412109,1.74,2.25,5.39,22.04,-3.28,84.33,2.13,5.17,12.26,45.99,82.7,57.07,False,False,1147984300.575627,Finance,Property/Casualty insurance,NYSE,UNIVERSAL INSURANCE HOLDINGS INC,"Russell 2000, Russell 3000, Mini-Russell 2000",1.285,2.95,42.64,42.043,0.75,1.21,0.76,1.26,2.25,3.7,False,False,False,45.209,44.613,2.64,9334600.76210785,224834.0,True,2B,100,4.105,5.39,18.19,22.04,2.67,2.49,2.91,1,True,1620.0,False,False,False,False,1.199,268220.0,0.76,3.02,False,0.5877,0.412,False,False,55.59,224834.0,50.21,25.63,18.88,11.6,bullish,2.78,0.0359,0.0359,1.0,True,False,False,False,76.9,,False,36.3,0.555,1.73,False,0.29,1.13,False,41.2,23.7,31.1,74.5,neutral,neutral,0,False,False,42.673,True,False,8,83.2,True,False,True,2.0,True,False,False,minervini,1.0,True,True
AMGN,443.8399963378906,3.82,7.61,16.58,26.47,0.0,67.23,5.83,18.03,30.81,17.86,80.3,73.71,True,False,193393661936.99423,Health technology,Biotechnology,NASDAQ,Amgen Inc.,"S&P 500, NASDAQ 100, Dow Jones Industrial Average, NASDAQ Composite, S&P 500 Health Care, S&P 500 ESG, Nasdaq US Large Cap Growth, NASDAQ Biotechnology, S&P 100, Russell 3000, Dow Jones Composite Average, Russell 1000, STOXX Global 1800, STOXX North America 600, STOXX USA 500, STOXX Global 1800 ex Asia/Pacific, STOXX Global 1800 ex Europe, STOXX Global 150, STOXX North America 50, STOXX Americas 100, STOXX Global 200, STOXX Developed Markets 2400, STOXX USA 500",11.095,2.5,412.457,388.701,2.83,4.97,3.04,5.67,7.61,14.19,True,False,False,434.647,410.89,2.58,1026652519.7458496,2709062.0,True,2B,100,3.62,16.58,23.47,26.47,2.36,2.55,2.16,1,True,1620.0,False,False,False,False,0.896,2525340.0,5.27,1.03,False,0.0548,0.945,True,True,28.16,2709062.0,75.86,37.69,7.75,54.79,bullish,9.19,0.0968,0.0797,1.21,True,False,False,False,90.0,,True,92.2,0.971,5.69,False,-0.23,0.91,False,48.9,20.6,75.4,60.2,deceleration,neutral,0,False,False,413.645,True,False,8,82.9,True,False,True,2.0,True,False,False,minervini,1.0,False,True
TRGP,294.260009765625,2.33,5.02,8.11,27.58,-2.64,105.46,5.87,5.09,6.82,28.14,84.7,62.1,False,False,58514077728.21493,Utilities,Gas distributors,NYSE,"Targa Resources, Inc.","S&P 500, S&P 500 Energy, S&P 500 ESG, Russell 3000, Russell 1000, STOXX Global 1800, STOXX North America 600, STOXX USA 500, STOXX Global 1800 ex Asia/Pacific, STOXX Global 1800 ex Europe, STOXX Developed Markets 2400, STOXX USA 500",8.953,3.04,280.194,274.039,1.57,2.26,1.65,2.43,5.02,7.38,True,False,False,298.1,291.944,2.57,356726179.2428589,1308206.0,True,2B,100,5.67,8.11,18.05,27.58,3.23,2.66,2.45,1,True,1592.0,False,False,False,False,0.869,1897040.0,0.29,-1.62,False,0.8873,0.113,False,True,20.21,1308206.0,56.86,34.2,18.94,28.81,expanding,5.57,0.071,0.0656,1.08,True,False,False,False,89.4,,True,89.4,0.741,2.47,False,-0.3,0.89,False,32.6,19.0,39.5,43.6,deceleration,neutral,0,False,False,280.613,True,False,8,82.9,False,True,True,2.0,True,False,False,minervini,1.0,True,True
DHT,19.71999931335449,3.61,7.68,13.81,31.92,-1.35,99.51,4.34,14.01,21.03,24.34,87.0,70.35,False,False,2842384955.566925,Transportation,Marine shipping,NYSE,"DHT Holdings, Inc.","Russell 2000, Russell 3000, Mini-Russell 2000",0.634,3.21,18.313,17.293,2.22,3.83,2.39,4.37,7.68,14.04,True,False,False,19.581,18.56,3.01,60404054.480148315,3481284.0,True,2B,100,5.087,13.81,22.18,31.92,3.18,3.1,3.42,1,True,1620.0,False,False,False,False,0.837,3662300.0,4.12,-0.5,False,0.1739,0.826,True,True,4.65,3481284.0,66.66,38.29,14.44,30.1,expanding,8.62,0.0951,0.0854,1.11,True,False,False,False,88.4,,True,17.3,0.773,3.77,False,-0.47,0.79,False,54.7,25.0,80.8,68.1,momentum,neutral,0,False,False,18.361,True,False,8,82.7,True,True,True,3.0,True,True,False,minervini+canslim,2.0,True,True
INCY,127.9800033569336,2.39,4.45,9.76,23.32,-1.5,56.72,3.63,8.76,31.72,26.9,80.0,65.66,False,False,22725219335.5924,Health technology,Pharmaceuticals: major,NASDAQ,Incyte Corporation,"S&P 500, NASDAQ Composite, S&P 500 Health Care, Nasdaq US Mid Cap Growth, NASDAQ Biotechnology, Russell 3000, Russell 1000, STOXX Global 1800, STOXX North America 600, STOXX USA 500, STOXX Global 1800 ex Asia/Pacific, STOXX Global 1800 ex Europe, STOXX Developed Markets 2400, STOXX USA 500",3.646,2.85,122.522,119.621,1.5,2.29,1.56,2.45,4.45,6.99,True,False,False,129.813,126.912,3.14,212728783.75367737,1828704.0,True,2B,100,3.308,9.76,22.81,23.32,2.5,2.61,2.88,1,True,1620.0,False,False,False,False,0.447,1230860.0,2.97,0.13,False,0.163,0.837,True,True,-36.4,1828704.0,60.94,30.88,17.75,22.13,bullish,6.16,0.0765,0.0582,1.31,True,False,False,False,89.6,,True,70.6,0.725,3.12,False,-1.14,0.44,False,33.4,19.0,42.2,43.8,deceleration,neutral,0,False,False,122.726,True,False,8,82.7,True,True,True,3.0,True,True,False,minervini+canslim,2.0,True,True
BAX,26.489999771118164,-0.01,1.94,11.67,32.55,-6.56,67.75,2.24,18.26,38.18,24.73,79.9,57.49,False,False,11382976228.176332,Health technology,Medical specialties,NYSE,Baxter International Inc.,"S&P 500, S&P 500 Health Care, S&P 500 ESG, Russell 3000, Russell 1000, STOXX Developed Markets 2400",0.936,3.53,25.985,24.508,0.54,2.12,0.55,2.29,1.94,8.09,True,False,False,27.857,26.38,3.88,163693183.9859581,6809942.0,True,2B,100,2.485,11.67,30.29,32.55,2.63,3.09,3.13,1,True,1620.0,False,False,False,False,0.561,4811400.0,1.57,0.57,False,0.4416,0.558,False,False,-11.12,6809942.0,50.52,27.24,16.28,34.9,bullish,7.75,0.0803,0.0803,1.0,True,False,False,False,92.3,,False,26.7,0.453,2.96,False,-0.8,0.65,False,53.0,15.0,76.1,80.6,momentum,bullish,0,False,False,26.05,True,False,8,82.6,True,False,True,2.0,True,False,False,minervini,1.0,False,True
AGM,219.7100067138672,-2.78,-2.07,4.57,24.1,-9.11,59.47,-5.18,4.87,24.8,43.97,76.8,46.88,False,False,2063670532.9411216,Finance,Finance/Rental/Leasing,NYSE,Federal Agricultural Mortgage Corporation,"Russell 2000, Nasdaq US Small Cap Growth, Russell 3000, Mini-Russell 2000",6.72,3.06,224.343,215.945,-0.69,0.56,-0.68,0.57,-2.07,1.74,False,False,False,237.784,229.386,3.35,25545728.86581421,122774.0,True,2B,100,4.284,4.57,22.22,24.1,3.0,2.8,2.65,1,True,1620.0,False,False,False,False,0.999,92240.0,-5.13,-0.51,False,0.563,0.437,False,False,-11.01,122774.0,28.32,23.61,19.83,27.78,bullish,4.5,0.081,0.0741,1.09,True,False,False,False,86.6,,False,83.8,0.324,1.43,False,-0.29,0.86,False,28.0,6.7,14.6,70.0,neutral,neutral,0,False,False,224.696,False,False,8,82.5,False,False,True,1.0,True,False,False,minervini,1.0,False,True
RVTY,123.0,2.84,5.3,10.24,22.24,-1.4,49.62,5.88,11.34,26.95,26.83,77.8,64.29,False,False,12608485782.69497,Health technology,Medical specialties,NYSE,"Revvity, Inc.","S&P 500, S&P 500 Health Care, S&P 500 ESG, Russell 3000, Russell 1000, STOXX Developed Markets 2400",3.94,3.2,116.813,113.729,1.57,2.35,1.65,2.54,5.3,8.15,True,False,False,124.693,121.609,3.1,167758486.28445435,1495462.0,True,2B,100,2.313,10.24,21.7,22.24,3.82,3.13,3.01,1,True,1620.0,True,False,False,False,0.932,1731480.0,6.16,-1.4,False,0.1425,0.857,True,True,20.58,1495462.0,74.21,24.26,11.52,19.1,bullish,6.51,0.0816,0.0438,1.86,True,False,False,False,89.4,,True,72.6,0.886,2.9,False,0.02,1.01,False,67.9,30.6,95.4,90.0,deceleration,bullish,1,False,False,117.021,True,False,8,82.4,False,False,True,1.0,True,False,False,minervini,1.0,True,True
TK,13.350000381469728,4.91,9.5,16.24,24.63,0.0,82.68,3.89,19.2,8.18,19.77,78.7,74.08,False,False,935377074.6846848,Transportation,Marine shipping,NYSE,Teekay Corporation Ltd.,"Russell 2000, Russell 3000, Mini-Russell 2000",0.439,3.29,12.192,11.383,2.64,4.48,2.89,5.25,9.5,17.28,True,False,False,13.07,12.261,3.33,6412654.731126785,559944.0,True,2B,100,3.794,16.24,17.76,24.63,2.85,3.32,3.32,1,True,1620.0,False,False,False,False,0.82,591620.0,3.41,0.83,False,1.3208,0.0,False,False,-35.65,559944.0,74.11,35.76,12.7,30.25,expanding,8.46,0.0889,0.0824,1.08,True,False,False,False,89.4,,False,,0.877,4.25,False,-0.56,0.77,False,31.0,25.0,0.0,70.0,neutral,neutral,0,False,False,12.225,True,False,8,82.3,True,False,True,2.0,True,False,False,minervini,1.0,True,True
OPY,115.7300033569336,0.82,1.72,3.8,26.13,-2.6,83.67,-2.14,5.69,23.52,34.27,86.9,55.03,False,False,1115148689.1690197,Finance,Investment banks/Brokers,NYSE,"Oppenheimer Holdings, Inc.",,4.18,3.61,113.768,112.651,0.47,0.74,0.48,0.76,1.72,2.73,False,False,False,122.129,121.012,3.77,14523858.525405884,130268.0,True,2B,100,5.344,3.8,16.88,26.13,3.14,3.26,3.89,1,True,1620.0,False,False,False,False,0.998,129820.0,-1.97,-0.22,False,0.3151,0.685,False,True,14.89,130268.0,51.89,21.73,19.99,7.16,bullish,3.16,0.0393,0.0375,1.05,True,False,False,False,87.6,,True,73.8,0.735,1.01,False,0.16,1.06,False,47.8,20.7,52.5,79.3,neutral,bullish,0,False,False,113.867,True,False,8,82.3,False,True,True,2.0,True,False,False,minervini,1.0,False,True
HIW,31.770000457763672,1.38,1.15,2.18,23.19,-6.16,60.0,3.62,-4.06,25.86,43.73,74.4,54.61,False,False,3297153576.5092406,Finance,Real estate investment trusts,NYSE,"Highwoods Properties, Inc.","Russell 3000, Russell 1000",0.704,2.22,31.409,31.64,0.51,0.18,0.52,0.19,1.15,0.41,False,False,False,32.818,33.049,2.1,52625776.30327606,1706072.0,True,2B,100,1.649,2.18,22.51,23.19,1.64,1.92,2.26,1,True,1620.0,False,False,False,False,0.598,895680.0,3.08,1.18,False,0.8205,0.179,False,False,-50.1,1706072.0,39.88,26.44,20.9,12.09,bullish,1.95,0.0445,0.0424,1.05,True,False,False,False,88.5,,False,19.6,0.342,0.96,False,-0.44,0.43,False,45.6,30.1,42.1,70.0,neutral,neutral,0,False,False,31.412,False,False,8,82.2,True,False,True,2.0,True,False,False,minervini,1.0,True,True
ADAM,9.859999656677246,-0.73,1.39,5.98,24.04,-3.62,64.65,-2.57,13.99,14.24,32.58,82.1,57.94,False,False,854579119.0996785,Finance,Real estate investment trusts,NASDAQ,"Adamas Trust, Inc.","NASDAQ Composite, Russell 2000, NASDAQ Real Estate and Other Financial Services, Russell 3000, Mini-Russell 2000",0.237,2.41,9.725,9.364,0.57,2.09,0.58,2.2,1.39,5.3,True,False,False,10.2,9.839,2.51,8756954.786241531,941734.0,True,2B,100,4.517,5.98,18.29,24.04,2.0,2.21,2.35,1,True,1603.0,False,False,False,False,0.741,875660.0,-2.76,-0.8,False,0.255,0.745,True,False,5.64,941734.0,38.43,26.0,18.07,37.07,bullish,5.32,0.0512,0.0512,1.0,True,False,False,False,83.6,,False,,0.714,2.34,False,-0.63,0.75,False,35.6,10.9,54.3,50.0,neutral,bearish,0,False,False,9.742,True,False,8,82.1,True,False,True,2.0,True,False,False,minervini,1.0,True,True
BKNG,213.3600006103516,1.76,4.49,12.86,15.22,-5.97,38.78,4.2,20.23,32.81,38.46,68.9,63.92,False,False,140609440148.141,Consumer services,Other consumer services,NASDAQ,Booking Holdings Inc. Common Stock,"S&P 500, NASDAQ 100, NASDAQ Composite, S&P 500 Consumer Discretionary, S&P 500 ESG, Nasdaq US Large Cap Growth, NASDAQ Industrials, S&P 100, Russell 3000, Russell 1000, STOXX Global 1800, STOXX North America 600, STOXX USA 500, STOXX Global 1800 ex Asia/Pacific, STOXX Global 1800 ex Europe, STOXX Americas 100, STOXX Global 200, STOXX Developed Markets 2400, STOXX USA 500",6.714,3.15,204.2,192.935,1.36,3.04,1.43,3.36,4.49,10.59,True,False,False,217.628,206.362,3.18,1283942843.494171,6863744.0,True,2A,85,0.125,12.86,19.6,15.22,2.71,2.9,2.95,1,True,1620.0,False,False,False,False,0.824,4589560.0,3.7,1.78,False,0.3758,0.624,False,True,20.99,6863744.0,70.45,30.12,15.87,36.26,bullish,7.46,0.0695,0.065,1.07,True,False,False,False,86.6,,False,83.8,0.89,3.62,False,-0.64,0.72,False,50.2,21.7,68.4,70.0,momentum,neutral,1,False,False,204.716,True,False,6,82.0,True,True,True,3.0,False,True,False,canslim,1.0,True,True
TRIN,18.61000061035156,2.29,3.69,6.81,21.75,0.0,46.59,3.85,8.83,16.18,34.65,77.4,64.33,True,False,1531685513.6520712,Miscellaneous,Investment trusts,NASDAQ,Trinity Capital Inc.,"NASDAQ Composite, NASDAQ Real Estate and Other Financial Services",0.352,1.89,17.947,17.637,1.88,2.76,1.95,2.92,3.69,5.52,True,False,False,18.651,18.341,1.94,18369695.61971283,1055744.0,True,2B,100,3.125,6.81,17.19,21.75,1.57,2.0,1.77,1,True,1349.0,False,False,False,False,1.003,777640.0,3.62,1.42,False,0.1609,0.839,True,True,-10.44,1055744.0,62.32,30.03,17.14,12.34,bullish,3.89,0.0492,0.0397,1.24,True,False,False,False,82.9,,True,6.3,0.931,3.37,False,0.12,1.05,False,61.0,25.0,100.0,70.0,momentum,neutral,0,False,False,17.967,True,False,8,82.0,False,False,True,1.0,True,False,False,minervini,1.0,True,True
TDW,92.91999816894533,0.7,6.03,20.09,29.68,-3.7,96.49,-1.12,18.31,17.19,17.75,82.0,63.59,False,False,3347867591.408758,Transportation,Marine shipping,NYSE,Tidewater Inc.,"Russell 2000, PHLX Oil Service Sector, Russell 3000, Mini-Russell 2000",3.445,3.71,87.635,79.592,1.53,3.87,1.63,4.52,6.03,16.75,True,False,False,94.526,86.482,3.98,56774842.0418396,747500.0,True,2B,100,5.337,20.09,20.16,29.68,2.85,4.09,3.29,1,True,1620.0,False,False,False,False,1.09,590220.0,-1.77,-2.45,False,0.2788,0.721,True,True,77.06,747500.0,74.07,32.34,12.92,54.11,bullish,11.62,0.096,0.096,1.0,True,False,False,False,88.8,,False,68.9,0.825,4.51,False,-0.0,1.0,False,41.1,13.3,49.2,70.0,acceleration,neutral,0,False,False,87.996,True,False,8,81.9,False,False,True,1.0,True,False,False,minervini,1.0,False,True
MITK,17.860000610351562,-2.74,-1.92,-1.67,28.38,-11.32,106.47,-3.62,5.87,11.42,44.15,87.9,47.66,False,False,871114229.0685554,Technology services,Information technology services,NASDAQ,"Mitek Systems, Inc.","NASDAQ Composite, Russell 2000, Nasdaq US Small Cap Growth, NASDAQ Computer, Nasdaq Innovators Completion Cap, Russell 3000, Mini-Russell 2000",0.952,5.33,18.21,18.375,-0.37,-0.54,-0.36,-0.53,-1.92,-2.81,False,False,False,20.115,20.28,5.11,16252026.644859314,887996.0,True,2B,100,6.636,-1.67,16.59,28.38,4.54,5.41,5.11,2,True,1620.0,False,False,False,False,0.896,794760.0,-2.46,-3.77,False,0.6427,0.357,False,False,22.14,887996.0,40.3,24.74,20.34,22.39,bullish,2.52,0.0405,0.0405,1.0,True,False,False,False,71.1,,False,,0.36,-0.32,False,-0.32,0.77,False,30.0,10.0,16.7,70.0,neutral,neutral,0,False,False,18.222,True,False,7,81.9,True,True,True,3.0,False,True,False,canslim,1.0,True,True
LH,339.3399963378906,3.44,6.59,15.52,24.99,0.0,38.68,4.95,14.34,30.91,19.57,74.8,77.17,True,False,22260539694.22168,Health services,Medical/Nursing services,NYSE,Labcorp Holdings Inc.,"S&P 500, S&P 500 Health Care, S&P 500 ESG, Russell 3000, Russell 1000, STOXX Global 1800, STOXX North America 600, STOXX USA 500, STOXX Global 1800 ex Asia/Pacific, STOXX Global 1800 ex Europe, STOXX Developed Markets 2400, STOXX USA 500",7.787,2.29,318.36,301.493,2.69,4.86,2.87,5.47,6.59,12.55,True,False,False,333.934,317.067,2.39,202953769.20178223,691652.0,True,2B,100,1.853,15.52,22.95,24.99,2.24,2.07,2.16,1,True,1620.0,False,False,False,False,0.678,619580.0,4.07,0.89,False,0.2367,0.763,True,False,-40.03,691652.0,89.4,30.36,12.28,29.71,bullish,8.32,0.0896,0.0672,1.33,True,False,False,False,88.8,,True,87.0,0.991,5.86,False,-0.83,0.67,False,52.8,17.2,68.3,84.6,deceleration,bullish,0,False,False,319.185,True,False,8,81.8,True,False,True,2.0,True,False,False,minervini,1.0,False,True
ALRS,32.86000061035156,-0.73,-0.47,2.67,25.77,-3.69,61.98,-1.88,0.49,18.0,36.44,83.4,50.44,False,False,774464874.7711394,Finance,Major banks,NASDAQ,Alerus Financial Corporation,"NASDAQ Composite, Russell 2000, NASDAQ Real Estate and Other Financial Services, Russell 3000, Mini-Russell 2000",0.817,2.49,33.015,32.512,-0.19,0.43,-0.19,0.43,-0.47,1.07,False,False,False,34.65,34.146,3.03,7654478.611293793,240706.0,True,2B,100,5.064,2.67,19.32,25.77,1.98,2.4,2.5,1,True,1620.0,False,False,False,False,0.607,143800.0,-1.91,0.27,False,0.505,0.495,False,False,-33.16,240706.0,53.8,15.74,34.61,43.34,bullish,2.72,0.0499,0.0499,1.0,True,False,False,False,85.0,,False,,0.725,1.04,False,-0.72,0.48,False,48.3,16.7,48.8,90.0,neutral,bullish,0,False,False,33.039,False,False,8,81.8,False,False,True,1.0,True,False,False,minervini,1.0,True,True
IVZ,32.45000076293945,1.65,3.77,10.32,22.68,-0.37,55.37,-0.37,9.14,20.77,30.59,82.0,62.39,False,False,11596640239.115578,Finance,Investment managers,NYSE,Invesco Ltd,"S&P 500, S&P 500 Financials, S&P 500 ESG, Nasdaq US Mid Cap Growth, Russell 3000, Russell 1000, STOXX Developed Markets 2400",0.882,2.72,31.27,29.865,1.34,2.93,1.39,3.18,3.77,8.65,True,False,False,33.034,31.629,2.69,146404025.67412186,5013076.0,True,2B,100,3.378,10.32,20.77,22.68,2.42,2.35,2.74,1,True,1620.0,False,False,False,False,0.588,3538820.0,0.12,1.34,False,0.2928,0.707,True,True,-39.67,5013076.0,53.84,25.92,17.75,25.67,bullish,5.96,0.061,0.0571,1.07,True,False,False,False,80.2,,True,24.8,0.932,3.44,False,-1.14,0.56,False,33.9,15.0,49.4,43.5,neutral,bearish,0,False,False,31.33,True,False,8,81.5,True,False,True,2.0,True,False,False,minervini,1.0,True,True
FMAO,33.9900016784668,-0.7,0.64,7.18,24.43,-3.79,51.53,-2.97,9.82,24.38,29.24,81.0,54.83,False,False,419516706.8476445,Finance,Regional banks,NASDAQ,"Farmers & Merchants Bancorp, Inc.","NASDAQ Composite, Russell 2000, NASDAQ Bank, Russell 3000, Mini-Russell 2000",1.178,3.47,33.774,32.417,0.18,1.34,0.18,1.4,0.64,4.85,False,False,False,36.129,34.773,4.05,3043778.4398727417,96334.0,True,2B,100,4.166,7.18,20.52,24.43,3.35,2.93,3.35,1,True,1620.0,False,False,False,False,0.412,60420.0,-3.02,-0.18,False,0.4312,0.569,False,False,-51.75,96334.0,58.39,19.9,24.54,14.72,bullish,5.19,0.0579,0.0579,1.0,True,False,False,False,84.5,,False,,0.641,1.93,False,-0.82,0.39,False,65.0,20.0,100.0,90.0,momentum,bullish,0,False,True,33.832,True,False,8,81.4,,,,,True,False,False,minervini,1.0,True,True
KRNY,9.81999969482422,1.55,2.69,5.8,24.03,0.0,63.32,0.51,5.69,21.15,28.62,84.7,63.88,False,False,602074097.0394738,Finance,Savings banks,NASDAQ,Kearny Financial,"NASDAQ Composite, Russell 2000, NASDAQ Bank, Russell 3000, Mini-Russell 2000",0.207,2.11,9.563,9.438,1.24,1.85,1.28,1.92,2.69,4.05,False,False,False,9.977,9.852,1.86,6096001.038349152,656286.0,True,2B,100,4.432,5.8,19.16,24.03,2.28,1.86,2.16,1,True,1620.0,False,False,False,False,1.015,836200.0,0.0,0.92,False,0.2278,0.772,True,False,45.93,656286.0,60.24,23.08,17.13,12.01,bullish,3.97,0.0514,0.0476,1.08,True,False,False,False,82.2,,True,,0.785,2.6,False,0.02,1.01,False,50.7,25.0,45.8,90.0,neutral,bullish,0,False,False,9.573,True,False,8,81.4,,,,,True,False,False,minervini,1.0,True,True
WKC,35.619998931884766,-1.93,-2.66,0.41,28.41,-11.5,60.14,-0.06,-6.61,21.58,44.41,83.1,43.34,False,False,1731705689.673812,Distribution services,Wholesale distributors,NYSE,World Kinect Corporation,"Russell 2000, Russell 3000, Mini-Russell 2000",1.026,2.88,36.592,36.45,-0.95,-0.81,-0.92,-0.79,-2.66,-2.28,False,False,False,38.645,38.503,2.7,44413916.58705139,1243148.0,True,2B,100,4.729,0.41,23.05,28.41,2.59,2.62,2.76,1,True,1620.0,False,False,False,False,0.656,795760.0,-1.14,-0.92,False,0.8202,0.18,False,False,-32.86,1243148.0,26.24,20.29,27.68,15.67,transitioning,1.88,0.0723,0.0723,1.0,False,False,False,False,88.8,,False,29.9,0.106,0.14,False,-0.69,0.59,False,32.2,16.7,15.0,70.0,acceleration,neutral,0,False,False,36.602,False,False,8,81.2,False,False,True,1.0,True,False,False,minervini,1.0,True,True
ACNB,64.44000244140625,0.38,1.11,4.78,23.16,-1.51,56.54,0.11,3.77,20.39,32.85,80.8,57.63,False,False,617011677.619113,Finance,Regional banks,NASDAQ,ACNB Corporation,"NASDAQ Composite, Russell 2000, NASDAQ Bank, Russell 3000, Mini-Russell 2000",1.382,2.15,63.731,62.461,0.51,1.43,0.52,1.48,1.11,3.17,False,False,False,66.496,65.225,2.04,4683237.742279053,76096.0,True,2B,100,4.279,4.78,19.61,23.16,2.5,1.95,2.17,1,True,1620.0,False,False,False,False,1.37,96960.0,-0.15,-0.02,False,0.3688,0.631,False,False,49.67,76096.0,53.67,20.69,15.7,24.05,bullish,3.62,0.0443,0.044,1.01,True,False,False,False,81.6,,False,,0.57,2.13,False,0.27,1.2,False,37.0,25.0,0.0,90.0,neutral,bullish,0,False,True,63.795,True,False,8,81.1,True,False,True,2.0,True,False,False,minervini,1.0,True,True
JHX,30.200000762939453,0.6,3.68,12.17,33.43,-2.83,80.95,-0.76,13.79,45.47,24.18,87.4,61.26,False,False,15454367417.107996,Non-energy minerals,Construction materials,NYSE,James Hardie Industries plc.,"Russell 3000, Russell 1000, STOXX Developed Markets 2400",0.972,3.22,29.129,27.364,1.1,2.92,1.14,3.22,3.68,10.36,True,False,False,31.072,29.307,2.76,193651010.20911407,7238036.0,True,2B,100,3.458,12.17,28.3,33.43,2.74,2.71,2.82,1,True,1620.0,False,False,False,False,0.669,4954440.0,-0.13,-0.76,False,0.079,0.921,True,True,1.4,7238036.0,60.98,26.52,18.68,27.16,bullish,8.83,0.0862,0.0862,1.0,True,False,False,False,89.7,,True,28.0,0.791,3.37,False,-1.09,0.63,False,41.8,10.0,36.1,90.0,neutral,bullish,0,False,False,29.212,True,False,8,81.1,False,False,True,1.0,True,False,False,minervini,1.0,False,True
BEN,34.619998931884766,1.51,2.19,3.56,25.6,-3.21,69.81,1.26,6.56,12.73,31.06,81.4,59.54,False,False,17257150425.36294,Finance,Investment managers,NYSE,"Franklin Resources, Inc.","S&P 500, S&P 500 Financials, S&P 500 ESG, Russell 3000, Russell 1000, STOXX Developed Markets 2400",0.794,2.29,33.877,33.615,0.94,1.27,0.96,1.3,2.19,2.99,False,False,False,35.465,35.204,2.37,149692509.9541626,4473254.0,True,2B,100,4.554,3.56,18.64,25.6,1.66,2.02,2.46,1,True,1620.0,False,False,False,False,0.547,3473160.0,1.73,0.9,False,0.1369,0.863,True,True,-35.37,4473254.0,40.5,24.54,13.95,19.49,bullish,2.66,0.04,0.0327,1.22,True,False,False,False,83.0,,True,22.4,0.587,1.5,False,-1.16,0.53,False,46.7,18.3,81.2,50.0,acceleration,bearish,0,False,False,33.897,True,False,8,81.0,True,False,True,2.0,True,False,False,minervini,1.0,True,True
NGL,16.329999923706055,-3.75,-2.52,1.34,23.27,-11.06,233.27,-11.06,4.95,-9.83,35.97,91.5,47.02,False,False,1989539735.905059,Industrial services,Oil & gas pipelines,NYSE,NGL ENERGY PARTNERS LP,,0.812,4.97,16.752,16.129,-0.52,0.25,-0.51,0.25,-2.52,1.25,False,False,False,18.376,17.753,4.76,3820209.3988227844,234304.0,True,2B,100,8.543,1.34,13.2,23.27,5.17,4.8,4.78,1,True,1593.0,False,False,False,False,1.068,161460.0,-11.73,-2.86,False,0.8596,0.14,False,False,256.86,234304.0,70.48,20.47,30.68,19.29,bullish,3.08,0.047,0.0405,1.16,True,False,False,False,85.5,,False,23.1,0.365,0.27,False,0.31,1.21,False,45.1,26.3,49.7,65.6,neutral,bullish,0,False,False,16.774,True,False,8,81.0,False,False,True,1.0,True,False,False,minervini,1.0,False,True
CASS,57.41999816894531,0.44,1.55,6.61,23.65,-1.91,59.49,0.28,5.84,26.73,33.76,81.6,59.43,False,False,663765156.6971707,Commercial services,Miscellaneous commercial services,NASDAQ,"Cass Information Systems, Inc","NASDAQ Composite, Russell 2000, NASDAQ Industrials, Russell 3000, Mini-Russell 2000",1.749,3.05,56.545,54.907,0.5,1.44,0.51,1.5,1.55,4.58,False,False,False,60.042,58.405,2.74,4503792.894989014,84176.0,True,2B,100,4.404,6.61,19.24,23.65,4.74,2.76,2.57,1,True,1620.0,True,False,False,False,1.439,89660.0,-0.14,1.81,False,0.3782,0.622,False,False,105.3,84176.0,61.34,20.93,25.54,33.96,bullish,4.38,0.0476,0.0476,1.0,True,False,False,False,85.9,,True,,0.722,2.04,False,0.62,1.29,False,41.4,13.3,30.1,90.0,neutral,bullish,0,False,False,56.623,True,False,8,80.9,False,False,True,1.0,True,False,False,minervini,1.0,True,True
TILE,38.27000045776367,0.11,3.28,10.06,26.87,-2.67,56.87,0.6,16.04,32.97,21.76,82.6,61.58,False,False,2074928150.182484,Producer manufacturing,Building products,NASDAQ,"Interface, Inc.","NASDAQ Composite, Russell 2000, Nasdaq US Small Cap Growth, NASDAQ Industrials, Russell 3000, Mini-Russell 2000",1.29,3.37,37.056,35.253,0.94,2.34,0.97,2.54,3.28,8.56,True,False,False,39.636,37.832,3.22,17723157.221935272,508398.0,True,2B,100,3.416,10.06,23.65,26.87,2.95,3.5,2.93,1,True,1620.0,False,False,False,False,0.693,396900.0,0.9,-1.72,False,0.1089,0.891,True,True,-25.31,508398.0,67.83,30.3,15.65,36.21,bullish,8.22,0.0808,0.0808,1.0,True,False,False,False,88.1,,True,36.5,0.695,2.71,False,-0.61,0.63,False,51.1,18.9,51.5,93.6,neutral,bullish,0,False,False,37.153,True,False,8,80.9,True,True,True,3.0,True,True,False,minervini+canslim,2.0,True,True
RBCAA,94.9800033569336,-0.86,-0.89,2.45,23.5,-5.62,49.04,-1.84,1.44,20.31,38.57,79.4,48.8,False,False,1562450661.6082664,Finance,Regional banks,NASDAQ,"Republic Bancorp, Inc.","NASDAQ Composite, Russell 2000, NASDAQ Bank, Russell 3000, Mini-Russell 2000",2.281,2.4,95.837,94.287,-0.38,0.3,-0.37,0.31,-0.89,0.73,False,False,False,100.4,98.85,2.44,10757666.134613037,116674.0,True,2B,100,4.115,2.45,19.01,23.5,2.08,2.34,2.38,1,True,1620.0,False,False,False,False,0.862,84160.0,-2.04,0.66,False,0.6415,0.358,False,False,-62.95,116674.0,34.1,20.18,25.81,27.09,transitioning,2.4,0.056,0.056,1.0,False,False,False,False,85.4,,False,56.3,0.255,1.0,False,-0.58,0.76,False,19.0,10.0,0.0,50.0,deceleration,bearish,0,False,False,95.902,False,False,8,80.8,False,False,True,1.0,True,False,False,minervini,1.0,True,True
THG,227.47000122070312,1.57,1.99,4.77,20.93,-2.22,37.19,2.42,4.29,17.14,32.15,73.3,58.54,False,False,7438540460.668434,Finance,Property/Casualty insurance,NYSE,Hanover Insurance Group Inc,"S&P MidCap 400, Russell 3000, Russell 1000, STOXX Developed Markets 2400",4.719,2.07,223.039,220.574,0.94,1.46,0.96,1.51,1.99,3.13,False,False,False,232.478,230.013,2.12,72400605.16375732,334096.0,True,2B,100,3.017,4.77,18.87,20.93,1.96,1.87,2.04,1,True,1620.0,False,False,False,False,1.395,345480.0,1.87,1.93,False,0.5223,0.478,False,False,56.25,334096.0,51.24,22.99,21.19,14.99,bullish,2.91,0.0412,0.0393,1.05,True,False,False,False,83.4,,False,76.7,0.549,2.2,False,1.03,1.34,False,63.0,30.0,100.0,70.0,momentum,neutral,0,False,False,223.198,True,False,8,80.7,False,True,True,2.0,True,False,False,minervini,1.0,True,True
UHAL,71.0999984741211,-1.82,-1.52,2.43,26.33,-5.54,68.52,-3.61,-0.46,37.92,41.1,83.0,47.06,False,False,11720404801.458649,Finance,Finance/Rental/Leasing,NYSE,U-Haul Holding Company,"Russell 3000, Russell 1000",1.788,2.51,72.198,70.948,-0.61,0.09,-0.61,0.09,-1.52,0.21,False,False,False,75.774,74.523,2.59,13696113.230773926,200018.0,True,2B,100,3.314,2.43,23.57,26.33,2.51,2.71,2.38,1,True,1620.0,False,False,False,False,0.774,135300.0,-4.38,-0.43,False,0.5303,0.47,False,False,-37.68,200018.0,42.81,15.69,21.67,22.32,bullish,3.59,0.0697,0.0672,1.04,True,False,False,False,86.1,,False,48.0,0.173,0.95,False,-1.06,0.61,False,47.4,26.7,32.5,90.0,neutral,bullish,0,False,False,72.269,False,False,8,80.5,False,False,True,1.0,True,False,False,minervini,1.0,True,True
PAA,24.959999084472656,3.18,4.53,8.39,22.69,0.0,70.48,5.09,3.2,5.12,24.19,76.2,65.75,True,False,15415867746.063828,Industrial services,Oil & gas pipelines,NASDAQ,"Plains All American Pipeline, L.P.","NASDAQ Composite, NASDAQ Industrials",0.492,1.97,23.879,23.44,2.2,3.09,2.3,3.29,4.53,6.48,True,False,False,24.863,24.424,1.76,56021357.275463104,2434274.0,True,2B,100,4.464,8.39,15.66,22.69,1.96,1.83,1.75,1,True,1620.0,False,False,False,False,0.848,2666600.0,4.09,1.42,False,0.3418,0.658,False,True,-12.35,2434274.0,68.44,28.07,14.93,20.45,bullish,3.79,0.0531,0.0346,1.53,True,False,False,False,87.1,,True,12.2,0.941,3.93,False,-0.11,0.95,False,35.9,18.3,36.8,58.4,neutral,bearish,0,False,False,23.902,True,False,8,80.3,True,False,True,2.0,True,False,False,minervini,1.0,True,True
ATNI,30.940000534057617,0.53,5.6,16.59,24.07,-3.64,126.64,-2.0,31.94,14.16,11.32,85.4,63.9,False,False,415744434.7008611,Communications,Major telecommunications,NASDAQ,"ATN International, Inc.","NASDAQ Composite, Russell 2000, NASDAQ Telecommunications, Russell 3000, Mini-Russell 2000",1.28,4.14,29.299,26.557,1.28,3.42,1.35,3.99,5.6,16.5,True,False,False,31.86,29.118,3.98,2336836.6573638916,86056.0,True,2B,100,6.201,16.59,17.24,24.07,3.16,4.42,3.77,1,True,1620.0,False,False,False,False,1.031,88000.0,-0.96,-0.03,False,0.2472,0.753,True,True,86.35,86056.0,61.41,29.54,13.56,41.44,bullish,10.43,0.0788,0.0788,1.0,True,False,False,False,95.4,,False,,0.758,3.44,False,0.28,1.13,False,47.5,26.7,72.9,50.0,momentum,bearish,1,False,False,29.416,True,False,8,80.3,False,False,True,1.0,True,False,False,minervini,1.0,True,True
BZH,33.11000061035156,-0.06,0.79,6.28,33.91,-2.82,83.64,-0.18,-0.24,35.92,25.89,84.5,58.35,False,False,798147672.2210106,Consumer durables,Homebuilding,NYSE,"Beazer Homes USA, Inc.","Russell 2000, Russell 3000, Mini-Russell 2000",0.539,1.63,32.851,32.121,0.48,1.83,0.48,1.89,0.79,3.08,False,False,False,33.929,33.2,1.47,19962739.528518677,626998.0,True,2B,100,4.279,6.28,28.77,33.91,0.43,0.97,2.36,1,True,1620.0,False,False,False,False,0.449,642080.0,-0.06,-0.06,False,0.4835,0.517,False,False,46.94,626998.0,28.19,29.46,13.85,37.29,bullish,5.12,0.0657,0.0657,1.0,True,False,False,False,89.8,,False,,0.502,3.63,False,-0.22,0.67,False,52.3,3.3,100.0,70.0,momentum,neutral,0,False,False,32.893,True,False,8,80.3,False,False,True,1.0,True,False,False,minervini,1.0,False,True
HTGC,17.5,3.53,5.71,10.68,12.72,0.0,33.49,5.8,14.38,17.29,26.83,56.3,72.36,True,False,2915307609.0958004,Finance,Finance/Rental/Leasing,NYSE,"Hercules Capital, Inc.",,0.303,1.73,16.554,16.021,3.12,4.88,3.3,5.33,5.71,9.23,True,False,False,17.161,16.627,1.7,24062940.688444138,1514296.0,True,2A,85,0.584,10.68,15.72,12.72,1.41,1.58,1.63,1,True,1620.0,False,False,False,False,1.046,1684160.0,5.74,2.16,False,0.0827,0.917,True,True,39.26,1514296.0,49.93,41.06,10.6,41.02,bullish,5.28,0.0597,0.038,1.57,True,False,False,False,89.2,,False,4.9,0.983,5.57,False,0.84,1.21,False,28.4,10.7,30.4,50.0,neutral,bearish,0,False,False,16.582,True,False,6,80.2,True,True,True,3.0,False,True,False,canslim,1.0,False,True
PFIS,70.63999938964844,0.06,0.56,3.65,24.82,-1.86,64.12,-1.08,1.73,20.48,32.79,81.8,54.66,False,False,671029311.9195579,Finance,Regional banks,NASDAQ,Peoples Financial Services Corp.,"NASDAQ Composite, Russell 2000, NASDAQ Bank, Russell 3000, Mini-Russell 2000",1.711,2.42,70.249,69.278,0.23,0.8,0.23,0.81,0.56,1.97,False,False,False,73.67,72.699,2.64,4653046.274055481,68714.0,True,2B,100,4.767,3.65,18.77,24.82,2.16,2.2,2.52,1,True,1620.0,False,False,False,False,0.708,59100.0,-1.6,0.71,False,0.4517,0.548,False,False,-24.23,68714.0,37.46,22.04,19.59,11.29,bullish,3.05,0.0414,0.0414,1.0,True,False,False,False,81.4,,False,,0.612,1.45,False,-0.64,0.61,False,55.8,16.7,73.8,90.0,deceleration,bullish,0,False,False,70.306,True,False,8,80.1,False,False,True,1.0,True,False,False,minervini,1.0,True,True
SCHW,113.6500015258789,2.72,5.06,11.79,18.18,0.0,33.55,2.78,11.78,26.44,23.33,71.0,73.67,True,False,157687419911.98535,Finance,Investment banks/Brokers,NYSE,Charles Schwab Corporation (The),"S&P 500, S&P 500 Financials, S&P 500 ESG, Nasdaq US Large Cap Growth, KBW NASDAQ Financial Technology, S&P 100, Russell 3000, Russell 1000, STOXX Global 1800, STOXX North America 600, STOXX USA 500, STOXX Global 1800 ex Asia/Pacific, STOXX Global 1800 ex Europe, STOXX Americas 100, STOXX Global 200, STOXX Developed Markets 2400, STOXX USA 500",2.043,1.8,108.178,104.182,2.68,4.64,2.81,5.06,5.06,9.09,True,False,False,112.264,108.267,1.67,913263160.7424316,9145764.0,True,2B,100,1.634,11.79,18.1,18.18,1.71,1.62,1.92,1,True,1620.0,False,False,False,False,1.193,7091540.0,2.08,1.2,False,0.281,0.719,True,False,-39.42,9145764.0,74.31,36.84,8.47,56.7,bullish,6.45,0.0696,0.0586,1.19,True,False,False,False,90.7,,False,52.7,0.925,5.87,False,-0.23,0.9,False,56.0,23.3,65.9,89.7,deceleration,bullish,0,False,False,108.394,True,False,8,80.1,True,False,True,2.0,True,False,False,minervini,1.0,True,True
LNG,280.7900085449219,2.81,4.86,9.82,19.03,-5.0,49.76,5.19,4.33,16.84,26.28,68.9,63.92,False,False,50636117569.00026,Industrial services,Oil & gas pipelines,NYSE,"Cheniere Energy, Inc.","Russell 3000, Russell 1000, STOXX Global 1800, STOXX North America 600, STOXX USA 500, STOXX Global 1800 ex Asia/Pacific, STOXX Global 1800 ex Europe, STOXX Developed Markets 2400, STOXX USA 500",7.196,2.56,267.774,261.28,1.81,2.71,1.9,2.91,4.86,7.47,True,False,False,282.165,275.671,2.22,485591995.88723755,1921292.0,True,2B,100,2.042,9.82,13.18,19.03,1.72,2.27,2.42,1,True,1620.0,False,False,False,False,0.743,1324040.0,3.75,1.18,False,0.3454,0.655,False,True,-15.75,1921292.0,78.03,24.13,16.32,13.18,expanding,4.9,0.056,0.0431,1.3,True,False,False,False,87.5,,True,85.4,0.971,3.49,False,-0.97,0.59,False,49.3,11.4,59.0,90.0,neutral,bullish,0,False,False,268.172,True,False,7,80.1,True,True,True,3.0,False,True,False,canslim,1.0,True,True
MD,26.600000381469727,0.7,1.22,3.17,16.73,-2.88,68.35,0.99,1.29,25.12,34.75,80.2,54.41,False,False,2026768980.2770636,Health services,Medical/Nursing services,NYSE,"Pediatrix Medical Group, Inc.","Russell 2000, Russell 3000, Mini-Russell 2000",0.977,3.67,26.281,26.218,0.33,0.39,0.33,0.4,1.22,1.46,False,False,False,28.234,28.172,3.84,21392452.179416656,832912.0,True,2B,100,4.141,3.17,16.14,16.73,3.17,4.21,3.44,1,True,1620.0,False,False,False,False,0.802,960960.0,0.23,0.11,False,0.4895,0.511,False,True,35.61,832912.0,69.6,20.75,26.69,19.75,bullish,2.63,0.0365,0.0336,1.09,True,False,False,False,84.5,,True,28.1,0.846,0.84,False,-0.44,0.82,False,55.3,21.7,65.4,90.0,deceleration,bullish,0,False,False,26.297,True,False,8,80.0,False,True,True,2.0,True,False,False,minervini,1.0,True,True
RHP,131.1300048828125,2.82,3.08,3.17,25.1,-3.57,58.05,5.66,-1.47,18.2,30.05,79.3,60.05,False,False,8338628342.997249,Finance,Real estate investment trusts,NYSE,"Ryman Hospitality Properties, Inc. (REIT)","Russell 2000, Nasdaq US Small Cap Growth, Russell 3000, Mini-Russell 2000, STOXX Developed Markets 2400",3.206,2.45,127.212,127.71,1.22,1.07,1.26,1.1,3.08,2.68,False,False,False,133.625,134.123,2.6,98232134.16461182,776510.0,True,2B,100,4.23,3.17,20.11,25.1,1.93,2.59,2.39,1,True,1620.0,False,False,False,False,0.708,632340.0,6.77,2.05,False,0.7387,0.261,False,True,91.11,776510.0,73.98,28.72,24.13,13.39,bullish,2.09,0.0458,0.0363,1.26,True,False,False,False,88.8,,False,67.4,0.727,1.25,False,-0.13,0.89,True,71.7,36.7,100.0,90.0,momentum,bullish,0,False,False,127.233,True,False,8,79.9,True,False,True,2.0,True,False,False,minervini,1.0,True,True
CPAY,413.9200134277344,1.04,3.46,10.95,25.04,-2.66,62.32,1.55,11.7,18.98,24.46,75.9,62.92,False,False,21731529531.70203,Commercial services,Miscellaneous commercial services,NYSE,"Corpay, Inc.","S&P 500, S&P 500 Financials, Nasdaq US Mid Cap Growth, KBW NASDAQ Financial Technology, Russell 3000, Russell 1000, STOXX Global 1800, STOXX North America 600, STOXX USA 500, STOXX Global 1800 ex Asia/Pacific, STOXX Global 1800 ex Europe, STOXX Developed Markets 2400, STOXX USA 500",10.738,2.59,400.074,379.91,1.29,3.17,1.33,3.45,3.46,8.95,True,False,False,421.551,401.386,2.58,230212868.43066406,626284.0,True,2B,100,3.846,10.95,21.49,25.04,2.13,2.66,2.57,1,True,1620.0,False,False,False,False,0.865,426140.0,1.19,-0.77,False,0.2669,0.733,True,True,-15.66,626284.0,63.34,27.95,10.66,41.44,bullish,6.72,0.068,0.0656,1.04,True,False,False,False,78.4,,True,91.8,0.74,3.8,False,-0.32,0.79,False,53.5,41.7,32.7,90.0,deceleration,bullish,1,False,False,400.945,True,False,8,79.7,False,False,True,1.0,True,False,False,minervini,1.0,True,True
FCBC,49.54999923706055,1.18,2.69,7.6,24.88,0.0,66.14,0.75,2.91,17.72,27.76,81.3,66.1,True,False,851832755.9972923,Finance,Regional banks,NASDAQ,"First Community Bankshares, Inc.","NASDAQ Composite, Russell 2000, NASDAQ Bank, Russell 3000, Mini-Russell 2000",1.155,2.33,48.252,46.671,1.12,2.49,1.15,2.65,2.69,6.17,True,False,False,50.562,48.981,2.46,4168388.8332443237,90372.0,True,2B,100,4.62,7.6,17.24,24.88,1.97,2.1,2.39,1,True,1620.0,False,False,False,False,0.95,87220.0,0.43,0.73,False,0.258,0.742,True,False,-7.64,90372.0,48.49,23.89,13.24,30.59,bullish,4.55,0.049,0.0462,1.06,True,False,False,False,76.6,,True,,0.841,3.03,False,-0.16,0.91,False,52.5,21.7,56.1,90.0,neutral,bullish,0,False,False,48.322,True,False,8,79.7,,,,,True,False,False,minervini,1.0,False,True
OSBC,25.450000762939453,0.06,1.08,6.02,20.85,-1.78,54.38,-1.47,6.2,21.06,30.92,79.7,59.06,False,False,1202488816.2875762,Finance,Major banks,NASDAQ,"Old Second Bancorp, Inc.","NASDAQ Composite, Russell 2000, NASDAQ Bank, Russell 3000, Mini-Russell 2000",0.451,1.77,25.177,24.421,0.61,2.28,0.61,2.38,1.08,4.21,True,False,False,26.079,25.324,1.64,10499421.58403778,437324.0,True,2B,100,3.916,6.02,17.56,20.85,1.9,1.54,1.85,1,True,1620.0,False,False,False,False,0.766,379660.0,-1.85,0.43,False,0.4089,0.591,False,False,-37.34,437324.0,54.36,26.96,22.56,25.7,bullish,4.13,0.0445,0.0445,1.0,True,False,False,False,81.3,,False,10.2,0.554,3.2,False,-0.66,0.73,False,46.2,20.4,36.9,90.0,deceleration,bullish,0,False,False,25.21,True,False,8,79.7,False,False,True,1.0,True,False,False,minervini,1.0,True,True
NTRS,186.66000366210935,0.07,0.57,2.7,20.42,-2.51,54.59,-2.51,3.4,11.78,34.33,79.1,53.7,False,False,32174169358.673862,Finance,Investment managers,NASDAQ,Northern Trust Corporation,"S&P 500, NASDAQ Composite, S&P 500 Financials, S&P 500 ESG, Nasdaq US Mid Cap Growth, NASDAQ Real Estate and Other Financial Services, KBW NASDAQ Bank, Russell 3000, Russell 1000, STOXX Global 1800, STOXX North America 600, STOXX USA 500, STOXX Global 1800 ex Asia/Pacific, STOXX Global 1800 ex Europe, STOXX Developed Markets 2400, STOXX USA 500",4.016,2.15,185.602,183.588,0.26,0.77,0.27,0.78,0.57,1.67,False,False,False,193.633,191.619,1.98,196261428.88342285,1081464.0,True,2B,100,4.048,2.7,15.21,20.42,2.19,1.94,2.04,1,True,1620.0,False,False,False,False,1.062,1052140.0,-2.36,1.5,False,0.3348,0.665,False,False,-16.86,1081464.0,72.18,24.64,20.46,18.71,bullish,2.28,0.0338,0.0338,1.0,True,False,False,False,82.2,,True,73.0,0.503,1.22,False,0.09,1.03,False,30.5,21.6,29.2,43.8,deceleration,neutral,0,False,False,185.725,False,False,8,79.5,True,False,True,2.0,True,False,False,minervini,1.0,True,True
BGC,11.949999809265137,6.35,7.19,5.87,18.27,-5.36,44.97,7.27,2.76,7.18,28.0,66.5,63.18,False,False,5485198506.820808,Finance,Investment banks/Brokers,NASDAQ,"BGC Group, Inc.","NASDAQ Composite, Russell 2000, Nasdaq US Small Cap Growth, NASDAQ Real Estate and Other Financial Services, Russell 3000, Mini-Russell 2000, STOXX Developed Markets 2400",0.417,3.49,11.149,11.103,1.92,2.03,2.06,2.19,7.19,7.63,True,False,False,11.982,11.936,3.36,37174380.50131416,3274742.0,True,2B,100,1.985,5.87,13.48,18.27,3.73,3.42,3.48,1,True,1620.0,False,False,False,False,0.968,3332280.0,6.89,0.84,False,0.7847,0.215,False,False,38.47,3274742.0,52.07,30.65,17.03,17.32,compression_breakout,1.84,0.049,0.0064,7.63,True,False,True,False,92.3,,False,8.5,0.949,1.59,False,-0.26,0.86,False,52.9,33.9,81.2,50.0,momentum,bearish,0,False,False,11.15,True,False,7,79.5,True,True,True,3.0,False,True,False,canslim,1.0,False,True
AIZ,287.8099975585937,1.58,1.99,4.11,18.87,-4.56,41.69,2.38,3.93,13.33,32.22,72.1,58.93,False,False,13101881348.216553,Finance,Property/Casualty insurance,NYSE,"Assurant, Inc.","S&P 500, S&P 500 Financials, S&P 500 ESG, Russell 3000, Russell 1000, STOXX Developed Markets 2400",6.392,2.22,282.191,280.103,0.88,1.21,0.9,1.24,1.99,2.75,False,False,False,294.975,292.886,2.32,106778252.97680664,385814.0,True,2B,100,3.137,4.11,16.77,18.87,1.94,2.42,1.95,1,True,1620.0,False,False,False,False,0.731,403500.0,1.26,1.33,False,0.4394,0.561,False,False,9.93,385814.0,53.98,28.71,17.44,26.33,bullish,2.52,0.0378,0.0318,1.19,True,False,False,False,77.2,,False,83.0,0.455,1.78,False,-0.62,0.8,False,32.2,11.2,37.7,54.8,neutral,bearish,0,False,False,282.355,True,False,8,79.4,True,True,True,3.0,True,True,False,minervini+canslim,2.0,True,True
EPC,28.36000061035156,0.18,0.98,4.55,33.11,-4.38,80.84,1.07,2.64,61.76,28.73,87.9,53.78,False,False,1277374331.9905846,Consumer non-durables,Household/Personal care,NYSE,Edgewell Personal Care Company,"Russell 2000, Russell 3000, Mini-Russell 2000",1.261,4.45,28.086,27.832,0.22,0.42,0.22,0.43,0.98,1.9,False,False,False,30.608,30.354,4.34,22601825.231796265,845288.0,True,2B,100,4.375,4.55,25.36,33.11,4.45,4.32,4.34,1,True,1620.0,False,False,False,False,0.852,557480.0,-0.53,-0.74,False,0.5388,0.461,False,False,-51.77,845288.0,59.12,31.73,22.25,16.8,bullish,4.74,0.061,0.061,1.0,True,False,False,False,97.4,3m,True,35.7,0.492,0.98,False,-0.68,0.59,False,32.3,13.3,0.0,90.0,neutral,bullish,0,False,False,28.118,True,False,8,79.4,False,False,True,1.0,True,False,False,minervini,1.0,True,True
FBIZ,70.0,0.24,1.09,6.09,21.37,-2.58,50.14,-1.34,4.7,23.22,28.26,79.8,57.02,False,False,533589822.8854101,Finance,Regional banks,NASDAQ,"First Business Financial Services, Inc.","NASDAQ Composite, Russell 2000, NASDAQ Bank, Russell 3000, Mini-Russell 2000",1.632,2.33,69.245,67.264,0.46,1.68,0.47,1.75,1.09,4.07,False,False,False,72.508,70.527,2.44,4078503.4583740234,61684.0,True,2B,100,3.858,6.09,18.31,21.37,2.19,2.04,2.31,1,True,1620.0,False,False,False,False,1.189,45840.0,-1.74,1.91,False,0.4613,0.539,False,False,-17.49,61684.0,46.61,24.41,16.45,37.87,bullish,4.01,0.049,0.049,1.0,True,False,False,False,83.9,,False,,0.536,2.46,False,0.25,1.14,False,62.3,13.3,100.0,90.0,deceleration,bullish,0,False,False,69.334,False,False,8,79.3,,,,,True,False,False,minervini,1.0,True,True
TRST,57.20000076293945,0.61,1.19,3.16,21.4,-1.0,69.2,0.7,-0.26,14.64,30.81,81.1,55.88,False,False,955173065.641725,Finance,Savings banks,NASDAQ,TrustCo Bank Corp NY,"NASDAQ Composite, Russell 2000, NASDAQ Bank, Russell 3000, Mini-Russell 2000",1.285,2.25,56.529,55.952,0.52,0.97,0.53,0.99,1.19,2.23,False,False,False,59.099,58.523,2.21,7090881.552909851,128100.0,True,2B,100,4.62,3.16,16.46,21.4,2.02,2.11,2.36,1,True,1620.0,False,False,False,False,1.018,151980.0,0.07,0.65,False,0.1769,0.823,True,True,-6.02,128100.0,58.29,17.36,18.47,5.99,bullish,2.56,0.0356,0.0347,1.03,True,False,False,False,81.8,,True,,0.598,1.36,False,-0.0,1.0,False,63.4,10.0,100.0,98.1,deceleration,bullish,0,False,False,56.564,True,False,8,79.2,False,False,True,1.0,True,False,False,minervini,1.0,True,True
MSGE,79.58999633789062,-1.76,-0.6,2.46,24.69,-9.99,102.73,-6.21,4.37,14.29,29.0,87.3,50.28,False,False,3798629898.148148,Consumer services,Movies/Entertainment,NYSE,Madison Square Garden Entertainment Corp.,"Russell 2000, Nasdaq US Small Cap Growth, Russell 3000, Mini-Russell 2000",2.946,3.7,80.068,78.17,-0.16,0.48,-0.16,0.49,-0.6,1.82,False,False,False,85.959,84.061,3.72,35827380.03327942,459792.0,True,2B,100,5.93,2.46,17.29,24.69,3.43,3.88,3.3,1,True,793.0,False,False,False,False,0.584,222180.0,-6.45,-0.38,False,0.1308,0.869,True,False,-55.47,459792.0,40.55,24.52,18.27,24.7,bullish,3.63,0.0495,0.0493,1.0,True,False,False,False,81.2,,False,64.8,0.307,0.65,False,-0.99,0.45,False,36.4,30.0,11.4,70.0,neutral,neutral,0,False,False,80.166,True,False,8,79.1,False,False,True,1.0,True,False,False,minervini,1.0,False,True
DRH,12.739999771118164,0.86,1.12,2.62,23.85,-4.78,75.06,3.07,-0.86,19.83,30.5,82.8,54.99,False,False,2557838070.9242544,Finance,Real estate investment trusts,NASDAQ,Diamondrock Hospitality Company,"NASDAQ Composite, Russell 2000, NASDAQ Real Estate and Other Financial Services, Russell 3000, Mini-Russell 2000",0.315,2.47,12.599,12.499,0.45,0.76,0.45,0.78,1.12,1.93,False,False,False,13.228,13.129,2.59,31718569.942199707,2538594.0,True,2B,100,5.297,2.62,18.14,23.85,2.39,2.4,2.28,1,True,1620.0,False,False,False,False,1.634,2435480.0,2.99,-0.62,False,0.5808,0.419,False,True,29.94,2538594.0,38.74,26.52,20.31,15.96,bullish,2.39,0.0419,0.0389,1.08,True,False,False,False,81.4,,False,5.2,0.417,1.03,False,1.48,1.69,False,50.8,26.7,63.7,70.0,neutral,neutral,0,False,False,12.603,True,False,8,79.1,True,False,True,2.0,True,False,False,minervini,1.0,False,True
NDSN,333.92999267578125,4.52,7.15,11.5,21.86,-0.23,52.41,7.78,12.9,15.51,16.3,77.3,73.35,False,False,16797290866.453226,Producer manufacturing,Industrial machinery,NASDAQ,Nordson Corporation,"S&P 500, NASDAQ Composite, S&P 500 Industrials, S&P 500 ESG, Nasdaq US Mid Cap Growth, NASDAQ Industrials, Russell 3000, Russell 1000, STOXX Global 1800, STOXX North America 600, STOXX Global 1800 ex Asia/Pacific, STOXX Global 1800 ex Europe, STOXX Developed Markets 2400",7.42,2.22,311.645,300.741,3.0,4.47,3.22,4.97,7.15,11.04,True,False,False,326.484,315.581,2.08,124480788.06970215,412998.0,True,2B,100,2.976,11.5,16.91,21.86,3.36,2.16,1.94,1,True,1620.0,True,False,False,False,1.046,714580.0,7.92,0.51,False,0.3552,0.645,False,False,47.42,412998.0,67.17,38.55,8.5,41.54,expanding,5.99,0.0757,0.0273,2.77,True,False,False,False,93.1,,True,86.1,0.899,4.64,False,0.11,1.06,False,49.3,13.6,78.6,67.7,momentum,neutral,0,False,False,312.185,True,False,8,79.1,False,False,True,1.0,True,False,False,minervini,1.0,True,True
AWR,91.0999984741211,2.75,4.2,7.94,19.36,0.0,32.95,3.68,6.08,19.6,25.55,70.9,69.47,True,False,3236137424.691745,Utilities,Water utilities,NYSE,American States Water Company,"Russell 2000, Nasdaq US Small Cap Growth, Russell 3000, Mini-Russell 2000, STOXX Developed Markets 2400",1.733,1.9,87.428,85.947,2.12,2.97,2.21,3.15,4.2,6.0,True,False,False,90.894,89.414,1.99,26420093.556121826,315442.0,True,2B,100,1.956,7.94,17.17,19.36,1.66,1.77,1.86,1,True,1620.0,False,False,False,False,0.87,194060.0,2.65,2.79,False,0.2023,0.798,True,False,-11.73,315442.0,80.66,31.61,9.98,39.81,expanding,4.21,0.0527,0.0441,1.19,True,False,False,False,82.4,,True,46.8,0.999,3.86,False,-0.53,0.68,False,46.3,18.3,42.9,87.0,neutral,bullish,0,False,False,87.529,True,False,8,78.8,True,False,True,2.0,True,False,False,minervini,1.0,True,True
GSAT,82.11000061035156,-0.44,-0.1,1.32,15.51,-2.75,207.53,-1.11,4.03,-1.07,35.07,90.7,50.94,False,False,10335310850.075048,Communications,Wireless telecommunications,NASDAQ,"Globalstar, Inc.","NASDAQ Composite, Russell 2000, Nasdaq US Small Cap Growth, NASDAQ Telecommunications, Russell 3000, Mini-Russell 2000, STOXX Developed Markets 2400",0.901,1.1,82.19,81.226,-0.09,0.98,-0.09,0.99,-0.1,1.09,False,False,False,83.993,83.029,1.12,95648802.8417511,1183102.0,True,2B,100,5.524,1.32,10.89,15.51,0.82,0.91,1.16,1,True,1339.0,False,False,False,False,0.523,693420.0,-0.19,-0.3,False,0.717,0.283,False,False,-51.86,1183102.0,33.79,22.22,18.86,16.75,bullish,1.17,0.0175,0.0175,1.0,True,False,False,False,84.3,,False,25.5,0.578,1.18,False,-0.7,0.42,False,49.3,16.7,52.0,90.0,neutral,bullish,0,False,False,82.224,True,False,8,78.6,False,False,True,1.0,True,False,False,minervini,1.0,True,True
CNO,54.2400016784668,0.2,0.32,2.06,19.97,-2.59,42.63,-1.04,1.9,15.12,32.46,76.0,53.13,False,False,4902663527.6316,Finance,Multi-line insurance,NYSE,"CNO Financial Group, Inc.","Russell 2000, S&P MidCap 400, Russell 3000, Mini-Russell 2000, STOXX Developed Markets 2400",1.017,1.87,54.067,53.566,0.17,0.66,0.17,0.67,0.32,1.26,False,False,False,56.101,55.6,1.87,41013601.37815094,774342.0,True,2B,100,3.479,2.06,16.6,19.97,1.85,1.68,1.81,1,True,1620.0,False,False,False,False,0.833,707000.0,-1.6,1.35,False,0.5231,0.477,False,False,26.57,774342.0,48.18,24.25,21.06,17.43,bullish,2.02,0.0377,0.0377,1.0,True,False,False,False,80.0,,False,29.4,0.309,1.08,False,-0.48,0.74,False,45.7,15.5,81.6,50.0,deceleration,bearish,0,False,False,54.094,False,False,8,78.6,True,False,True,2.0,True,False,False,minervini,1.0,True,True
PESI,16.299999237060547,-5.25,-3.94,7.4,22.54,-16.11,99.02,-7.54,2.0,82.12,24.24,89.2,47.45,False,False,259743510.51879084,Industrial services,Environmental services,NASDAQ,"Perma-Fix Environmental Services, Inc.","NASDAQ Composite, Russell 2000, Nasdaq US Small Cap Growth, NASDAQ Industrials, Mini-Russell 2000",1.264,7.75,16.969,16.187,-0.53,0.09,-0.51,0.09,-3.94,0.7,False,False,False,19.497,18.715,7.74,7824509.963924408,497298.0,True,2B,100,3.556,7.4,22.51,22.54,5.29,7.54,7.34,2,True,1620.0,False,False,False,False,0.918,295600.0,-7.39,-5.78,False,0.6077,0.392,False,False,-19.32,497298.0,56.62,19.62,18.46,33.13,bullish,7.63,0.116,0.1032,1.12,True,False,False,False,97.3,3m,False,,0.257,0.89,False,-0.12,0.9,False,26.7,21.7,10.0,50.0,momentum,bearish,0,False,False,17.012,False,False,8,78.5,False,False,True,1.0,True,False,False,minervini,1.0,False,True
SMBK,51.18000030517578,-0.64,-0.09,4.41,22.39,-3.85,54.29,-1.52,2.51,23.12,28.1,80.8,52.77,False,False,820213728.0353624,Finance,Regional banks,NYSE,"SmartFinancial, Inc.","Russell 2000, Russell 3000, Mini-Russell 2000",1.31,2.56,51.228,49.916,-0.04,0.97,-0.04,0.99,-0.09,2.53,False,False,False,53.848,52.536,2.54,6247851.345603943,127120.0,True,2B,100,4.392,4.41,17.85,22.39,2.64,2.24,2.66,1,True,1620.0,False,False,False,False,0.629,102340.0,-2.33,0.27,False,0.5342,0.466,False,False,-24.53,127120.0,44.42,23.76,18.74,23.02,bullish,3.54,0.052,0.052,1.0,True,False,False,False,84.3,,False,,0.267,1.65,False,-0.66,0.6,False,45.7,16.8,39.9,90.0,neutral,bullish,0,False,False,51.284,False,False,8,78.5,True,False,True,2.0,True,False,False,minervini,1.0,False,True
DXPE,186.8000030517578,-1.7,1.13,8.27,30.93,-6.99,118.4,-6.56,10.57,29.54,23.99,89.1,54.03,False,False,2532947845.720103,Distribution services,Wholesale distributors,NASDAQ,"DXP Enterprises, Inc.","NASDAQ Composite, Russell 2000, Nasdaq US Small Cap Growth, NASDAQ Industrials, Russell 3000, Mini-Russell 2000",8.773,4.7,184.705,173.795,0.24,1.48,0.24,1.59,1.13,7.48,False,False,False,202.252,191.342,4.81,27032941.28918457,156492.0,True,2B,100,4.582,8.27,20.05,30.93,3.79,5.19,4.18,1,True,1620.0,False,False,False,False,0.353,114760.0,-5.31,-1.83,False,0.299,0.701,True,False,-48.47,156492.0,63.3,24.11,19.53,27.08,bullish,7.13,0.0647,0.0647,1.0,True,False,False,False,86.3,,False,88.9,0.652,1.63,False,-1.48,0.35,False,39.7,21.8,43.2,60.1,neutral,neutral,0,False,False,185.185,True,False,8,78.4,False,True,True,2.0,True,False,False,minervini,1.0,True,True
DGX,243.8699951171875,1.78,3.92,10.93,23.63,-0.21,42.4,3.55,7.03,25.43,18.56,74.8,73.44,True,False,23232966589.79616,Health services,Services to the health industry,NYSE,Quest Diagnostics Incorporated,"S&P 500, S&P 500 Health Care, S&P 500 ESG, Russell 3000, Russell 1000, STOXX Global 1800, STOXX North America 600, STOXX USA 500, STOXX Global 1800 ex Asia/Pacific, STOXX Global 1800 ex Europe, STOXX Developed Markets 2400, STOXX USA 500",5.271,2.16,234.681,224.777,1.74,3.62,1.81,3.93,3.92,8.49,True,False,False,245.222,235.318,1.87,213618758.32443237,971610.0,True,2B,100,2.998,10.93,20.04,23.63,2.07,1.84,2.06,1,True,1620.0,False,False,False,False,0.987,971560.0,2.46,-0.21,False,0.306,0.694,False,False,1.8,971610.0,75.38,30.26,10.92,40.28,bullish,6.39,0.0696,0.0546,1.27,True,False,False,False,85.8,,True,79.1,0.875,4.56,False,-0.27,0.86,False,45.5,17.6,66.9,61.3,momentum,neutral,0,False,False,235.146,True,False,8,78.4,False,False,True,1.0,True,False,False,minervini,1.0,False,True
LITE,830.1699829101562,-3.6,-1.4,2.08,26.58,-21.17,595.63,-14.32,8.8,-12.33,23.04,98.6,49.57,False,False,63561044332.67976,Producer manufacturing,Electrical products,NASDAQ,Lumentum Holdings Inc.,"S&P 500, NASDAQ 100, NASDAQ Composite, S&P 500 Information Technology, S&P 500 ESG, Nasdaq US Mid Cap Growth, NASDAQ Telecommunications, Russell 3000, Russell 1000, STOXX Global 1800, STOXX North America 600, STOXX USA 500, STOXX Global 1800 ex Asia/Pacific, STOXX Global 1800 ex Europe, STOXX Developed Markets 2400, STOXX USA 500",81.075,9.77,841.969,798.594,-0.15,0.39,-0.14,0.4,-1.4,3.95,False,False,False,1004.119,960.745,9.09,4090020834.860962,4991370.0,True,2B,100,10.968,2.08,8.17,26.58,8.49,9.17,8.22,2,True,1620.0,False,False,False,False,0.732,4444820.0,-8.7,-4.22,False,1.0074,0.0,False,False,-11.75,4991370.0,53.69,26.03,27.35,11.05,bullish,3.41,0.0271,0.0271,1.0,True,False,False,False,87.3,,False,99.7,0.581,0.21,False,-0.69,0.78,False,44.7,13.3,61.3,70.0,neutral,neutral,0,False,False,843.407,True,False,8,78.3,False,False,True,1.0,True,False,False,minervini,1.0,False,True
ESEA,76.79000091552734,2.18,2.74,6.18,19.95,-3.27,49.72,-0.49,-0.26,19.18,28.88,73.1,56.54,False,False,468124500.3775254,Transportation,Marine shipping,NASDAQ,Euroseas Ltd.,"NASDAQ Composite, NASDAQ Transportation",3.022,3.94,74.74,73.149,0.68,1.2,0.7,1.26,2.74,4.98,False,False,False,80.785,79.194,3.85,3818088.6876068115,53150.0,True,2B,100,3.467,6.18,14.96,19.95,3.49,3.98,3.62,1,True,1580.0,False,False,False,False,0.871,34000.0,-0.41,2.35,False,0.6204,0.38,False,True,-5.13,53150.0,50.22,20.91,17.32,12.2,bullish,2.77,0.0377,0.0281,1.34,True,False,False,False,80.7,,False,,0.665,1.48,False,-0.57,0.73,False,35.1,19.0,51.3,40.4,neutral,neutral,0,False,True,74.796,True,False,8,78.3,False,False,False,0.0,True,False,False,minervini,1.0,True,True
HQH,23.38999938964844,-1.19,1.2,6.88,22.11,-5.15,58.71,-1.18,8.79,20.13,23.09,78.8,55.89,False,False,1213618484.0,Miscellaneous,Investment trusts,NYSE,abrdn Healthcare Investors Shares of Beneficial Interest,,0.554,2.37,23.113,22.277,0.5,2.01,0.51,2.11,1.2,5.0,True,False,False,24.22,23.384,1.91,5345615.056102753,243636.0,True,2B,100,3.081,6.88,18.95,22.11,2.34,1.96,1.9,1,True,1620.0,False,False,False,False,0.975,277160.0,-1.1,-4.1,False,0.0784,0.922,True,False,8.8,243636.0,75.15,31.51,17.48,50.34,bullish,6.36,0.0637,0.0637,1.0,True,False,False,False,80.5,,False,14.6,0.544,2.72,False,-0.15,0.91,False,47.6,17.2,46.9,88.9,deceleration,bullish,0,False,False,23.161,True,False,8,78.2,False,False,True,1.0,True,False,False,minervini,1.0,True,True
IBKR,93.0500030517578,1.57,2.08,1.27,19.79,-4.48,55.18,-1.36,1.43,14.5,30.34,78.1,54.44,False,False,152353772169.29996,Finance,Investment banks/Brokers,NASDAQ,"Interactive Brokers Group, Inc.","S&P 500, NASDAQ Composite, S&P 500 Financials, S&P 500 ESG, Nasdaq US Mid Cap Growth, NASDAQ Real Estate and Other Financial Services, KBW NASDAQ Financial Technology, Russell 3000, Russell 1000, STOXX Global 1800, STOXX North America 600, STOXX USA 500, STOXX Global 1800 ex Asia/Pacific, STOXX Global 1800 ex Europe, STOXX Developed Markets 2400, STOXX USA 500",3.127,3.36,91.156,91.506,0.61,0.49,0.62,0.5,2.08,1.69,False,False,False,97.409,97.759,3.05,418454505.4550171,4565032.0,True,2B,100,2.813,1.27,14.34,19.79,2.9,2.78,3.37,1,True,1620.0,False,False,False,False,0.929,3875460.0,0.05,-0.87,False,0.8563,0.144,False,True,14.99,4565032.0,75.27,25.9,19.35,8.28,bullish,1.62,0.0322,0.0201,1.6,True,False,False,False,83.3,,False,66.5,0.816,0.37,False,-0.19,0.94,False,34.3,18.5,49.2,40.3,neutral,neutral,0,False,False,91.174,True,False,8,78.1,True,True,True,3.0,True,True,False,minervini+canslim,2.0,False,True
GRMN,291.25,-2.21,-0.16,10.26,24.78,-7.0,57.63,-5.28,19.84,21.53,18.84,76.7,53.77,False,False,44840996031.90281,Electronic technology,Telecommunications equipment,NYSE,Garmin Ltd.,"S&P 500, S&P 500 Consumer Discretionary, Nasdaq US Large Cap Growth, Russell 3000, Russell 1000, STOXX Global 1800, STOXX North America 600, STOXX USA 500, STOXX Global 1800 ex Asia/Pacific, STOXX Global 1800 ex Europe, STOXX Developed Markets 2400, STOXX USA 500",8.228,2.83,291.71,271.271,-0.06,2.43,-0.06,2.61,-0.16,7.37,True,False,False,308.167,287.727,3.28,262490154.7520752,990836.0,True,2B,100,2.727,10.26,19.16,24.78,2.95,2.41,2.56,1,True,1620.0,False,False,False,False,1.743,1155340.0,-5.13,-1.22,False,0.6921,0.308,False,False,105.33,990836.0,18.47,25.17,17.8,38.76,bullish,6.85,0.0728,0.0718,1.01,True,False,False,False,89.9,,False,88.0,0.667,3.29,False,1.59,1.9,False,38.4,18.5,42.1,61.1,neutral,neutral,0,False,False,292.479,True,False,8,77.7,True,False,True,2.0,True,False,False,minervini,1.0,True,True
KINS,20.09000015258789,1.51,1.95,4.74,21.72,-3.11,54.04,0.95,1.22,26.59,28.45,80.6,56.31,False,False,263479235.33255133,Finance,Insurance brokers/Services,NASDAQ,"Kingstone Companies, Inc","NASDAQ Composite, Russell 2000, NASDAQ Insurance, Mini-Russell 2000",0.681,3.39,19.706,19.806,0.56,0.42,0.57,0.42,1.95,1.43,False,False,False,21.069,21.169,3.35,2454042.2007980347,128282.0,True,2B,100,3.307,4.74,19.53,21.72,2.47,3.41,3.39,1,True,942.0,False,False,False,False,1.029,82980.0,0.75,1.31,False,0.6276,0.372,False,True,-28.17,128282.0,61.06,22.63,18.62,11.09,bullish,3.25,0.0486,0.0421,1.16,True,False,False,False,89.7,,False,,0.689,1.33,False,-0.21,0.85,False,52.8,21.7,77.1,70.0,acceleration,neutral,0,False,False,19.72,True,False,8,77.6,True,False,True,2.0,True,False,False,minervini,1.0,True,True
GEF,85.98999786376953,-1.2,0.56,8.81,23.27,-4.58,55.55,-1.57,9.37,34.94,19.13,80.1,56.11,False,False,3819430987.25872,Process industries,Containers/Packaging,NYSE,Greif Inc.,"Russell 2000, S&P MidCap 400, Russell 3000, Mini-Russell 2000",2.219,2.58,85.51,81.123,0.22,2.19,0.22,2.33,0.56,6.0,True,False,False,89.947,85.561,2.72,20788658.30796814,261116.0,True,2B,100,4.534,8.81,20.42,23.27,2.17,2.46,2.4,1,True,1620.0,False,False,False,False,1.001,260100.0,-2.41,-2.18,False,0.4808,0.519,False,False,37.41,261116.0,55.49,23.3,20.19,25.23,bullish,6.66,0.0668,0.0668,1.0,True,False,False,False,91.5,,False,55.2,0.52,3.14,False,0.28,1.12,False,51.2,21.7,51.7,90.0,neutral,bullish,0,False,False,85.699,True,False,8,77.2,True,False,True,2.0,True,False,False,minervini,1.0,True,True
FISI,40.81999969482422,-1.05,-0.72,2.26,19.62,-4.4,63.31,-1.78,0.49,16.42,29.09,81.3,49.23,False,False,766390357.9454781,Finance,Regional banks,NASDAQ,"Financial Institutions, Inc.","NASDAQ Composite, Russell 2000, Nasdaq US Small Cap Growth, NASDAQ Bank, Russell 3000, Mini-Russell 2000",0.787,1.93,41.114,40.417,-0.37,0.51,-0.37,0.52,-0.72,1.0,False,False,False,42.689,41.992,1.82,7298003.02507782,183732.0,True,2B,100,4.556,2.26,15.19,19.62,1.51,1.62,2.17,1,True,1620.0,False,False,False,False,0.617,178980.0,-2.04,-0.92,False,0.4803,0.52,False,False,-11.81,183732.0,32.9,20.26,20.22,11.89,bullish,2.55,0.0428,0.0424,1.01,True,False,False,False,81.6,,False,,0.126,1.15,False,-0.74,0.51,False,59.6,35.1,61.7,90.0,deceleration,bullish,0,False,False,41.145,False,False,8,77.2,False,False,True,1.0,True,False,False,minervini,1.0,False,True
CNS,83.16000366210938,0.7,1.17,4.44,21.54,-2.91,44.32,-0.22,3.05,16.69,29.99,72.9,55.43,False,False,4029171232.338607,Finance,Investment managers,NYSE,Cohen & Steers Inc,"Russell 2000, Russell 3000, Mini-Russell 2000",2.392,2.88,82.195,80.647,0.4,1.05,0.41,1.08,1.17,3.12,False,False,False,86.98,85.432,2.56,23108907.42767334,291898.0,True,2B,100,2.509,4.44,18.03,21.54,3.18,2.66,2.83,1,True,1620.0,False,False,False,False,1.232,250200.0,-0.66,2.14,False,0.4257,0.574,False,False,-1.55,291898.0,43.22,21.09,20.13,11.4,bullish,2.84,0.0392,0.0392,1.0,True,False,False,False,82.8,,False,57.5,0.544,1.48,False,-0.04,0.98,False,51.1,18.5,55.7,90.0,neutral,bullish,0,False,False,82.263,False,False,8,77.0,True,False,True,2.0,True,False,False,minervini,1.0,True,True
CMTV,40.33000183105469,-1.25,-0.58,1.21,20.78,-4.43,89.98,-1.27,-0.57,1.2,32.74,84.4,49.6,False,False,220966314.48127195,Finance,Major banks,NASDAQ,Community Bancorp.,"NASDAQ Composite, NASDAQ Bank",1.783,4.42,40.565,39.933,-0.13,0.22,-0.13,0.22,-0.58,0.99,False,False,False,44.131,43.499,4.43,1812370.8685836792,45578.0,True,2B,100,5.826,1.21,10.36,20.78,4.32,4.32,4.46,1,True,1620.0,False,False,False,False,0.647,41280.0,-3.35,-2.16,False,0.158,0.842,True,False,43.43,45578.0,40.34,18.48,12.81,17.47,bullish,2.04,0.0242,0.0242,1.0,True,False,False,False,83.9,,False,,0.335,0.27,False,-0.23,0.55,False,45.1,16.7,38.1,90.0,deceleration,bullish,0,False,False,40.591,True,False,8,76.9,False,False,True,1.0,True,False,False,minervini,1.0,True,True
FBP,28.229999542236328,-1.8,-1.47,2.26,21.8,-4.95,49.21,-4.43,-2.05,18.06,31.7,77.0,46.66,False,False,4077479782.836474,Finance,Regional banks,NYSE,First BanCorp. New,"Russell 2000, Russell 3000, Mini-Russell 2000, STOXX Developed Markets 2400",0.508,1.8,28.651,28.072,-0.83,0.31,-0.82,0.31,-1.47,0.56,False,False,False,29.667,29.088,1.67,41178089.296123505,1497732.0,True,2B,100,3.949,2.26,16.95,21.8,2.19,1.6,1.74,1,True,1620.0,False,False,False,False,0.591,1116340.0,-4.79,-1.02,False,0.5445,0.456,False,False,-56.95,1497732.0,50.13,20.69,20.24,31.96,bullish,2.84,0.0547,0.0519,1.05,True,False,False,False,82.5,,False,12.9,0.035,1.23,False,-1.0,0.51,False,26.3,13.3,0.0,70.0,neutral,neutral,0,False,False,28.676,False,False,8,76.7,,,,,True,False,False,minervini,1.0,True,True
ASH,73.70999908447266,0.63,1.95,6.93,23.48,-3.58,58.64,-0.62,11.01,29.78,18.57,81.2,59.11,False,False,2927670472.18718,Consumer non-durables,Food: specialty/candy,NYSE,Ashland Inc.,"S&P MidCap 400, Russell 3000, Russell 1000",2.122,2.88,72.297,69.902,0.67,1.79,0.68,1.89,1.95,5.45,False,False,False,76.542,74.147,3.26,58558515.83505249,856058.0,True,2B,100,4.371,6.93,20.91,23.48,2.3,2.75,2.8,1,True,1620.0,False,False,False,False,0.618,465880.0,-0.36,1.45,False,0.2338,0.766,True,False,7.13,856058.0,55.35,27.09,13.31,40.4,bullish,5.04,0.0544,0.0544,1.0,True,False,False,False,88.9,,True,54.0,0.596,2.25,False,-0.36,0.58,False,57.1,21.7,71.4,90.0,momentum,bullish,0,False,False,72.409,True,False,8,76.7,False,False,True,1.0,True,False,False,minervini,1.0,True,True
STK,50.9900016784668,-0.84,-0.15,0.17,17.52,-10.82,75.65,-4.23,8.59,-4.74,30.45,77.6,50.27,False,False,942615072.0,Miscellaneous,Investment trusts,NYSE,Columbia Seligman Premium Technology Growth Fund Inc,,1.47,2.88,51.068,50.479,-0.05,0.35,-0.05,0.35,-0.15,1.01,False,False,False,54.007,53.418,2.57,3164902.0420913696,62360.0,True,2B,100,3.802,0.17,11.07,17.52,2.53,2.25,2.97,1,True,1620.0,False,False,False,False,0.693,49780.0,-3.32,-0.04,False,1.079,0.0,False,False,34.24,62360.0,55.72,16.85,21.97,12.37,bullish,1.34,0.0201,0.0201,1.0,True,False,False,False,80.1,,False,,0.683,0.06,False,-0.62,0.79,False,41.9,12.0,73.7,50.0,deceleration,bearish,0,False,False,51.094,True,False,8,76.5,False,False,False,0.0,True,False,False,minervini,1.0,True,True
AMRX,17.780000686645508,-0.97,-0.75,1.39,26.14,-6.91,91.59,-3.47,-0.78,43.16,23.3,88.4,49.63,False,False,5496762163.554273,Health technology,Pharmaceuticals: major,NASDAQ,"Amneal Pharmaceuticals, Inc.","NASDAQ Composite, Russell 2000, Nasdaq US Small Cap Growth, NASDAQ Biotechnology, Russell 3000, Mini-Russell 2000",0.618,3.48,17.914,17.776,-0.22,0.01,-0.22,0.01,-0.75,0.03,False,False,False,19.151,19.012,3.58,35643454.18027115,2036926.0,True,2B,100,5.898,1.39,21.15,26.14,2.61,3.64,3.3,1,True,1620.0,False,False,False,False,0.953,1579780.0,-3.63,-0.73,False,0.5882,0.412,False,False,46.22,2036926.0,45.49,16.86,24.8,17.96,bullish,3.26,0.0555,0.0539,1.03,True,False,False,False,92.1,,False,16.7,0.406,0.4,False,-0.25,0.88,False,49.8,10.0,62.7,90.0,deceleration,bullish,0,False,False,17.927,True,False,8,76.5,True,False,True,2.0,True,False,False,minervini,1.0,False,True
UNF,291.75,0.78,1.07,3.89,22.0,-3.13,95.41,1.84,-0.88,10.05,24.99,84.1,59.19,False,False,4622607520.394992,Consumer services,Other consumer services,NYSE,Unifirst Corporation,"Russell 2000, Russell 3000, Mini-Russell 2000, STOXX Developed Markets 2400",4.641,1.59,288.674,285.282,0.66,1.39,0.67,1.43,1.07,2.27,False,False,False,297.955,294.564,1.53,47421238.087890625,170140.0,True,2B,100,5.784,3.89,12.54,22.0,1.45,1.31,1.74,1,True,1620.0,False,False,False,False,1.413,174360.0,0.93,0.52,False,0.6235,0.376,False,True,43.95,170140.0,50.29,23.75,13.45,25.54,bullish,2.06,0.0294,0.027,1.09,True,False,False,False,76.6,,False,76.4,0.311,2.35,False,0.24,1.15,False,49.1,6.7,96.7,58.2,deceleration,neutral,0,False,False,288.82,True,False,8,76.2,False,False,True,1.0,True,False,False,minervini,1.0,False,True
FHI,64.72000122070312,1.71,3.47,8.31,17.62,0.0,40.49,0.89,12.42,18.79,19.92,71.3,66.21,False,False,4367255194.519567,Finance,Investment managers,NYSE,"Federated Hermes, Inc.","Nasdaq US Small Cap Growth, S&P MidCap 400, STOXX Developed Markets 2400",1.567,2.42,62.55,60.202,1.39,2.88,1.43,3.1,3.47,7.5,True,False,False,65.684,63.336,2.64,35008060.440345764,586880.0,True,2B,100,2.567,8.31,14.35,17.62,1.94,2.5,2.36,1,True,1620.0,False,False,False,False,0.907,533160.0,0.94,1.6,False,0.2803,0.72,True,True,17.56,586880.0,62.02,34.07,14.6,35.59,bullish,4.7,0.0472,0.0417,1.13,True,False,False,False,78.5,,True,43.4,0.777,3.17,False,-0.36,0.88,False,36.4,22.4,65.3,26.0,deceleration,bearish,0,False,False,62.648,True,False,8,76.2,False,False,True,1.0,True,False,False,minervini,1.0,True,True
LLY,1246.9300537109375,1.48,3.15,5.68,18.59,-2.61,80.46,5.39,4.41,17.25,18.17,77.2,58.03,False,False,1137736553855.2617,Health technology,Pharmaceuticals: major,NYSE,Eli Lilly and Company,"S&P 500, S&P 500 Health Care, S&P 500 ESG, Nasdaq US Large Cap Growth, S&P 100, Russell 3000, Russell 1000, STOXX Global 1800, STOXX North America 600, STOXX USA 500, STOXX Global 1800 ex Asia/Pacific, STOXX Global 1800 ex Europe, STOXX Global 150, STOXX North America 50, STOXX Americas 100, STOXX Global 200, STOXX Developed Markets 150, STOXX Developed Markets 2400, STOXX USA 500",41.042,3.29,1208.867,1193.785,0.93,1.29,0.96,1.35,3.15,4.45,False,False,False,1290.951,1275.869,3.09,3338512122.638672,2832274.0,True,2B,100,3.668,5.68,18.05,18.59,3.14,3.22,2.93,1,True,1620.0,False,False,False,False,0.582,2766100.0,3.91,-0.67,False,0.4173,0.583,False,True,-37.05,2832274.0,60.35,30.25,16.78,23.89,bullish,4.47,0.0577,0.0428,1.35,True,False,False,False,88.1,,True,99.2,0.753,1.63,False,-1.05,0.59,False,34.8,14.3,51.1,45.7,neutral,neutral,0,False,False,1210.269,True,False,8,76.1,True,True,True,3.0,True,True,False,minervini+canslim,2.0,True,True
PRK,203.4600067138672,-0.0,0.87,5.79,19.5,-4.28,39.78,-1.01,7.89,19.98,23.47,73.2,55.91,False,False,3331671098.677734,Finance,Major banks,NYSE Arca,Park National Corporation,"Russell 2000, Russell 3000, Mini-Russell 2000",4.821,2.37,201.705,195.764,0.36,1.6,0.37,1.66,0.87,3.93,False,False,False,211.347,205.407,2.68,21428036.226226807,111496.0,True,2B,100,3.237,5.79,16.0,19.5,1.74,2.29,2.27,1,True,1620.0,False,False,False,False,0.652,82340.0,-1.17,0.66,False,0.4924,0.508,False,False,-18.34,111496.0,44.9,23.82,23.29,15.27,bullish,3.81,0.0426,0.0426,1.0,True,False,False,False,80.2,,False,77.3,0.393,2.31,False,-0.49,0.63,False,52.4,21.7,55.9,90.0,neutral,bullish,1,False,False,201.954,True,False,8,76.0,False,False,True,1.0,True,False,False,minervini,1.0,True,True
OFG,52.36000061035156,-0.29,0.07,3.13,19.61,-2.95,43.21,-2.17,-0.08,17.06,28.54,71.5,52.53,False,False,2067280610.5309265,Finance,Major banks,NYSE,OFG Bancorp,"Russell 2000, Russell 3000, Mini-Russell 2000",0.98,1.87,52.322,51.582,0.04,0.79,0.04,0.81,0.07,1.51,False,False,False,54.282,53.542,1.73,17869729.27103424,357176.0,True,2B,100,3.002,3.13,16.56,19.61,1.9,1.69,1.84,1,True,1620.0,False,False,False,False,1.23,269280.0,-2.5,0.25,False,0.5074,0.493,False,False,-35.57,357176.0,48.49,25.7,19.23,28.53,bullish,2.59,0.0397,0.0397,1.0,True,False,False,False,82.0,,False,28.2,0.351,1.62,False,-0.34,0.8,False,45.2,10.0,79.2,58.0,momentum,neutral,0,False,False,52.36,False,False,8,76.0,False,False,True,1.0,True,False,False,minervini,1.0,False,True
CZNC,26.01000022888184,1.01,2.85,9.15,19.48,-0.31,43.92,0.08,8.01,24.82,14.64,76.2,69.58,False,False,420860618.0097995,Finance,Regional banks,NASDAQ,Citizens & Northern Corp,"NASDAQ Composite, Russell 2000, NASDAQ Bank, Russell 3000, Mini-Russell 2000",0.588,2.26,25.289,24.327,1.23,2.86,1.26,3.06,2.85,6.92,True,False,False,26.465,25.504,2.28,1780813.4257202148,74626.0,True,2B,100,3.364,9.15,15.67,19.48,1.91,2.14,2.36,1,True,1620.0,False,False,False,False,1.33,88580.0,-0.15,0.81,False,0.3653,0.635,False,False,3.16,74626.0,65.19,25.12,18.23,26.23,bullish,5.52,0.054,0.0522,1.03,True,False,False,False,85.4,,True,,0.866,3.71,False,0.34,1.27,False,55.0,39.5,40.6,90.0,neutral,bullish,2,False,False,25.335,True,False,8,75.9,True,False,True,2.0,True,False,False,minervini,1.0,True,True
WASH,39.720001220703125,0.32,1.48,6.07,21.95,-1.24,64.32,-1.24,3.46,25.71,19.71,82.1,58.61,False,False,703329728.7797685,Finance,Regional banks,NASDAQ,"Washington Trust Bancorp, Inc.","NASDAQ Composite, Russell 2000, NASDAQ Bank, Russell 3000, Mini-Russell 2000",0.816,2.05,39.14,38.058,0.71,2.04,0.72,2.13,1.48,4.37,True,False,False,40.772,39.69,1.86,6470983.790397644,173666.0,True,2B,100,4.381,6.07,16.36,21.95,1.85,1.75,2.13,1,True,1620.0,False,False,False,False,1.497,178700.0,-1.44,0.03,False,0.3293,0.671,False,True,52.37,173666.0,53.65,25.11,19.59,26.17,bullish,4.36,0.0473,0.0473,1.0,True,False,False,False,85.6,,True,,0.662,2.78,False,0.31,1.16,False,51.8,16.7,60.5,90.0,deceleration,bullish,0,False,False,39.191,True,False,8,75.8,False,False,True,1.0,True,False,False,minervini,1.0,False,True
VRTX,547.5900268554688,3.15,6.24,11.09,18.89,-0.81,45.4,6.21,14.71,26.02,13.84,74.1,66.79,False,False,124704753122.12056,Health technology,Pharmaceuticals: major,NASDAQ,Vertex Pharmaceuticals Incorporated,"S&P 500, NASDAQ 100, NASDAQ Composite, S&P 500 Health Care, Nasdaq US Large Cap Growth, NASDAQ Biotechnology, Russell 3000, Russell 1000, STOXX Global 1800, STOXX North America 600, STOXX USA 500, STOXX Global 1800 ex Asia/Pacific, STOXX Global 1800 ex Europe, STOXX Developed Markets 2400, STOXX USA 500",15.462,2.82,515.446,500.112,2.08,3.07,2.21,3.36,6.24,9.49,True,False,False,546.37,531.036,2.56,789476104.3092651,1604606.0,True,2B,100,2.009,11.09,17.51,18.89,2.6,2.69,2.55,1,True,1620.0,False,False,False,False,0.59,1167780.0,5.31,-0.08,False,0.2004,0.8,True,True,-30.34,1604606.0,64.96,36.32,10.94,39.32,bullish,6.97,0.0783,0.0577,1.36,True,False,False,False,90.2,,True,95.5,0.914,3.54,False,-0.75,0.48,False,41.7,15.4,55.8,62.6,neutral,neutral,0,False,False,516.521,True,False,8,75.8,False,False,True,1.0,True,False,False,minervini,1.0,False,True
IMMR,7.539999961853027,-0.01,1.64,7.87,17.57,-2.58,41.32,0.4,15.64,21.63,29.9,70.8,55.99,False,False,232365170.55988023,Electronic technology,Computer peripherals,NASDAQ,Immersion Corporation,"NASDAQ Composite, Russell 2000, Nasdaq US Small Cap Growth, NASDAQ Computer, Nasdaq Innovators Completion Cap, Russell 3000, Mini-Russell 2000",0.265,3.51,7.419,7.104,0.46,1.64,0.47,1.74,1.64,6.13,False,False,False,7.949,7.634,3.47,4543329.2693424225,643374.0,True,2B,100,1.408,7.87,17.52,17.57,3.11,2.99,3.75,1,True,1620.0,False,False,False,False,0.693,493860.0,1.48,0.4,False,0.4152,0.585,False,False,-7.21,643374.0,50.9,20.84,20.73,10.11,bullish,5.27,0.0517,0.0517,1.0,True,False,False,False,79.9,,False,,0.393,2.08,False,-0.56,0.64,False,46.5,21.5,38.6,87.5,deceleration,bullish,0,False,True,7.432,True,False,8,75.7,False,False,True,1.0,True,False,False,minervini,1.0,True,True
UNP,309.8599853515625,2.66,4.05,7.95,21.38,0.0,46.54,3.32,0.83,17.15,18.71,74.6,68.44,False,False,159322942630.50052,Transportation,Railroads,NYSE,Union Pacific Corporation,"S&P 500, Dow Jones Transportation Average, S&P 500 Industrials, S&P 500 ESG, S&P 100, Russell 3000, Dow Jones Composite Average, Russell 1000, STOXX Global 1800, STOXX North America 600, STOXX USA 500, STOXX Global 1800 ex Asia/Pacific, STOXX Global 1800 ex Europe, STOXX Global 200, STOXX Developed Markets 2400, STOXX USA 500",6.277,2.03,297.787,292.892,1.92,2.7,2.0,2.86,4.05,5.79,True,False,False,310.342,305.446,1.86,816002709.9119263,2836628.0,True,2B,100,3.108,7.95,17.05,21.38,1.9,1.75,1.91,1,True,1620.0,False,False,False,False,0.85,2817120.0,2.51,0.59,False,0.2659,0.734,True,False,-31.16,2836628.0,74.26,24.97,12.11,23.08,expanding,4.16,0.0559,0.0383,1.46,True,False,False,False,80.7,,True,82.5,0.95,3.63,False,-0.57,0.8,False,57.0,30.0,100.0,50.0,momentum,bearish,0,False,False,298.111,True,True,8,75.7,False,False,True,1.0,True,False,False,minervini,1.0,True,True
WSBF,21.18000030517578,0.65,1.79,4.95,17.86,-1.07,51.12,0.38,5.58,16.54,22.51,77.9,61.64,False,False,367560744.71754205,Finance,Finance/Rental/Leasing,NASDAQ,"Waterstone Financial, Inc.","NASDAQ Composite, Russell 2000, NASDAQ Bank, Russell 3000, Mini-Russell 2000",0.426,2.01,20.808,20.388,0.87,1.86,0.89,1.93,1.79,3.89,False,False,False,21.659,21.239,1.82,1547145.5995178223,76744.0,True,2B,100,3.605,4.95,13.4,17.86,1.95,1.83,2.15,1,True,1620.0,False,False,False,False,0.749,75060.0,0.19,0.43,False,0.1304,0.87,True,True,-28.76,76744.0,46.88,21.87,18.43,17.42,bullish,3.52,0.0382,0.0373,1.02,True,False,False,False,73.7,,True,,0.77,2.35,False,-0.57,0.57,False,45.3,13.9,47.2,85.2,neutral,bullish,0,False,False,20.831,True,False,8,75.5,False,False,True,1.0,True,False,False,minervini,1.0,False,True
SRCE,86.06999969482422,-1.03,-0.87,2.52,20.12,-5.23,53.11,-2.08,0.77,16.97,27.96,77.7,48.5,False,False,1972686409.0346105,Finance,Regional banks,NASDAQ,1st Source Corporation,"NASDAQ Composite, Russell 2000, NASDAQ Bank, Russell 3000, Mini-Russell 2000",1.652,1.92,86.826,85.361,-0.46,0.43,-0.45,0.43,-0.87,0.83,False,False,False,90.131,88.666,1.92,11912795.928146362,142222.0,True,2B,100,4.399,2.52,15.11,20.12,1.73,1.74,2.17,1,True,1620.0,False,False,False,False,0.605,98580.0,-2.29,0.28,False,0.6078,0.392,False,False,-46.02,142222.0,36.58,20.85,25.87,22.18,bullish,2.42,0.0483,0.0466,1.04,True,False,False,False,78.6,,False,45.4,0.154,1.28,False,-0.97,0.54,False,35.1,14.9,37.2,60.0,neutral,neutral,0,False,False,86.889,False,False,8,75.4,True,False,True,2.0,True,False,False,minervini,1.0,True,True
FNWD,43.45000076293945,-1.18,0.08,9.27,19.27,-4.04,44.85,-3.44,-2.6,35.25,24.28,80.4,55.77,False,False,147522126.28754738,Finance,Savings banks,NASDAQ,Finward Bancorp,"NASDAQ Composite, Russell 2000, NASDAQ Bank, Mini-Russell 2000",0.862,1.98,43.415,41.209,0.04,2.6,0.04,2.74,0.08,5.44,True,False,False,45.139,42.933,1.61,1059998.306312561,26976.0,True,2B,100,3.383,9.27,18.92,19.27,1.63,1.52,2.17,1,True,1620.0,False,False,False,False,0.38,6340.0,-3.51,-0.11,False,0.6191,0.381,False,False,-17.14,26976.0,51.77,28.65,21.33,36.14,bullish,5.98,0.0717,0.0717,1.0,True,False,False,False,90.1,,False,,0.106,4.28,False,-0.37,0.22,False,49.3,20.5,70.2,66.9,deceleration,neutral,0,False,False,43.503,True,False,8,75.4,,,,,True,False,False,minervini,1.0,False,True
THFF,79.61000061035156,-0.77,-0.48,2.32,19.4,-3.84,58.39,-2.45,2.71,16.93,25.96,78.3,50.25,False,False,923524629.6090896,Finance,Major banks,NASDAQ,First Financial Corporation,"NASDAQ Composite, Russell 2000, NASDAQ Bank, Russell 3000, Mini-Russell 2000",1.849,2.32,79.995,78.716,-0.21,0.48,-0.21,0.49,-0.48,1.14,False,False,False,83.694,82.415,2.21,8937237.933303833,115470.0,True,2B,100,4.477,2.32,14.92,19.4,2.47,2.15,2.27,1,True,1620.0,False,False,False,False,0.716,93960.0,-2.69,0.71,False,0.4869,0.513,False,False,-16.33,115470.0,62.34,19.87,19.15,19.58,bullish,2.42,0.0451,0.0451,1.0,True,False,False,False,76.8,,False,,0.272,0.97,False,-0.67,0.58,False,31.0,10.0,0.0,90.0,neutral,bullish,0,False,False,80.054,False,False,8,75.3,False,False,True,1.0,True,False,False,minervini,1.0,False,True
NEOG,11.600000381469728,-0.81,2.4,13.03,27.15,-4.53,120.11,-2.27,23.4,30.34,4.6,90.1,56.53,False,False,2085307868.8643532,Health technology,Medical specialties,NASDAQ,Neogen Corporation,"NASDAQ Composite, Russell 2000, Russell 3000, Mini-Russell 2000",0.469,4.04,11.328,10.53,0.58,2.28,0.59,2.51,2.4,10.16,True,False,False,12.266,11.468,4.61,21170036.84847259,2044754.0,True,2B,100,6.251,13.03,17.77,27.15,3.84,3.59,3.67,1,True,1620.0,False,False,False,False,0.614,1500240.0,-1.61,-2.93,False,0.4333,0.567,False,False,39.18,2044754.0,37.16,29.0,13.48,39.64,bullish,8.87,0.0797,0.0797,1.0,True,False,False,False,92.7,,False,11.2,0.671,2.85,False,-0.56,0.7,False,33.8,15.7,51.9,39.7,neutral,bearish,0,False,False,11.363,True,False,8,75.2,False,False,True,1.0,True,False,False,minervini,1.0,True,True
CSX,51.43999862670898,1.19,1.76,3.98,21.52,-3.36,62.12,1.7,-3.36,13.35,23.34,77.1,60.2,False,False,88558898173.6897,Transportation,Railroads,NASDAQ,CSX Corporation,"S&P 500, NASDAQ 100, NASDAQ Composite, Dow Jones Transportation Average, S&P 500 Industrials, S&P 500 ESG, NASDAQ Transportation, Russell 3000, Dow Jones Composite Average, Russell 1000, STOXX Global 1800, STOXX North America 600, STOXX USA 500, STOXX Global 1800 ex Asia/Pacific, STOXX Global 1800 ex Europe, STOXX Developed Markets 2400, STOXX USA 500",0.972,1.89,50.549,50.175,0.92,1.3,0.93,1.34,1.76,2.52,False,False,False,52.492,52.118,1.83,612516196.1712723,12369168.0,True,2B,100,3.673,3.98,15.28,21.52,1.77,1.66,1.87,1,True,1620.0,False,False,False,False,0.95,9863660.0,0.9,-0.29,False,0.4095,0.59,False,False,-21.37,12369168.0,57.24,23.76,10.2,25.99,bullish,2.52,0.0384,0.0286,1.34,True,False,False,False,71.9,,True,27.9,0.673,2.03,False,-0.48,0.84,False,52.3,18.3,100.0,50.0,deceleration,bearish,0,False,False,50.577,True,False,8,75.1,False,False,True,1.0,True,False,False,minervini,1.0,True,True
GSL,44.63999938964844,3.3,4.51,8.64,18.55,0.0,71.21,2.9,2.36,17.41,16.67,76.5,63.98,True,False,1357350423.9335785,Transportation,Marine shipping,NYSE,Global Ship Lease Inc New,,1.123,2.52,42.712,41.713,1.72,2.61,1.79,2.79,4.51,7.02,True,False,False,44.958,43.959,2.46,13231962.319610596,321156.0,True,2B,100,4.254,8.64,14.42,18.55,2.11,2.57,2.29,1,True,1620.0,False,False,False,False,0.896,302420.0,2.74,1.85,False,0.4595,0.541,False,True,30.45,321156.0,60.62,26.77,15.37,18.29,bullish,3.8,0.0511,0.0345,1.48,True,False,False,False,83.9,,True,32.0,0.966,3.16,False,0.13,1.04,False,39.3,16.7,50.3,58.6,neutral,neutral,0,False,False,42.756,True,False,8,75.1,False,False,True,1.0,True,False,False,minervini,1.0,False,True
FRST,16.299999237060547,-0.05,0.52,2.29,17.84,-2.22,75.06,-2.04,6.91,14.45,23.7,80.0,54.18,False,False,412454995.6285714,Finance,Regional banks,NASDAQ,Primis Financial Corp.,"NASDAQ Composite, Russell 2000, NASDAQ Bank, Russell 3000, Mini-Russell 2000",0.362,2.22,16.216,16.032,0.23,0.74,0.23,0.75,0.52,1.67,False,False,False,16.941,16.757,1.97,3520574.2322654724,219668.0,True,2B,100,4.732,2.29,12.82,17.84,2.16,1.92,2.37,1,True,1620.0,False,False,False,False,0.919,171640.0,-2.04,0.93,False,0.1954,0.805,True,False,37.0,219668.0,56.38,20.96,27.44,12.12,bullish,2.3,0.0301,0.0301,1.0,True,False,False,False,75.7,,False,,0.587,1.01,False,-0.22,0.74,False,34.0,10.0,10.0,90.0,momentum,bullish,0,False,False,16.227,True,False,8,75.0,False,True,True,2.0,True,False,False,minervini,1.0,True,True
TMP,97.91000366210938,-0.71,-0.27,2.85,20.06,-3.26,62.95,-2.36,-2.49,14.92,25.81,79.4,51.14,False,False,1354729280.126259,Finance,Regional banks,NYSE Arca,Tompkins Financial Corporation,"Russell 2000, Russell 3000, Mini-Russell 2000",2.201,2.25,98.17,96.333,-0.12,0.72,-0.12,0.73,-0.27,1.64,False,False,False,102.572,100.735,2.17,9608257.077331543,100802.0,True,2B,100,4.709,2.85,14.65,20.06,2.26,1.95,2.2,1,True,1620.0,False,False,False,False,0.988,98980.0,-2.52,0.0,False,0.4594,0.541,False,False,11.86,100802.0,59.56,23.64,19.63,18.98,bullish,2.64,0.0415,0.0415,1.0,True,False,False,False,78.4,,False,55.0,0.273,1.23,False,-0.15,0.94,False,52.7,28.3,47.8,90.0,neutral,bullish,0,False,False,98.251,False,False,8,75.0,True,False,True,2.0,True,False,False,minervini,1.0,False,True
CTBI,76.6500015258789,-0.79,-0.54,2.67,19.75,-3.54,54.09,-2.33,0.66,15.78,27.81,77.2,50.0,False,False,1314326824.3870063,Finance,Regional banks,NASDAQ,"Community Trust Bancorp, Inc.","NASDAQ Composite, Russell 2000, NASDAQ Bank, Russell 3000, Mini-Russell 2000",1.416,1.85,77.062,75.859,-0.29,0.56,-0.29,0.56,-0.54,1.04,False,False,False,79.895,78.692,1.77,9492299.77357483,127658.0,True,2B,100,4.319,2.67,14.74,19.75,1.91,1.54,1.99,1,True,1620.0,False,False,False,False,0.844,123900.0,-2.6,0.17,False,0.5545,0.445,False,False,-48.72,127658.0,40.53,24.01,24.16,20.96,bullish,2.43,0.044,0.044,1.0,True,False,False,False,77.7,,False,39.6,0.335,1.41,False,-0.6,0.7,False,32.9,10.0,34.8,61.4,neutral,neutral,0,False,False,77.118,False,False,8,74.9,False,False,True,1.0,True,False,False,minervini,1.0,True,True
AVNT,44.41999816894531,0.77,4.53,13.91,24.71,-4.14,65.62,-2.14,18.14,30.44,7.14,79.3,61.51,False,False,3476732427.896216,Process industries,Chemicals: major diversified,NYSE,Avient Corporation,"Russell 2000, S&P MidCap 400, Russell 3000, Mini-Russell 2000, STOXX Developed Markets 2400",1.472,3.31,42.494,39.467,1.31,3.37,1.37,3.79,4.53,12.55,True,False,False,45.437,42.411,3.1,37110704.114219666,944982.0,True,2B,100,3.227,13.91,18.99,24.71,2.38,3.35,2.89,1,True,1620.0,False,False,False,False,0.876,768660.0,-1.73,-0.54,False,0.4647,0.535,False,True,47.93,944982.0,65.75,30.21,20.91,27.72,bullish,9.01,0.0755,0.0755,1.0,True,False,False,False,91.4,,True,41.4,0.799,3.69,False,-0.31,0.85,False,56.0,38.3,45.7,90.0,deceleration,bullish,2,False,False,42.631,True,False,8,74.8,False,False,True,1.0,True,False,False,minervini,1.0,True,True
ALL,260.19000244140625,0.38,0.44,3.84,19.32,-5.42,39.01,0.81,0.08,20.76,27.51,71.9,52.42,False,False,61680630412.264114,Finance,Multi-line insurance,NYSE,Allstate Corporation (The),"S&P 500, S&P 500 Financials, S&P 500 ESG, Russell 3000, Russell 1000, STOXX Global 1800, STOXX North America 600, STOXX USA 500, STOXX Global 1800 ex Asia/Pacific, STOXX Global 1800 ex Europe, STOXX Developed Markets 2400, STOXX USA 500",6.511,2.5,259.049,256.513,0.18,0.56,0.18,0.57,0.44,1.43,False,False,False,272.07,269.535,2.41,451341236.0988159,1810942.0,True,2B,100,3.26,3.84,16.87,19.32,1.93,2.29,2.17,1,True,1620.0,False,False,False,False,0.889,1720780.0,-0.71,2.51,False,0.6576,0.342,False,False,23.12,1810942.0,36.0,24.03,23.14,12.36,bullish,2.47,0.045,0.045,1.0,True,False,False,False,86.9,,False,83.3,0.302,1.48,False,-0.27,0.89,False,35.6,18.3,4.3,90.0,neutral,bullish,0,False,False,259.216,False,False,8,74.8,True,False,True,2.0,True,False,False,minervini,1.0,True,True
TSBK,45.90999984741211,-0.19,1.05,3.87,17.06,-1.92,51.54,0.09,5.52,15.08,22.74,75.9,56.39,False,False,350692317.86086553,Finance,Savings banks,NASDAQ,"Timberland Bancorp, Inc.","NASDAQ Composite, Russell 2000, NASDAQ Bank, Russell 3000, Mini-Russell 2000",1.244,2.71,45.433,44.538,0.38,1.1,0.39,1.14,1.05,3.08,False,False,False,47.922,47.027,2.61,1820557.3871994019,41058.0,True,2B,100,3.826,3.87,12.41,17.06,3.65,2.53,2.47,1,True,1620.0,True,False,False,False,0.793,53220.0,-0.48,-1.37,False,0.0784,0.922,True,False,34.76,41058.0,36.83,25.09,7.71,38.95,bullish,3.47,0.0369,0.0369,1.0,True,False,False,False,71.2,,False,,0.47,1.38,False,-0.28,0.76,True,75.6,46.6,100.0,90.0,momentum,bullish,0,False,False,45.483,True,False,8,74.7,,,,,True,False,False,minervini,1.0,False,True
CASY,854.2100219726562,1.05,0.99,1.81,19.38,-6.7,73.34,-1.82,-0.79,3.62,27.35,78.5,52.73,False,False,28813136472.65583,Retail trade,Specialty stores,NASDAQ,"Caseys General Stores, Inc.","S&P 500, NASDAQ Composite, S&P 500 Consumer Staples, Nasdaq US Mid Cap Growth, NASDAQ Industrials, Russell 3000, Russell 1000, STOXX Global 1800, STOXX North America 600, STOXX USA 500, STOXX Global 1800 ex Asia/Pacific, STOXX Global 1800 ex Europe, STOXX Developed Markets 2400, STOXX USA 500",25.538,2.99,845.823,840.125,0.33,0.55,0.33,0.56,0.99,1.68,False,False,False,896.899,891.201,2.88,344551858.4822998,414636.0,True,2B,100,4.499,1.81,11.34,19.38,2.92,2.98,3.23,1,True,1620.0,False,False,False,False,0.697,279060.0,-1.88,2.21,False,0.9424,0.058,False,False,-24.04,414636.0,45.56,22.76,19.29,9.9,bullish,0.79,0.0178,0.0178,1.0,True,False,False,False,76.9,,False,98.0,0.584,0.59,False,-0.95,0.49,False,36.5,21.7,48.8,44.1,neutral,neutral,0,False,False,845.936,False,False,8,74.7,True,False,True,2.0,True,False,False,minervini,1.0,True,True
FNLC,34.560001373291016,-1.33,-1.15,1.13,19.59,-3.08,48.98,-2.29,-1.2,22.24,27.86,79.2,47.51,False,False,400402149.9982379,Finance,Major banks,NASDAQ,"First Bancorp, Inc (ME)","NASDAQ Composite, Russell 2000, NASDAQ Bank, Russell 3000, Mini-Russell 2000",0.919,2.66,34.962,34.754,-0.44,-0.21,-0.43,-0.21,-1.15,-0.56,False,False,False,36.8,36.592,2.36,1333789.4693489075,38922.0,True,2B,100,4.042,1.13,15.0,19.59,2.69,2.22,3.09,1,True,1620.0,False,False,False,False,0.533,25160.0,-2.81,-0.52,False,0.6092,0.391,False,False,-69.31,38922.0,31.71,12.1,17.68,14.85,bullish,2.34,0.0461,0.0446,1.03,True,False,False,False,81.2,,False,,0.233,0.42,False,-0.7,0.37,False,34.3,18.3,0.0,90.0,neutral,bullish,0,False,False,34.983,False,False,8,74.2,,,,,True,False,False,minervini,1.0,False,True
CAC,56.880001068115234,-0.92,-0.54,2.96,18.22,-4.84,64.59,-2.57,4.12,16.24,23.11,79.3,50.25,False,False,918974608.9847544,Finance,Major banks,NASDAQ,Camden National Corporation,"NASDAQ Composite, Russell 2000, NASDAQ Bank, Russell 3000, Mini-Russell 2000",1.404,2.47,57.187,56.049,-0.22,0.59,-0.22,0.6,-0.54,1.48,False,False,False,59.996,58.858,2.69,5867036.37978363,106670.0,True,2B,100,4.727,2.96,13.06,18.22,2.5,2.14,2.62,1,True,1620.0,False,False,False,False,0.729,89160.0,-2.75,0.37,False,0.5381,0.462,False,False,-34.09,106670.0,51.37,21.22,22.67,18.44,bullish,2.6,0.0446,0.0446,1.0,True,False,False,False,75.2,,False,,0.361,1.16,False,-0.56,0.65,False,36.0,10.0,16.6,90.0,neutral,bullish,0,False,False,57.236,False,False,8,73.8,True,False,True,2.0,True,False,False,minervini,1.0,False,True
ATLO,31.850000381469727,0.7,1.91,4.8,18.69,-0.78,68.52,-0.09,5.99,11.56,18.76,81.2,61.26,False,False,271208070.9375619,Finance,Regional banks,NASDAQ,Ames National Corporation,"NASDAQ Composite, Russell 2000, NASDAQ Bank, Mini-Russell 2000",0.751,2.36,31.253,30.451,0.8,1.86,0.81,1.95,1.91,4.59,False,False,False,32.754,31.952,2.33,1811388.5087356567,59790.0,True,2B,100,4.432,4.8,11.94,18.69,2.64,2.29,2.43,1,True,1620.0,False,False,False,False,0.693,42900.0,-0.59,0.28,False,0.173,0.827,True,True,-36.54,59790.0,69.03,20.3,12.98,22.27,bullish,3.28,0.0348,0.0343,1.02,True,False,False,False,69.4,,True,,0.824,1.94,False,-0.62,0.39,False,39.7,13.2,45.9,68.9,neutral,neutral,0,False,False,31.286,True,False,8,73.8,True,False,True,2.0,True,False,False,minervini,1.0,True,True
TRV,370.5499877929688,0.54,0.59,5.05,20.67,-6.71,43.34,1.66,-4.31,21.42,22.29,74.1,54.06,False,False,69613492017.0892,Finance,Property/Casualty insurance,NYSE,"The Travelers Companies, Inc.","S&P 500, Dow Jones Industrial Average, S&P 500 Financials, Russell 3000, Dow Jones Composite Average, Russell 1000, STOXX Global 1800, STOXX North America 600, STOXX USA 500, STOXX Global 1800 ex Asia/Pacific, STOXX Global 1800 ex Europe, STOXX Developed Markets 2400, STOXX USA 500",7.933,2.14,368.394,362.751,0.27,0.98,0.27,1.0,0.59,2.15,False,False,False,384.259,378.616,2.02,732476240.5638428,2089644.0,True,2B,100,3.644,5.05,17.57,20.67,1.81,1.83,2.13,1,True,1620.0,False,False,False,False,0.831,1812700.0,1.06,1.92,False,0.693,0.307,False,False,-34.67,2089644.0,35.1,20.72,23.79,16.89,bullish,2.88,0.049,0.049,1.0,True,False,False,False,87.1,,False,87.5,0.293,2.25,False,-0.58,0.74,False,38.2,8.0,26.5,90.0,neutral,bullish,0,False,False,368.669,False,False,8,73.6,,,,,True,False,False,minervini,1.0,True,True
FANG,205.6000061035156,0.18,2.27,7.22,16.55,-2.72,56.51,-0.33,1.0,3.0,20.3,70.7,57.07,False,False,50611080962.29253,Energy minerals,Oil & gas production,NASDAQ,"Diamondback Energy, Inc.","S&P 500, NASDAQ 100, NASDAQ Composite, S&P 500 Energy, S&P 500 ESG, NASDAQ Industrials, Russell 3000, Russell 1000, STOXX Global 1800, STOXX North America 600, STOXX USA 500, STOXX Global 1800 ex Asia/Pacific, STOXX Global 1800 ex Europe, STOXX Developed Markets 2400, STOXX USA 500",6.028,2.93,201.03,193.433,0.76,2.02,0.78,2.15,2.27,6.29,True,False,False,213.086,205.489,2.61,397646983.51660156,2091426.0,True,2B,100,3.539,7.22,10.46,16.55,2.84,2.63,2.38,1,True,1620.0,False,False,False,False,1.238,1923320.0,-1.59,-2.43,False,0.2542,0.746,True,True,38.62,2091426.0,61.6,32.23,21.75,23.57,expanding,4.48,0.0439,0.0439,1.0,True,False,False,False,69.0,,False,81.7,0.659,2.3,False,0.23,1.08,False,52.6,13.3,61.6,95.9,deceleration,bullish,0,False,False,201.332,True,False,8,73.4,,,,,True,False,False,minervini,1.0,True,True
CFFI,86.98999786376953,0.23,1.72,6.17,16.22,-2.08,36.06,1.2,11.53,21.29,20.3,72.5,55.32,False,False,280460918.3704541,Finance,Regional banks,NASDAQ,C&F Financial Corporation,"NASDAQ Composite, Russell 2000, NASDAQ Bank, Mini-Russell 2000",2.944,3.38,85.516,82.832,0.5,1.41,0.51,1.48,1.72,5.02,False,False,False,91.403,88.72,3.03,1355333.6779785156,15896.0,True,2B,100,2.653,6.17,13.57,16.22,3.33,3.48,2.51,1,True,1620.0,True,False,False,False,2.43,23800.0,0.22,2.41,False,0.2902,0.71,True,False,3223.81,15896.0,88.74,22.29,11.92,33.37,bullish,4.34,0.0412,0.0412,1.0,True,False,False,False,78.4,,True,,0.521,1.72,False,1.1,4.39,False,31.0,10.0,0.0,90.0,neutral,bullish,0,False,False,85.643,True,False,8,73.2,False,False,True,1.0,True,False,False,minervini,1.0,False,True
BMY,67.27999877929688,2.24,4.3,11.0,19.42,-0.49,63.27,4.1,8.36,14.43,12.23,75.0,63.55,False,False,117459939252.7821,Health technology,Pharmaceuticals: major,NYSE,Bristol-Myers Squibb Company,"S&P 500, S&P 500 Health Care, S&P 500 ESG, S&P 100, Russell 3000, Russell 1000, STOXX Global 1800, STOXX North America 600, STOXX USA 500, STOXX Global 1800 ex Asia/Pacific, STOXX Global 1800 ex Europe, STOXX Developed Markets 2400, STOXX USA 500",1.741,2.59,64.509,62.006,1.59,3.03,1.66,3.29,4.3,8.51,True,False,False,67.99,65.487,2.62,738550104.2016373,12246864.0,True,2B,100,4.11,11.0,15.09,19.42,2.65,2.31,2.32,1,True,1620.0,False,False,False,False,0.559,9287780.0,3.03,0.4,False,0.4242,0.576,False,False,-33.11,12246864.0,56.0,30.29,13.08,46.89,bullish,5.69,0.0615,0.0507,1.21,True,False,False,False,83.9,,True,47.0,0.788,3.83,False,-0.96,0.56,False,38.3,17.1,45.2,59.7,neutral,neutral,0,False,False,64.625,True,False,8,73.1,True,False,True,2.0,True,False,False,minervini,1.0,False,True
DIN,36.119998931884766,2.34,2.38,2.92,14.37,-5.77,70.2,3.23,5.95,19.62,19.2,81.5,55.55,False,False,467575524.7597766,Consumer services,Restaurants,NYSE,"Dine Brands Global, Inc. Common Stock","Russell 2000, Nasdaq US Small Cap Growth, Russell 3000, Mini-Russell 2000",1.5,4.15,35.28,35.451,0.56,0.45,0.57,0.45,2.38,1.89,False,False,False,38.28,38.451,4.17,10454414.408088684,298472.0,True,2B,100,3.064,2.92,14.1,14.37,4.04,4.56,4.1,1,True,1604.0,False,False,False,False,0.538,194040.0,2.32,0.81,False,0.7226,0.277,False,False,-42.03,298472.0,41.24,18.28,22.61,21.5,bullish,1.89,0.0371,0.0327,1.13,True,False,False,False,80.2,,False,,0.76,0.68,False,-1.14,0.46,False,48.1,24.2,45.0,82.9,neutral,bullish,0,False,False,35.289,False,False,8,73.0,False,False,True,1.0,True,False,False,minervini,1.0,True,True
GFF,101.37999725341795,-0.19,1.69,6.63,20.66,-5.45,53.01,-0.78,11.87,19.74,17.68,76.7,55.38,False,False,4422460801.748332,Producer manufacturing,Building products,NYSE,Griffon Corporation,"Russell 2000, Nasdaq US Small Cap Growth, Russell 3000, Mini-Russell 2000, STOXX Developed Markets 2400",3.404,3.36,99.699,95.609,0.49,1.7,0.5,1.8,1.69,6.04,False,False,False,106.506,102.417,3.4,34746642.671295166,364296.0,True,2B,100,3.048,6.63,16.27,20.66,2.57,3.43,3.12,1,True,1620.0,False,False,False,False,0.999,313660.0,-0.61,0.83,False,0.3516,0.648,False,False,95.4,364296.0,55.97,27.62,27.26,12.21,bullish,5.02,0.0467,0.0467,1.0,True,False,False,False,75.8,,False,68.7,0.68,1.85,False,0.03,1.01,False,40.4,15.6,46.0,67.9,neutral,neutral,0,False,False,99.881,True,False,8,73.0,False,False,True,1.0,True,False,False,minervini,1.0,True,True
DCOM,40.40999984741211,-0.29,-0.23,0.7,17.0,-3.19,60.1,-1.15,2.15,10.18,24.94,77.2,50.0,False,False,1790566656.2844634,Finance,Regional banks,NYSE,"Dime Commercial Bancshares, Inc.","Russell 2000, Nasdaq US Small Cap Growth, Russell 3000, Mini-Russell 2000",0.776,1.92,40.505,40.329,-0.12,0.1,-0.12,0.1,-0.23,0.2,False,False,False,42.057,41.882,1.75,13510675.29360962,336298.0,True,2B,100,4.003,0.7,10.76,17.0,1.89,1.72,2.14,1,True,1620.0,False,False,False,False,0.439,234200.0,-1.29,-0.05,False,0.5247,0.475,False,False,-44.69,336298.0,29.57,20.49,23.69,10.38,bullish,1.25,0.0256,0.0256,1.0,True,False,False,False,75.9,,False,21.8,0.368,0.36,False,-0.87,0.42,False,59.6,21.1,84.1,86.4,deceleration,bullish,0,False,False,40.516,False,False,8,72.8,False,False,True,1.0,True,False,False,minervini,1.0,True,True
PEBO,39.84999847412109,-1.47,-1.37,1.81,19.1,-4.67,51.3,-2.97,-0.13,16.55,25.31,76.4,46.01,False,False,1384336471.553647,Finance,Regional banks,NASDAQ,Peoples Bancorp Inc.,"NASDAQ Composite, Russell 2000, NASDAQ Bank, Russell 3000, Mini-Russell 2000",0.673,1.69,40.402,39.808,-0.82,0.06,-0.81,0.06,-1.37,0.11,False,False,False,41.747,41.154,1.61,11781975.557121277,300434.0,True,2B,100,4.145,1.81,14.2,19.1,1.76,1.47,1.71,1,True,1620.0,False,False,False,False,0.966,222860.0,-3.32,-0.52,False,0.6116,0.388,False,False,-39.16,300434.0,39.94,24.03,26.61,19.74,transitioning,2.27,0.0495,0.0473,1.05,False,False,False,False,75.7,,False,18.5,0.12,1.05,False,-0.18,0.89,False,42.7,13.3,34.5,90.0,deceleration,bullish,0,False,False,40.429,False,False,8,72.7,True,False,True,2.0,True,False,False,minervini,1.0,False,True
PLBC,61.400001525878906,-0.59,-0.07,2.89,20.32,-3.41,55.88,-1.73,0.66,17.23,20.3,78.8,52.26,False,False,410005134.005943,Finance,Regional banks,NASDAQ,Plumas Bancorp,"NASDAQ Composite, Russell 2000, NASDAQ Bank, Mini-Russell 2000",1.422,2.32,61.441,60.561,-0.03,0.59,-0.03,0.6,-0.07,1.39,False,False,False,64.285,63.405,2.0,3799818.9213638306,64002.0,True,2B,100,4.355,2.89,14.44,20.32,2.28,1.92,2.75,1,True,1620.0,False,False,False,False,0.704,47360.0,-1.76,-0.16,False,0.4214,0.579,False,False,-51.74,64002.0,48.18,18.04,15.53,19.36,bullish,2.79,0.0392,0.0392,1.0,True,False,False,False,78.3,,False,,0.319,1.21,False,-0.89,0.54,False,40.7,15.0,45.8,70.0,neutral,neutral,0,False,False,61.49,False,False,8,72.6,True,False,True,2.0,True,False,False,minervini,1.0,True,True
PKBK,33.970001220703125,-1.05,-0.54,1.94,18.83,-3.3,74.32,-2.66,2.23,8.52,23.75,80.6,49.74,False,False,385830973.7837837,Finance,Regional banks,NASDAQ,"Parke Bancorp, Inc.","NASDAQ Composite, Russell 2000, NASDAQ Bank, Mini-Russell 2000",0.764,2.25,34.153,33.662,-0.24,0.4,-0.24,0.41,-0.54,0.91,False,False,False,35.681,35.19,2.04,2011760.3209152222,60558.0,True,2B,100,5.032,1.94,12.02,18.83,2.24,2.04,2.31,1,True,1620.0,False,False,False,False,0.826,97240.0,-2.78,-0.53,False,0.3198,0.68,False,False,-19.53,60558.0,60.72,18.12,16.46,23.76,bullish,2.29,0.0348,0.0344,1.01,True,False,False,False,74.3,,False,,0.214,0.84,False,-0.32,0.74,False,53.5,21.0,60.4,90.0,neutral,bullish,0,False,False,34.178,True,False,8,72.6,True,False,True,2.0,True,False,False,minervini,1.0,True,True
BAC,62.33000183105469,-0.92,-0.47,2.74,15.19,-3.83,34.1,-2.44,0.45,20.95,23.38,70.5,50.59,False,False,410750638723.9905,Finance,Major banks,NYSE,Bank of America Corporation,"S&P 500, S&P 500 Financials, S&P 500 ESG, KBW NASDAQ Bank, S&P 100, Russell 3000, Russell 1000, STOXX Global 1800, STOXX North America 600, STOXX USA 500, STOXX Global 1800 ex Asia/Pacific, STOXX Global 1800 ex Europe, STOXX Global 150, STOXX North America 50, STOXX Americas 100, STOXX Global 200, STOXX Developed Markets 2400, STOXX USA 500",1.105,1.77,62.626,61.568,-0.27,0.69,-0.27,0.7,-0.47,1.24,False,False,False,64.836,63.778,1.68,1966828387.6931,32588190.0,True,2B,100,2.314,2.74,14.68,15.19,1.91,1.72,1.76,1,True,1620.0,False,False,False,False,1.0,29702660.0,-2.61,1.04,False,0.4756,0.524,False,False,-11.03,32588190.0,48.83,23.1,19.83,29.43,bullish,2.8,0.0474,0.0474,1.0,True,False,False,False,84.7,,False,31.6,0.329,1.51,False,-0.58,0.84,False,50.3,30.3,40.4,86.9,neutral,bullish,0,False,False,62.68,False,False,8,72.6,True,False,True,2.0,True,False,False,minervini,1.0,True,True
WTBA,28.43000030517578,-1.04,0.11,4.89,18.2,-5.23,54.66,-4.98,5.21,21.31,18.34,78.3,53.34,False,False,459247872.6257242,Finance,Regional banks,NASDAQ,West Bancorporation,"NASDAQ Composite, Russell 2000, NASDAQ Bank, Russell 3000, Mini-Russell 2000",0.783,2.75,28.398,27.592,0.04,1.07,0.04,1.1,0.11,3.04,False,False,False,29.963,29.158,2.47,2106479.0794181824,77416.0,True,2B,100,3.871,4.89,14.5,18.2,3.55,2.59,2.57,1,True,1620.0,True,False,False,False,0.574,73920.0,-5.14,-0.39,False,0.3577,0.642,False,False,-7.04,77416.0,59.61,21.0,20.54,26.04,bullish,4.13,0.048,0.048,1.0,True,False,False,False,81.2,,False,,0.369,1.69,False,-0.49,0.58,False,65.2,41.3,72.2,90.0,deceleration,bullish,2,False,False,28.438,True,False,8,72.5,True,False,True,2.0,True,False,False,minervini,1.0,True,True
MLKN,23.15999984741211,-0.52,0.6,9.27,27.73,-5.43,72.36,-0.77,4.89,51.63,8.94,84.3,54.51,False,False,1364759632.1967893,Producer manufacturing,Office equipment/Supplies,NASDAQ,"MillerKnoll, Inc.","NASDAQ Composite, Russell 2000, NASDAQ Industrials, Nasdaq Innovators Completion Cap, Russell 3000, Mini-Russell 2000",0.803,3.47,23.023,22.29,0.17,1.08,0.17,1.12,0.6,3.9,False,False,False,24.63,23.897,3.36,16671332.771352768,809670.0,True,2B,100,4.328,9.27,23.66,27.73,3.17,3.05,3.88,1,True,1620.0,False,False,False,False,1.308,562100.0,-0.43,0.56,False,0.5811,0.419,False,False,18.15,809670.0,37.19,25.85,21.71,18.75,bullish,6.41,0.081,0.081,1.0,True,False,False,False,93.7,,False,22.6,0.446,2.45,False,-0.13,0.93,False,49.7,21.7,46.8,90.0,neutral,bullish,0,False,False,23.068,True,False,8,72.4,False,True,True,2.0,True,False,False,minervini,1.0,True,True
GSBC,78.6500015258789,-1.21,-1.32,0.15,16.78,-4.11,44.03,-2.16,-0.76,11.49,28.81,72.9,44.92,False,False,861107649.1935484,Finance,Regional banks,NASDAQ,"Great Southern Bancorp, Inc.","NASDAQ Composite, Russell 2000, NASDAQ Bank, Russell 3000, Mini-Russell 2000",1.787,2.27,79.699,79.362,-0.59,-0.4,-0.58,-0.39,-1.32,-0.9,False,False,False,83.273,82.935,2.08,8234171.596801758,104802.0,True,2B,100,3.623,0.15,12.86,16.78,2.0,1.87,2.54,1,True,1620.0,False,False,False,False,0.722,84840.0,-2.16,-0.59,False,0.6559,0.344,False,False,-51.67,104802.0,43.57,16.22,19.73,13.52,transitioning,1.31,0.039,0.0362,1.08,False,False,False,False,77.8,,False,,0.224,0.07,False,-0.65,0.61,False,34.3,18.3,0.0,90.0,neutral,bullish,0,False,False,79.724,False,False,8,72.4,False,False,True,1.0,True,False,False,minervini,1.0,False,True
DJCO,607.260009765625,1.63,2.78,4.9,14.71,-8.64,62.14,1.89,5.59,28.31,21.77,81.4,58.0,False,False,791418611.9956224,Consumer services,Publishing: newspapers,NASDAQ,Daily Journal Corp. (S.C.),"NASDAQ Composite, Russell 2000, Nasdaq US Small Cap Growth, NASDAQ Industrials, Russell 3000, Mini-Russell 2000",27.74,4.57,590.819,587.31,0.59,0.72,0.61,0.74,2.78,3.4,False,False,False,646.299,642.791,4.67,28124527.384033203,48334.0,True,2B,100,3.443,4.9,12.0,14.71,4.11,4.85,4.19,1,True,1620.0,False,False,False,False,0.583,60160.0,1.35,1.24,False,0.2275,0.773,True,True,30.59,48334.0,48.13,16.34,17.63,11.74,bullish,3.45,0.0455,0.0427,1.07,True,False,False,False,77.6,,True,,0.836,1.02,False,-0.38,0.82,False,39.4,26.7,25.8,70.0,neutral,neutral,0,False,False,591.326,True,False,8,72.3,False,False,True,1.0,True,False,False,minervini,1.0,False,True
NWBI,15.369999885559082,-0.76,-0.62,1.35,16.99,-2.78,41.84,-2.04,1.07,11.42,25.91,72.6,48.66,False,False,2215203845.6474485,Finance,Savings banks,NASDAQ,"Northwest Bancshares, Inc.","NASDAQ Composite, Russell 2000, NASDAQ Bank, Russell 3000, Mini-Russell 2000",0.231,1.5,15.466,15.315,-0.42,0.24,-0.41,0.24,-0.62,0.36,False,False,False,15.929,15.778,1.43,17252821.43449211,1143026.0,True,2B,100,3.23,1.35,12.69,16.99,1.6,1.35,1.57,1,True,1620.0,False,False,False,False,0.513,751620.0,-2.16,-0.32,False,0.5179,0.482,False,False,-41.08,1143026.0,29.1,24.39,24.64,17.78,bullish,1.77,0.035,0.035,1.0,True,False,False,False,76.1,,False,3.1,0.235,0.89,False,-0.97,0.42,False,32.3,13.3,0.0,90.0,neutral,bullish,0,False,False,15.474,False,False,8,72.1,True,False,True,2.0,True,False,False,minervini,1.0,False,True
HTO,64.48999786376953,1.64,2.54,4.97,17.17,-0.74,48.51,2.02,1.73,11.73,18.56,72.0,61.53,False,False,2539284413.351555,Utilities,Water utilities,NASDAQ,H2O America,"NASDAQ Composite, Russell 2000, NASDAQ Industrials, Russell 3000, Mini-Russell 2000",1.356,2.1,62.892,62.435,1.18,1.52,1.21,1.57,2.54,3.29,False,False,False,65.604,65.147,2.3,28060604.800621033,456972.0,True,2B,100,2.864,4.97,11.96,17.17,1.96,1.96,2.06,1,True,1620.0,False,False,False,False,0.823,302820.0,0.59,1.59,False,0.3754,0.625,False,True,-29.72,456972.0,69.97,22.84,14.56,26.26,bullish,2.79,0.0368,0.0327,1.12,True,False,False,False,74.2,,True,38.4,0.693,2.25,False,-0.72,0.68,False,47.7,18.3,68.8,65.8,momentum,bullish,0,False,False,62.937,True,False,8,72.0,True,False,True,2.0,True,False,False,minervini,1.0,False,True
SCL,62.15999984741211,-2.37,-1.26,4.75,18.51,-6.12,50.49,-3.96,7.97,20.28,17.91,74.9,49.14,False,False,1265359119.702922,Process industries,Chemicals: specialty,NYSE,Stepan Company,"Russell 2000, Russell 3000, Mini-Russell 2000",1.778,2.86,62.955,60.594,-0.45,0.88,-0.44,0.9,-1.26,2.59,False,False,False,66.511,64.149,2.94,8765082.93864441,147738.0,True,2B,100,3.869,4.75,13.69,18.51,2.51,2.27,2.87,1,True,1620.0,False,False,False,False,0.603,109940.0,-4.66,-2.31,False,0.487,0.513,False,False,-45.86,147738.0,54.05,17.88,21.74,17.78,bullish,4.55,0.0581,0.0539,1.08,True,False,False,False,77.5,,False,47.7,0.497,1.59,False,-0.64,0.61,False,48.1,25.0,37.1,90.0,deceleration,bullish,0,False,False,63.055,True,False,8,71.8,True,False,True,2.0,True,False,False,minervini,1.0,True,True
PEO,28.31999969482422,1.15,3.26,9.02,16.91,-1.15,47.58,1.36,4.62,9.29,13.21,70.3,68.77,False,False,680238670.0,Miscellaneous,Investment trusts,NYSE,"Adams Natural Resources Fund, Inc.",,0.46,1.62,27.425,26.375,1.95,4.23,2.01,4.54,3.26,7.37,True,False,False,28.345,27.295,1.61,1675543.013965607,64714.0,True,2B,100,3.308,9.02,11.17,16.91,1.32,1.51,1.56,1,True,1620.0,False,False,False,False,1.052,74800.0,0.85,-1.15,False,0.4348,0.565,False,True,4.48,64714.0,78.42,31.38,16.49,30.59,expanding,5.01,0.0502,0.0499,1.01,True,False,False,False,71.0,,True,,0.818,5.09,False,0.08,1.05,False,34.8,17.3,52.1,41.1,neutral,neutral,0,False,False,27.471,True,False,8,71.5,True,False,True,2.0,True,False,False,minervini,1.0,True,True
FTI,75.8499984741211,-0.71,1.26,6.25,20.86,-4.9,113.94,-4.9,-1.11,6.91,18.3,86.2,54.73,False,False,25692350244.689243,Industrial services,Oilfield services/Equipment,NYSE,TechnipFMC plc,"S&P MidCap 400, Russell 3000, Russell 1000, STOXX Global 1800, STOXX North America 600, STOXX USA 500, STOXX Global 1800 ex Asia/Pacific, STOXX Global 1800 ex Europe, STOXX Developed Markets 2400, STOXX USA 500",2.496,3.29,74.905,72.549,0.38,1.32,0.38,1.38,1.26,4.55,False,False,False,79.897,77.541,3.44,276331112.30010986,3938882.0,True,2B,100,5.994,6.25,10.81,20.86,3.15,3.12,2.95,1,True,1620.0,False,False,False,False,0.674,2497940.0,-4.73,-2.07,False,0.4667,0.533,False,False,-31.51,3938882.0,55.42,22.37,25.85,16.5,expanding,4.45,0.0419,0.0419,1.0,True,False,False,False,69.7,,False,59.2,0.642,1.79,False,-0.91,0.58,False,42.0,23.9,46.1,62.0,neutral,neutral,0,False,False,75.021,True,False,8,71.5,True,False,True,2.0,True,False,False,minervini,1.0,True,True
GABC,50.06999969482422,-0.37,0.23,3.66,16.84,-2.55,37.55,-1.71,4.02,16.43,20.83,70.0,53.84,False,False,1789939700.1944027,Finance,Regional banks,NASDAQ,"German American Bancorp, Inc.","NASDAQ Composite, Russell 2000, NASDAQ Bank, Russell 3000, Mini-Russell 2000",1.017,2.03,49.954,48.995,0.11,1.06,0.11,1.08,0.23,2.19,False,False,False,51.988,51.029,1.97,8612835.16065216,178876.0,True,2B,100,3.089,3.66,13.44,16.84,2.4,1.85,2.05,1,True,1620.0,False,False,False,False,0.572,129180.0,-2.11,0.34,False,0.4387,0.561,False,False,-25.17,178876.0,43.05,22.6,24.52,14.14,bullish,2.89,0.0373,0.0373,1.0,True,False,False,False,76.3,,False,29.5,0.411,1.74,False,-0.69,0.49,False,58.8,16.7,83.6,90.0,deceleration,bullish,0,False,False,49.999,True,False,8,71.4,False,False,True,1.0,True,False,False,minervini,1.0,False,True
SFL,12.260000228881836,-0.36,1.21,6.21,21.85,-3.08,86.09,-1.76,2.85,1.69,18.74,74.0,55.59,False,False,1524300857.5977654,Transportation,Marine shipping,NYSE,SFL Corporation Ltd,"Russell 2000, Russell 3000, Mini-Russell 2000",0.312,2.55,12.114,11.65,0.47,1.95,0.47,2.06,1.21,5.24,False,False,False,12.738,12.275,2.35,17003933.30583,1487750.0,True,2B,100,5.615,6.21,13.17,21.85,1.98,2.4,2.52,1,True,1620.0,False,False,False,False,0.849,1196900.0,-2.15,-1.05,False,0.5492,0.451,False,False,-15.88,1487750.0,50.83,25.19,21.97,12.6,bullish,4.1,0.0404,0.0404,1.0,True,False,False,False,64.2,,False,5.2,0.61,2.3,False,-0.59,0.69,False,54.3,28.1,48.6,95.1,neutral,bullish,0,False,False,12.131,True,False,8,71.4,False,False,True,1.0,True,False,False,minervini,1.0,False,True
HOPE,13.949999809265137,-0.93,-0.35,2.43,16.96,-3.79,46.42,-2.86,4.75,13.8,24.32,74.7,50.93,False,False,1737330437.3712175,Finance,Major banks,NASDAQ,"Hope Bancorp, Inc.","NASDAQ Composite, Russell 2000, NASDAQ Bank, Russell 3000, Mini-Russell 2000",0.254,1.82,13.999,13.767,-0.2,0.72,-0.19,0.73,-0.35,1.33,False,False,False,14.507,14.274,1.73,15428936.872535706,1135590.0,True,2B,100,3.43,2.43,12.8,16.96,1.85,1.66,1.88,1,True,1620.0,False,False,False,False,0.569,932740.0,-2.99,-0.14,False,0.3485,0.652,False,False,-33.36,1135590.0,39.91,25.3,19.51,25.79,bullish,2.58,0.0378,0.0378,1.0,True,False,False,False,75.9,,False,3.5,0.337,1.31,False,-1.12,0.52,False,57.5,33.3,57.2,90.0,deceleration,bullish,1,False,False,14.011,False,False,8,71.3,False,False,True,1.0,True,False,False,minervini,1.0,True,True
SWK,98.51000213623048,-1.25,0.09,5.77,23.76,-5.28,63.96,-1.08,7.94,30.22,15.33,82.2,52.83,False,False,14298802619.444263,Consumer durables,Tools & hardware,NYSE,"Stanley Black & Decker, Inc.","S&P 500, S&P 500 Industrials, S&P 500 ESG, Russell 3000, Russell 1000, STOXX Developed Markets 2400",2.925,2.97,98.426,94.758,0.03,1.28,0.03,1.33,0.09,3.96,False,False,False,104.276,100.608,2.85,172558314.89759827,1842842.0,True,2B,100,4.361,5.77,19.6,23.76,2.25,2.6,2.94,1,True,1620.0,False,False,False,False,0.606,1579480.0,-0.71,-1.51,False,0.3773,0.623,False,False,-33.27,1842842.0,47.69,23.32,19.7,16.84,bullish,5.24,0.0595,0.0595,1.0,True,False,False,False,86.4,,False,64.6,0.591,1.84,False,-0.72,0.71,False,38.5,4.0,33.0,90.0,neutral,bullish,0,False,False,98.596,True,False,8,71.0,True,False,True,2.0,True,False,False,minervini,1.0,True,True
NWFL,34.099998474121094,0.36,1.3,5.18,14.78,-1.16,46.21,0.03,4.51,14.91,17.36,71.0,58.34,False,False,353838826.3277742,Finance,Regional banks,NASDAQ,Norwood Financial Corp.,"NASDAQ Composite, Russell 2000, NASDAQ Bank, Mini-Russell 2000",0.887,2.6,33.663,32.782,0.49,1.49,0.5,1.55,1.3,4.02,False,False,False,35.436,34.556,2.58,1470952.5565567017,45474.0,True,2B,100,3.205,5.18,11.88,14.78,2.21,2.29,2.8,1,True,1620.0,False,False,False,False,0.853,31540.0,-0.5,0.98,False,0.4201,0.58,False,False,26.1,45474.0,45.11,20.25,21.41,10.32,bullish,3.26,0.0327,0.0327,1.0,True,False,False,False,69.8,,False,,0.466,1.89,False,-0.3,0.69,False,53.9,33.7,44.8,90.0,neutral,bullish,1,False,False,33.699,True,False,8,70.9,True,False,True,2.0,True,False,False,minervini,1.0,False,True
ROST,241.5200042724609,0.51,0.11,2.99,15.59,-5.37,68.01,2.65,1.1,3.06,20.12,76.3,51.12,False,False,68409771878.29506,Retail trade,Apparel/Footwear retail,NASDAQ,"Ross Stores, Inc.","S&P 500, NASDAQ 100, NASDAQ Composite, S&P 500 Consumer Discretionary, NASDAQ Industrials, Russell 3000, Russell 1000, STOXX Global 1800, STOXX North America 600, STOXX USA 500, STOXX Global 1800 ex Asia/Pacific, STOXX Global 1800 ex Europe, STOXX Developed Markets 2400, STOXX USA 500",6.352,2.63,241.264,235.638,0.04,0.93,0.04,0.95,0.11,2.5,False,False,False,253.968,248.343,2.23,666639799.7654114,2875408.0,True,2B,100,4.56,2.99,9.91,15.59,2.79,2.29,2.31,1,True,1620.0,False,False,False,False,0.984,4593020.0,2.56,1.04,False,1.0554,0.0,False,False,33.07,2875408.0,40.03,23.97,24.35,21.73,transitioning,0.9,0.0346,0.0346,1.0,False,False,False,False,77.2,,False,82.7,0.465,1.1,False,-0.08,0.95,False,25.0,10.0,0.0,70.0,neutral,neutral,0,False,False,241.342,False,False,8,70.9,True,False,True,2.0,True,False,False,minervini,1.0,True,True
JNJ,273.0400085449219,2.21,3.71,6.86,18.27,-0.14,59.52,4.07,3.66,17.18,12.3,75.3,64.31,False,False,613021903888.567,Health technology,Pharmaceuticals: major,NYSE,Johnson & Johnson,"S&P 500, Dow Jones Industrial Average, S&P 500 Health Care, Nasdaq US Large Cap Growth, S&P 100, Russell 3000, Dow Jones Composite Average, Russell 1000, STOXX Global 1800, STOXX North America 600, STOXX USA 500, STOXX Global 1800 ex Asia/Pacific, STOXX Global 1800 ex Europe, STOXX Global 150, STOXX North America 50, STOXX Americas 100, STOXX Global 200, STOXX Developed Markets 150, STOXX Developed Markets 2400, STOXX USA 500",5.83,2.14,263.264,259.772,1.68,2.28,1.74,2.39,3.71,5.11,True,False,False,274.923,271.432,1.98,2042783452.2135313,8042118.0,True,2B,100,3.38,6.86,13.53,18.27,2.09,1.88,2.04,1,True,1620.0,False,False,False,False,0.802,6730360.0,2.01,1.04,False,0.1632,0.837,True,True,-33.01,8042118.0,67.98,32.47,16.37,24.82,expanding,4.11,0.0511,0.0463,1.1,True,False,False,False,83.7,,True,81.3,0.868,3.0,False,-1.0,0.68,False,44.5,17.8,44.0,80.5,deceleration,bullish,0,False,False,263.562,True,False,8,70.8,False,False,True,1.0,True,False,False,minervini,1.0,True,True
BIIB,218.1199951171875,2.13,3.75,6.07,15.82,-1.55,64.97,4.29,7.88,12.57,11.09,71.8,59.91,False,False,31894047116.82011,Health technology,Pharmaceuticals: major,NASDAQ,Biogen Inc.,"S&P 500, NASDAQ Composite, S&P 500 Health Care, S&P 500 ESG, NASDAQ Biotechnology, Russell 3000, Russell 1000, STOXX Global 1800, STOXX North America 600, STOXX USA 500, STOXX Global 1800 ex Asia/Pacific, STOXX Global 1800 ex Europe, STOXX Developed Markets 2400, STOXX USA 500",6.325,2.9,210.235,206.944,1.25,1.77,1.29,1.86,3.75,5.4,False,False,False,222.886,219.595,2.75,247336342.12194824,1207916.0,True,2B,100,3.379,6.07,12.89,15.82,2.48,2.54,3.15,1,True,1620.0,False,False,False,False,0.678,752300.0,3.37,0.62,False,0.4307,0.569,False,True,-32.5,1207916.0,58.96,29.51,15.28,25.66,expanding,3.81,0.0469,0.0334,1.4,True,False,False,False,84.7,,True,82.7,0.823,1.97,False,-0.91,0.54,False,32.4,13.3,36.6,53.6,deceleration,bearish,0,False,False,210.464,True,False,8,70.6,False,False,True,1.0,True,False,False,minervini,1.0,True,True
BHB,39.619998931884766,-0.59,-0.1,2.66,16.38,-2.73,44.35,-1.76,1.54,14.28,20.71,71.9,51.75,False,False,654113973.938482,Finance,Regional banks,NYSE Arca,"Bar Harbor Bankshares, Inc.","Russell 2000, Russell 3000, Mini-Russell 2000",0.969,2.45,39.661,38.991,-0.04,0.65,-0.04,0.66,-0.1,1.61,False,False,False,41.598,40.928,2.38,4838775.569168091,125790.0,True,2B,100,3.445,2.66,12.41,16.38,2.54,2.26,2.48,1,True,1620.0,False,False,False,False,1.035,112900.0,-1.98,-0.08,False,0.4013,0.599,False,False,-1.86,125790.0,59.79,17.08,19.41,21.04,bullish,2.48,0.0354,0.0354,1.0,True,False,False,False,72.7,,False,,0.365,1.06,False,-0.21,0.8,False,59.5,25.0,75.0,90.0,momentum,bullish,0,False,False,39.691,True,False,8,70.6,True,False,True,2.0,True,False,False,minervini,1.0,False,True
WTS,372.7999877929688,-0.63,0.73,3.92,19.76,-4.95,42.23,-3.21,8.23,23.52,15.48,75.6,54.54,False,False,11996010966.027409,Producer manufacturing,Industrial machinery,NYSE,"Watts Water Technologies, Inc.","Russell 2000, Nasdaq US Small Cap Growth, S&P MidCap 400, Russell 3000, Mini-Russell 2000, STOXX Developed Markets 2400",9.311,2.5,370.105,361.741,0.29,1.19,0.29,1.22,0.73,3.06,False,False,False,388.728,380.364,2.39,123648526.88171387,345882.0,True,2B,100,3.158,3.92,15.5,19.76,2.01,2.43,2.67,1,True,1620.0,False,False,False,False,0.738,167320.0,-2.67,-0.74,False,0.2373,0.763,True,False,-11.76,345882.0,51.4,23.03,19.58,24.28,bullish,4.21,0.0444,0.0444,1.0,True,False,False,False,81.5,,False,90.1,0.651,1.51,False,-0.38,0.41,False,27.4,6.7,32.5,50.0,neutral,bearish,0,False,False,370.62,True,False,8,70.5,False,False,True,1.0,True,False,False,minervini,1.0,True,True
FMBH,50.45000076293945,-0.78,-0.61,2.31,17.21,-3.57,47.65,-2.4,-0.58,16.29,21.21,73.8,49.42,False,False,1281018344.49842,Finance,Regional banks,NASDAQ,"First Mid Bancshares, Inc.","NASDAQ Composite, Russell 2000, NASDAQ Bank, Russell 3000, Mini-Russell 2000",0.967,1.92,50.762,50.042,-0.32,0.42,-0.32,0.43,-0.61,0.82,False,False,False,52.696,51.976,1.9,7746755.780288696,158272.0,True,2B,100,3.867,2.31,13.28,17.21,2.03,1.61,2.16,1,True,1620.0,False,False,False,False,1.221,133700.0,-2.61,0.34,False,0.579,0.421,False,False,-18.32,158272.0,32.7,22.76,24.97,16.88,bullish,2.22,0.0426,0.0426,1.0,True,False,False,False,75.5,,False,27.7,0.258,1.18,False,-0.11,0.92,False,47.4,18.3,43.7,90.0,neutral,bullish,0,False,False,50.795,False,False,8,70.3,,,,,True,False,False,minervini,1.0,True,True
EXEL,54.54999923706055,2.0,1.67,0.54,16.11,-4.47,57.93,4.26,-1.48,8.77,23.95,68.5,53.24,False,False,13766717176.594591,Health technology,Pharmaceuticals: major,NASDAQ,"Exelixis, Inc.","NASDAQ Composite, Nasdaq US Mid Cap Growth, NASDAQ Biotechnology, S&P MidCap 400, Russell 3000, Russell 1000, STOXX Developed Markets 2400",1.627,2.98,53.655,54.669,0.55,-0.07,0.56,-0.07,1.67,-0.22,False,False,False,56.909,57.924,3.26,144630845.30532837,2668342.0,True,2B,100,3.357,0.54,13.14,16.11,2.27,3.06,2.92,1,True,1620.0,False,False,False,False,0.878,2023440.0,4.26,0.87,False,1.3143,0.0,False,False,1.73,2668342.0,54.56,19.53,21.66,18.67,bullish_crossover,0.43,0.0284,0.0253,1.13,False,False,False,False,84.5,,False,44.8,0.656,0.18,False,-0.21,0.91,False,60.0,27.8,70.0,92.8,momentum,bullish,0,False,False,53.636,True,False,7,70.3,True,True,True,3.0,False,True,False,canslim,1.0,True,True
ALSN,131.3800048828125,3.35,6.02,10.06,16.88,-3.16,67.12,3.36,7.39,19.58,13.0,80.6,64.02,False,False,9939047784.87761,Producer manufacturing,Auto parts: OEM,NYSE,"Allison Transmission Holdings, Inc.","Russell 3000, Russell 1000, STOXX Developed Markets 2400",4.096,3.12,123.924,119.258,1.82,2.96,1.93,3.26,6.02,10.16,True,False,False,132.115,127.45,3.24,136024635.6303406,1146392.0,True,2B,100,3.815,10.06,10.6,16.88,3.11,3.45,2.87,1,True,1620.0,False,False,False,False,0.995,919760.0,3.55,-1.39,False,0.1798,0.82,True,True,20.37,1146392.0,68.3,31.41,13.55,30.44,expanding,5.34,0.0601,0.033,1.82,True,False,False,False,80.8,,False,73.5,0.876,2.93,False,-0.17,0.75,False,35.5,18.3,43.8,50.0,neutral,bearish,0,False,False,124.136,True,False,8,69.9,False,False,True,1.0,True,False,False,minervini,1.0,True,True
WSFS,79.47000122070312,-1.23,-1.06,1.09,18.32,-3.19,59.57,-2.86,-0.22,11.12,22.23,74.8,46.23,False,False,4026127719.4246817,Finance,Savings banks,NASDAQ,WSFS Financial Corporation,"NASDAQ Composite, Russell 2000, NASDAQ Bank, Russell 3000, Mini-Russell 2000, STOXX Developed Markets 2400",1.374,1.73,80.319,79.449,-0.62,0.01,-0.61,0.01,-1.06,0.03,False,False,False,83.066,82.197,1.62,36351365.94174194,465018.0,True,2B,100,4.465,1.09,11.84,18.32,1.84,1.51,1.81,1,True,1620.0,False,False,False,False,0.696,348840.0,-3.22,-0.51,False,0.5306,0.469,False,False,-54.96,465018.0,55.06,18.37,18.23,16.23,transitioning,1.8,0.0372,0.0357,1.04,False,False,False,False,74.5,,False,38.7,0.174,0.62,False,-0.98,0.52,False,51.8,30.4,42.2,90.0,neutral,bullish,0,False,False,80.361,False,False,8,69.8,True,False,True,2.0,True,False,False,minervini,1.0,True,True
CDP,37.459999084472656,0.88,0.96,2.42,17.4,-2.32,41.29,1.77,-1.5,17.62,16.99,70.6,56.93,False,False,8211238181.916999,Finance,Real estate investment trusts,NYSE,COPT Defense Properties,"Russell 2000, S&P MidCap 400, Russell 3000, Mini-Russell 2000, STOXX Developed Markets 2400",0.618,1.65,37.104,37.198,0.58,0.42,0.58,0.43,0.96,0.7,False,False,False,38.341,38.435,1.73,35396809.97793579,971644.0,True,2B,100,3.252,2.42,13.27,17.4,1.27,1.5,1.78,1,True,1620.0,False,False,False,False,0.752,655280.0,0.97,0.51,False,0.6683,0.332,False,False,-12.41,971644.0,46.41,26.16,20.5,10.06,bullish,1.86,0.0318,0.0301,1.06,True,False,False,False,76.6,,False,16.7,0.461,1.43,False,-0.68,0.61,False,22.3,3.3,0.0,70.0,neutral,neutral,0,False,False,37.115,True,False,8,69.7,False,False,True,1.0,True,False,False,minervini,1.0,False,True
NKSH,41.34000015258789,-0.47,1.23,7.75,17.22,-4.28,59.47,-2.98,12.83,18.69,12.4,77.5,56.19,False,False,239834325.2750345,Finance,Major banks,NASDAQ,"National Bankshares, Inc.","NASDAQ Composite, Russell 2000, NASDAQ Bank, Mini-Russell 2000",1.369,3.31,40.836,38.932,0.37,1.76,0.37,1.87,1.23,6.18,False,False,False,43.575,41.671,3.51,1410155.1716918945,36316.0,True,2B,100,4.12,7.75,12.54,17.22,3.05,3.43,3.16,1,True,1620.0,False,False,False,False,0.494,31340.0,-2.98,0.46,False,0.5353,0.465,False,False,-12.55,36316.0,50.26,21.18,21.85,13.89,bullish,5.05,0.0457,0.0457,1.0,True,False,False,False,78.3,,False,,0.65,2.17,False,-0.6,0.59,False,47.1,16.3,44.1,91.0,neutral,bullish,0,False,False,40.913,True,False,8,69.7,True,False,True,2.0,True,False,False,minervini,1.0,True,True
BUSE,30.290000915527344,-1.03,-0.84,1.69,16.1,-4.08,42.03,-2.54,1.47,12.85,21.6,71.5,48.08,False,False,2520399237.6946616,Finance,Regional banks,NASDAQ,First Busey Corporation,"NASDAQ Composite, Russell 2000, NASDAQ Bank, Russell 3000, Mini-Russell 2000",0.533,1.76,30.546,30.108,-0.48,0.34,-0.48,0.34,-0.84,0.6,False,False,False,31.612,31.174,1.81,25215603.31614685,848006.0,True,2B,100,3.463,1.69,12.02,16.1,1.83,1.49,1.82,1,True,1620.0,False,False,False,False,0.724,626660.0,-2.85,-0.03,False,0.5311,0.469,False,False,-35.21,848006.0,34.26,24.88,22.16,18.47,bullish,2.0,0.0401,0.0401,1.0,True,False,False,False,69.9,,False,13.9,0.332,0.95,False,-0.87,0.65,False,36.0,10.0,16.7,90.0,neutral,bullish,0,False,False,30.565,False,False,8,69.6,True,False,True,2.0,True,False,False,minervini,1.0,True,True
MHK,134.07000732421875,-0.33,2.5,11.2,18.8,-4.3,42.13,-0.94,18.36,30.93,7.99,66.6,58.1,False,False,7299748534.347768,Producer manufacturing,Building products,NYSE,"Mohawk Industries, Inc.","Russell 3000, Russell 1000, STOXX Developed Markets 2400",4.219,3.15,130.799,122.472,0.78,2.75,0.79,3.01,2.5,9.47,True,False,False,139.237,130.91,2.99,108278196.46281433,888590.0,True,2B,100,0.953,11.2,18.24,18.8,2.8,2.63,3.07,1,True,1620.0,False,False,False,False,0.532,839800.0,-0.91,-1.58,False,0.4153,0.585,False,False,-14.16,888590.0,52.24,37.63,21.02,30.69,bullish,7.92,0.0693,0.0693,1.0,True,False,False,False,86.7,,False,74.0,0.779,3.2,False,-0.82,0.65,False,23.7,6.7,0.0,70.0,neutral,neutral,0,False,False,131.163,True,False,7,69.5,True,True,True,3.0,False,True,False,canslim,1.0,True,True
CFBK,34.77000045776367,-1.01,-0.44,4.36,20.12,-4.24,56.59,-3.2,3.98,24.93,14.56,79.8,51.41,False,False,204436041.78356075,Finance,Savings banks,NASDAQ,CF Bankshares Inc.,"NASDAQ Composite, Russell 2000, NASDAQ Bank, Mini-Russell 2000",0.935,2.69,34.923,33.991,-0.16,0.83,-0.16,0.85,-0.44,2.29,False,False,False,36.794,35.862,2.67,2661358.815963745,80762.0,True,2B,100,4.438,4.36,14.09,20.12,2.45,2.4,2.79,1,True,1620.0,False,False,False,False,0.703,64560.0,-3.52,0.49,False,0.5436,0.456,False,False,1.66,80762.0,63.82,19.22,18.41,28.53,bullish,3.49,0.0541,0.0541,1.0,True,False,False,False,82.8,,False,,0.299,1.55,False,-0.63,0.53,False,31.6,8.8,43.5,50.0,deceleration,bearish,0,False,False,34.964,False,False,8,69.5,False,False,True,1.0,True,False,False,minervini,1.0,True,True
ZIM,28.3799991607666,3.2,6.1,11.21,19.45,-1.49,135.83,-1.49,13.98,12.44,2.36,84.6,60.89,False,False,3082892836.3713174,Transportation,Marine shipping,NYSE,ZIM Integrated Shipping Services Ltd.,,1.053,3.71,26.747,25.609,1.55,2.63,1.65,2.92,6.1,10.82,True,False,False,28.853,27.714,3.26,39676964.48543167,1521728.0,True,2B,100,5.817,11.21,11.65,19.45,3.4,3.43,2.63,1,True,1350.0,False,False,False,False,0.779,2956640.0,-2.56,0.46,False,0.2056,0.794,True,True,197.36,1521728.0,61.04,39.67,22.2,24.21,expanding,5.76,0.058,0.0446,1.3,True,False,False,False,86.5,,False,30.9,0.788,2.72,False,0.15,1.12,False,40.7,19.3,47.2,62.8,neutral,bullish,0,False,False,26.8,True,False,8,69.3,True,False,True,2.0,True,False,False,minervini,1.0,False,True
RGA,245.57000732421875,0.83,1.93,6.5,17.36,-1.53,37.65,-0.17,3.19,15.19,14.33,67.3,60.31,False,False,14103673236.580145,Finance,Life/Health insurance,NYSE,"Reinsurance Group of America, Incorporated","S&P MidCap 400, Russell 3000, Russell 1000, STOXX Global 1800, STOXX North America 600, STOXX Global 1800 ex Asia/Pacific, STOXX Global 1800 ex Europe, STOXX Developed Markets 2400",5.069,2.06,240.918,235.812,0.92,1.92,0.94,2.0,1.93,4.14,False,False,False,251.057,245.951,1.99,85764348.07989502,372514.0,True,2B,100,2.697,6.5,14.51,17.36,1.87,1.99,2.01,1,True,1620.0,False,False,False,False,0.751,321280.0,0.04,1.0,False,0.4536,0.546,False,True,2.86,372514.0,72.49,21.38,17.84,19.45,bullish,3.93,0.0424,0.0405,1.05,True,False,False,False,81.8,,True,78.5,0.761,2.96,False,-0.9,0.75,False,17.7,6.7,0.0,50.0,neutral,bearish,0,False,False,241.208,True,False,7,68.9,True,True,True,3.0,False,True,False,canslim,1.0,False,True
MBWM,60.310001373291016,-0.1,0.33,3.37,15.99,-2.69,43.05,-1.36,3.09,16.4,17.01,71.7,53.66,False,False,986194129.3707126,Finance,Regional banks,NASDAQ,Mercantile Bank Corporation,"NASDAQ Composite, Russell 2000, NASDAQ Bank, Russell 3000, Mini-Russell 2000",1.417,2.35,60.111,59.222,0.14,0.77,0.14,0.78,0.33,1.84,False,False,False,62.945,62.056,2.4,7908235.512207031,135938.0,True,2B,100,3.405,3.37,12.15,15.99,2.16,1.98,2.67,1,True,1620.0,False,False,False,False,0.732,87280.0,-1.39,1.17,False,0.49,0.51,False,False,-32.61,135938.0,40.64,19.69,16.12,21.46,bullish,2.52,0.0362,0.0362,1.0,True,False,False,False,74.7,,False,,0.465,1.39,False,-0.69,0.62,False,46.3,16.7,42.2,90.0,neutral,bullish,0,False,False,60.158,False,False,8,68.8,False,False,True,1.0,True,False,False,minervini,1.0,False,True
JAKK,25.51000022888184,0.27,0.9,5.42,24.74,-4.21,76.41,0.16,4.12,16.28,15.83,82.0,55.65,False,False,273521421.4384152,Consumer durables,Recreational products,NASDAQ,"JAKKS Pacific, Inc.","NASDAQ Composite, Russell 2000, NASDAQ Industrials, Russell 3000, Mini-Russell 2000",0.834,3.27,25.284,24.635,0.27,1.05,0.27,1.09,0.9,3.55,False,False,False,26.952,26.303,3.03,2422965.3706970215,98008.0,True,2B,100,4.005,5.42,17.16,24.74,2.71,2.71,3.37,1,True,1507.0,False,False,False,False,1.671,94360.0,0.2,0.12,False,0.578,0.422,False,False,208.55,98008.0,50.34,22.15,22.56,11.52,bullish,3.34,0.0386,0.0386,1.0,True,False,False,False,75.8,,False,,0.369,1.57,False,1.74,2.13,False,42.0,19.4,48.1,65.9,neutral,bullish,0,False,False,25.309,True,False,8,68.7,False,False,True,1.0,True,False,False,minervini,1.0,True,True
HVT,27.57999992370605,-1.15,0.29,5.82,16.41,-5.19,44.12,-3.02,10.72,25.18,12.25,71.7,53.69,False,False,419085606.1861575,Retail trade,Specialty stores,NYSE,"Haverty Furniture Companies, Inc.","Russell 2000, Russell 3000, Mini-Russell 2000",0.896,3.25,27.501,26.47,0.09,1.24,0.09,1.29,0.29,4.19,False,False,False,29.294,28.263,3.35,3249555.438358307,122910.0,True,2B,100,3.425,5.82,15.68,16.41,2.31,3.45,3.08,1,True,1620.0,False,False,False,False,0.949,108520.0,-2.06,0.73,False,0.3211,0.679,False,False,39.78,122910.0,43.21,25.99,20.17,24.01,bullish,4.91,0.0565,0.0565,1.0,True,False,False,False,78.4,,False,,0.577,1.69,False,0.17,1.12,False,38.4,7.3,28.3,90.0,neutral,bullish,0,False,False,27.549,True,False,8,68.6,True,False,True,2.0,True,False,False,minervini,1.0,True,True
WELL,240.00999450683597,1.43,1.8,3.5,15.78,-4.42,48.11,2.0,-4.42,11.45,15.78,67.3,58.0,False,False,160475524014.83755,Finance,Real estate investment trusts,NYSE,Welltower Inc.,"S&P 500, S&P 500 Real Estate, S&P 500 ESG, Nasdaq US Large Cap Growth, Russell 3000, Russell 1000, STOXX Global 1800, STOXX North America 600, STOXX USA 500, STOXX Global 1800 ex Asia/Pacific, STOXX Global 1800 ex Europe, STOXX Global 200, STOXX Developed Markets 2400, STOXX USA 500",4.921,2.05,235.775,236.186,0.86,0.78,0.88,0.79,1.8,1.62,False,False,False,245.616,246.027,2.17,745203259.9364624,3237156.0,True,2B,100,3.099,3.5,12.72,15.78,1.61,1.91,2.13,1,True,1620.0,False,False,False,False,0.54,2333440.0,1.81,0.33,False,0.6089,0.391,False,True,-35.25,3237156.0,73.98,27.83,18.7,12.43,bullish,2.13,0.0353,0.0275,1.28,True,False,False,False,74.1,,True,77.9,0.518,1.65,False,-1.32,0.52,False,51.9,13.3,68.0,87.3,momentum,bullish,0,False,False,235.866,True,False,7,68.5,True,True,True,3.0,False,True,False,canslim,1.0,False,True
FXNC,31.07999992370605,-0.84,-0.39,2.22,13.86,-3.99,45.48,-2.17,4.47,12.4,17.85,71.7,50.41,False,False,276111137.6825184,Finance,Regional banks,NASDAQ,First National Corporation,"NASDAQ Composite, Russell 2000, NASDAQ Bank, Mini-Russell 2000",1.036,3.33,31.2,30.58,-0.12,0.48,-0.12,0.49,-0.39,1.64,False,False,False,33.272,32.652,3.02,1755345.1199951172,57956.0,True,2B,100,3.667,2.22,9.93,13.86,3.74,2.76,3.2,1,True,1620.0,True,False,False,False,0.766,39280.0,-3.18,0.13,False,0.4702,0.53,False,False,-42.27,57956.0,55.35,25.51,19.9,13.18,bullish,2.18,0.0343,0.0343,1.0,True,False,False,False,68.9,,False,,0.422,0.65,False,-0.41,0.46,False,51.0,6.7,71.1,90.0,momentum,bullish,0,False,False,31.224,False,False,8,68.4,False,False,True,1.0,True,False,False,minervini,1.0,True,True
WAB,297.6199951171875,0.65,1.72,6.17,19.06,-2.57,61.06,-0.91,-1.51,16.19,13.45,78.0,58.56,False,False,45733134792.84015,Producer manufacturing,Trucks/Construction/Farm machinery,NYSE,Westinghouse Air Brake Technologies Corporation,"S&P 500, S&P 500 Industrials, S&P 500 ESG, Russell 3000, Russell 1000, STOXX Global 1800, STOXX North America 600, STOXX USA 500, STOXX Global 1800 ex Asia/Pacific, STOXX Global 1800 ex Europe, STOXX Developed Markets 2400, STOXX USA 500",6.478,2.18,292.599,282.384,0.78,2.35,0.79,2.48,1.72,5.4,True,False,False,305.555,295.341,2.07,274459114.7260742,971138.0,True,2B,100,4.111,6.17,13.36,19.06,2.06,1.77,2.25,1,True,1620.0,False,False,False,False,0.666,886860.0,-0.72,0.02,False,0.5757,0.424,False,True,-26.03,971138.0,51.42,25.45,19.24,17.73,bullish,3.67,0.0379,0.0359,1.06,True,False,False,False,73.1,,False,83.2,0.539,2.67,False,-0.73,0.66,False,37.6,15.9,46.3,57.9,neutral,neutral,0,False,False,292.955,True,False,8,68.2,False,True,True,2.0,True,False,False,minervini,1.0,True,True
DAR,62.31999969482422,-4.15,-2.15,3.76,19.55,-8.81,108.36,-7.91,-0.29,6.35,20.68,85.3,47.91,False,False,8343686315.137529,Consumer non-durables,Food: specialty/candy,NYSE,Darling Ingredients Inc.,"NASDAQ US Benchmark Food Producers, S&P MidCap 400, Russell 3000, Russell 1000, STOXX Developed Markets 2400",2.664,4.27,63.691,61.574,-0.51,0.28,-0.5,0.28,-2.15,1.21,False,False,False,69.019,66.902,3.97,147138710.61830902,2465084.0,True,2B,100,6.248,3.76,8.28,19.55,5.34,4.01,3.27,1,True,1620.0,True,False,False,False,1.249,3411340.0,-7.69,-5.2,False,0.5503,0.45,False,False,107.83,2465084.0,50.83,20.41,25.33,21.14,expanding,4.54,0.0411,0.0411,1.0,True,False,False,False,65.9,,False,61.7,0.373,0.85,False,0.81,1.32,False,37.7,16.2,46.9,57.0,neutral,neutral,0,False,False,63.8,True,False,8,68.0,True,False,True,2.0,True,False,False,minervini,1.0,True,True
PFG,111.88999938964844,-0.38,-0.57,0.15,15.79,-3.05,46.54,-0.96,2.28,8.6,22.77,72.6,48.33,False,False,23275335575.7611,Finance,Investment managers,NASDAQ,Principal Financial Group Inc,"S&P 500, NASDAQ Composite, S&P 500 Financials, S&P 500 ESG, NASDAQ Real Estate and Other Financial Services, Russell 3000, Russell 1000, STOXX Global 1800, STOXX North America 600, STOXX USA 500, STOXX Global 1800 ex Asia/Pacific, STOXX Global 1800 ex Europe, STOXX Developed Markets 2400, STOXX USA 500",2.189,1.96,112.528,112.25,-0.29,-0.16,-0.29,-0.16,-0.57,-0.32,False,False,False,116.905,116.628,1.98,159174416.6681519,1429770.0,True,2B,100,3.736,0.15,11.5,15.79,1.71,1.81,2.04,1,True,1620.0,False,False,False,False,0.563,813020.0,-1.56,1.03,False,0.7494,0.251,False,False,-57.75,1429770.0,43.2,15.05,21.49,13.04,transitioning,0.87,0.0318,0.0298,1.07,False,False,False,False,72.4,,False,54.8,0.32,0.08,False,-1.13,0.48,False,46.5,20.9,37.2,90.0,deceleration,bullish,0,False,False,112.546,False,False,8,68.0,False,False,True,1.0,True,False,False,minervini,1.0,True,True
CFR,164.38999938964844,-0.81,-0.37,2.84,17.0,-3.35,40.3,-2.19,0.1,18.84,17.36,73.1,51.06,False,False,9753009317.462736,Finance,Regional banks,NYSE,"Cullen/Frost Bankers, Inc.","S&P MidCap 400, Russell 3000, Russell 1000, STOXX Developed Markets 2400",3.044,1.85,165.004,162.569,-0.2,0.6,-0.2,0.6,-0.37,1.12,False,False,False,171.092,168.658,2.01,97881609.18475342,615098.0,True,2B,100,3.301,2.84,13.06,17.0,1.68,1.72,1.9,1,True,1620.0,False,False,False,False,0.608,452360.0,-2.16,0.12,False,0.5158,0.484,False,False,-66.35,615098.0,49.35,17.46,21.52,13.91,bullish,2.75,0.0418,0.0418,1.0,True,False,False,False,82.8,,False,66.0,0.299,1.49,False,-1.26,0.57,False,29.7,6.7,0.0,90.0,deceleration,bullish,0,False,False,165.138,False,False,8,67.9,False,False,True,1.0,True,False,False,minervini,1.0,True,True
VIR,9.90999984741211,4.86,6.43,5.44,19.02,-10.64,126.26,5.54,14.04,7.83,33.38,88.8,60.71,False,False,1691579201.640688,Health technology,Biotechnology,NASDAQ,"Vir Biotechnology, Inc.","NASDAQ Composite, Russell 2000, NASDAQ Biotechnology, Russell 3000, Mini-Russell 2000",0.461,4.66,9.312,9.401,1.3,1.1,1.38,1.16,6.43,5.42,False,False,False,10.235,10.324,4.33,17704183.853111267,1873620.0,True,2B,100,3.969,5.44,8.95,19.02,5.28,4.41,4.61,1,True,1374.0,False,False,False,False,1.187,1624600.0,6.9,1.33,False,0.424,0.576,False,False,17.93,1873620.0,75.54,20.79,17.15,16.89,expanding,2.4,0.0432,0.0235,1.84,True,False,False,False,88.4,,False,10.7,0.891,1.11,False,-0.1,0.93,False,34.5,10.8,43.0,57.6,neutral,bearish,0,False,False,9.316,True,False,8,67.1,,,,,True,False,False,minervini,1.0,True,True
NBR,88.63999938964844,-2.17,0.11,3.95,14.96,-19.88,155.96,-8.34,6.32,-15.91,14.26,87.4,51.12,False,False,1222289996.1722336,Industrial services,Contract drilling,NYSE,Nabors Industries Ltd.,"Russell 2000, PHLX Oil Service Sector, Russell 3000, Mini-Russell 2000",4.324,4.88,88.539,84.444,0.02,0.97,0.02,1.02,0.11,4.97,False,False,False,97.188,93.093,4.57,23009060.17399597,271922.0,True,2B,100,5.854,3.95,4.43,14.96,4.79,4.72,4.36,1,True,1535.0,False,False,False,False,0.747,203140.0,-9.56,-4.08,False,1.2244,0.0,False,False,-28.09,271922.0,51.42,21.36,22.87,16.65,bullish,3.35,0.0224,0.0224,1.0,True,False,False,False,83.1,,False,74.5,0.586,0.78,False,-0.85,0.72,False,35.3,10.0,63.2,41.3,deceleration,bearish,0,False,False,88.675,True,False,8,67.0,False,False,True,1.0,True,False,False,minervini,1.0,True,True
WSM,237.7700042724609,-1.0,-0.42,2.46,18.01,-5.56,41.46,-1.1,4.86,23.93,18.64,72.7,50.85,False,False,28163811969.12434,Retail trade,Specialty stores,NYSE,"Williams-Sonoma, Inc.","S&P 500, S&P 500 Consumer Discretionary, S&P 500 ESG, Russell 3000, Russell 1000, STOXX Global 1800, STOXX North America 600, STOXX USA 500, STOXX Global 1800 ex Asia/Pacific, STOXX Global 1800 ex Europe, STOXX Developed Markets 2400, STOXX USA 500",6.627,2.79,238.775,233.05,-0.15,0.71,-0.15,0.73,-0.42,2.03,False,False,False,252.029,246.304,2.53,243510736.6121521,1051306.0,True,2B,100,2.698,2.46,15.09,18.01,2.59,2.4,2.67,1,True,1620.0,False,False,False,False,1.157,801280.0,-1.54,0.08,False,0.4068,0.593,False,False,33.03,1051306.0,57.75,31.09,20.93,23.21,bullish,3.2,0.0495,0.0495,1.0,True,False,False,False,76.2,,False,83.5,0.351,0.86,False,-0.07,0.97,False,27.5,15.7,47.8,23.1,neutral,bearish,0,False,False,239.016,False,False,8,66.8,False,False,True,1.0,True,False,False,minervini,1.0,True,True
CFFN,8.529999732971191,-1.14,-1.46,0.12,15.29,-6.3,49.18,-2.18,-0.45,11.12,20.11,74.6,44.21,False,False,1075008152.5862882,Finance,Savings banks,NASDAQ,"Capitol Federal Financial, Inc.","NASDAQ Composite, Russell 2000, NASDAQ Bank, Russell 3000, Mini-Russell 2000",0.179,2.1,8.656,8.608,-0.71,-0.43,-0.7,-0.43,-1.46,-0.9,False,False,False,9.014,8.966,2.24,7275954.720005035,854016.0,True,2B,100,4.0,0.12,10.49,15.29,2.01,1.77,2.08,1,True,1620.0,False,False,False,False,0.707,831440.0,-2.29,0.0,False,0.7703,0.23,False,False,-19.13,854016.0,33.87,16.03,25.36,16.93,transitioning,0.95,0.0406,0.0401,1.01,False,False,False,False,71.4,,False,2.0,0.364,0.06,False,-0.71,0.74,False,48.7,19.9,76.2,59.7,deceleration,neutral,0,False,False,8.659,False,False,8,66.6,True,False,True,2.0,True,False,False,minervini,1.0,True,True
FDX,334.04998779296875,1.94,3.14,4.55,17.18,-1.56,88.52,0.77,6.06,5.56,8.88,80.5,60.99,False,False,76003408795.89421,Transportation,Air freight/Couriers,NYSE,FedEx Corporation,"S&P 500, Dow Jones Transportation Average, S&P 500 Industrials, S&P 100, Russell 3000, Dow Jones Composite Average, Russell 1000, STOXX Global 1800, STOXX North America 600, STOXX USA 500, STOXX Global 1800 ex Asia/Pacific, STOXX Global 1800 ex Europe, STOXX Developed Markets 2400, STOXX USA 500",8.013,2.4,323.875,317.649,1.27,2.05,1.31,2.15,3.14,5.16,True,False,False,339.901,333.675,2.23,588468739.7617798,1841148.0,True,2B,100,4.745,4.55,9.56,17.18,2.48,2.38,2.48,1,True,1620.0,False,False,False,False,0.973,1460040.0,0.2,2.76,False,1.5327,0.0,False,False,-18.71,1841148.0,67.38,25.28,12.01,30.29,bullish,2.43,0.0267,0.0202,1.32,True,False,False,False,73.2,,True,87.7,0.803,1.81,False,-0.41,0.81,False,21.3,8.6,9.4,50.0,neutral,bearish,0,False,False,324.134,True,False,8,66.6,False,False,True,1.0,True,False,False,minervini,1.0,False,True
PEBK,44.119998931884766,-0.05,0.65,2.05,13.63,-2.5,59.83,-1.08,2.56,5.45,16.84,73.8,53.61,False,False,234898692.69488412,Finance,Regional banks,NASDAQ,"Peoples Bancorp of North Carolina, Inc.","NASDAQ Composite, Russell 2000, NASDAQ Bank, Mini-Russell 2000",1.147,2.6,43.837,43.254,0.25,0.76,0.25,0.77,0.65,2.0,False,False,False,46.13,45.548,2.41,1745075.806640625,40336.0,True,2B,100,3.856,2.05,8.72,13.63,2.85,2.49,2.7,1,True,1620.0,False,False,False,False,0.444,49520.0,-0.88,-0.47,False,0.5254,0.475,False,False,-36.3,40336.0,51.31,26.51,12.52,36.06,bullish,1.91,0.021,0.021,1.0,True,False,False,False,65.0,,False,,0.55,0.77,False,-0.66,0.48,False,41.6,17.3,43.9,71.5,neutral,neutral,0,False,False,43.863,True,False,8,66.5,False,False,True,1.0,True,False,False,minervini,1.0,True,True
HMN,51.20000076293945,-0.17,-0.72,-0.79,11.46,-5.4,24.32,-0.19,-1.73,10.12,22.84,56.5,47.77,False,False,2083668408.762581,Finance,Property/Casualty insurance,NYSE,Horace Mann Educators Corporation,"Russell 2000, Nasdaq US Small Cap Growth, Russell 3000, Mini-Russell 2000",1.351,2.64,51.57,52.121,-0.27,-0.68,-0.27,-0.67,-0.72,-1.77,False,False,False,54.272,54.823,2.59,14502406.39718628,281630.0,True,2B,100,1.859,-0.79,10.33,11.46,2.37,2.73,2.45,1,True,1620.0,False,False,False,False,0.665,245200.0,-1.25,1.19,False,1.0271,0.0,False,False,-18.38,281630.0,59.03,17.99,21.73,14.47,transitioning,0.25,0.031,0.031,1.0,False,False,False,False,70.2,,False,38.1,0.234,-0.3,False,-1.18,0.58,False,32.7,26.5,25.5,48.4,neutral,bearish,0,False,False,51.564,False,False,5,66.3,True,True,True,3.0,False,True,False,canslim,1.0,True,True
OC,146.97000122070312,-2.03,-1.18,3.03,20.35,-7.52,52.51,-4.45,3.25,25.86,15.06,70.7,49.23,False,False,10902728847.155216,Process industries,Containers/Packaging,NYSE,Owens Corning Inc,"PHLX Housing Sector, S&P MidCap 400, Russell 3000, Russell 1000, STOXX Developed Markets 2400",4.986,3.39,148.718,146.496,-0.35,0.1,-0.35,0.1,-1.18,0.32,False,False,False,158.691,156.469,3.14,156987355.2972412,1092398.0,True,2B,100,2.065,3.03,16.43,20.35,2.66,3.18,3.52,1,True,1620.0,False,False,False,False,0.655,721280.0,-3.31,-0.74,False,0.4947,0.505,False,False,-41.97,1092398.0,43.84,24.83,20.81,23.86,bullish,3.83,0.0597,0.0596,1.0,True,False,False,False,80.4,,False,78.0,0.494,0.87,False,-0.69,0.51,False,34.3,18.3,0.0,90.0,neutral,bullish,0,False,False,148.908,False,False,8,66.3,False,False,True,1.0,True,False,False,minervini,1.0,True,True
OBT,38.2599983215332,-0.29,-0.03,1.77,16.48,-2.37,66.1,-1.19,1.51,12.97,14.13,77.0,51.35,False,False,495422067.2634861,Finance,Regional banks,NASDAQ,"Orange County Bancorp, Inc.","NASDAQ Composite, Russell 2000, NASDAQ Bank, Russell 3000, Mini-Russell 2000",0.988,2.58,38.271,37.893,-0.01,0.37,-0.01,0.38,-0.03,0.97,False,False,False,40.247,39.869,2.48,2786815.9794006348,74510.0,True,2B,100,4.653,1.77,10.42,16.48,2.52,2.29,2.97,1,True,1620.0,False,False,False,False,0.786,45060.0,-1.42,0.71,False,0.4512,0.549,False,False,-42.82,74510.0,56.94,19.35,15.52,22.36,bullish,1.77,0.0296,0.0296,1.0,True,False,False,False,70.1,,False,,0.331,0.67,False,-0.54,0.53,False,39.8,15.9,41.0,70.6,neutral,neutral,0,False,False,38.291,False,False,8,66.2,False,False,True,1.0,True,False,False,minervini,1.0,True,True
STBA,50.25,-0.63,-0.7,1.12,15.62,-5.14,49.93,-0.75,-2.26,12.83,18.69,70.6,47.94,False,False,1772221414.1015291,Finance,Regional banks,NASDAQ,"S&T Bancorp, Inc.","NASDAQ Composite, Russell 2000, NASDAQ Bank, Russell 3000, Mini-Russell 2000",0.814,1.62,50.604,50.248,-0.44,0.0,-0.43,0.0,-0.7,0.0,False,False,False,52.232,51.875,1.54,13416165.099937439,270558.0,True,2B,100,3.853,1.12,11.77,15.62,1.51,1.41,1.85,1,True,1620.0,False,False,False,False,0.835,201920.0,-1.22,-0.26,False,0.6701,0.33,False,False,-10.12,270558.0,33.57,22.47,21.32,16.4,transitioning,1.52,0.0348,0.0348,1.0,False,False,False,False,70.9,,False,23.1,0.176,0.69,False,-0.71,0.72,False,33.8,13.3,4.9,90.0,neutral,bullish,0,False,False,50.622,False,False,8,66.0,False,False,True,1.0,True,False,False,minervini,1.0,False,True
AEF,9.270000457763672,0.17,1.27,1.4,15.82,-5.78,68.98,-1.59,8.04,1.36,14.1,75.4,53.26,False,False,380435118.0,Miscellaneous,Investment trusts,NYSE Arca,"abrdn Emerging Markets ex-China Fund, Inc.",,0.238,2.57,9.154,9.045,0.49,0.95,0.49,0.97,1.27,2.49,False,False,False,9.63,9.52,2.17,1159713.2043895721,126162.0,True,2B,100,3.69,1.4,8.87,15.82,1.94,1.89,2.54,1,True,1620.0,False,False,False,False,0.524,77480.0,0.22,-1.28,False,0.5148,0.485,False,True,-65.67,126162.0,52.23,28.23,28.22,9.51,bullish,1.92,0.021,0.02,1.05,True,False,False,False,72.2,,False,,0.77,0.54,False,-1.31,0.4,False,63.0,33.3,75.5,90.0,deceleration,bullish,0,False,False,9.16,True,False,8,66.0,True,False,True,2.0,True,False,False,minervini,1.0,False,True
WSBC,40.72999954223633,-1.78,-1.57,1.65,15.52,-4.61,41.24,-4.12,-1.26,19.16,17.56,73.7,45.36,False,False,3731805739.878064,Finance,Regional banks,NASDAQ,"WesBanco, Inc.","NASDAQ Composite, Russell 2000, NASDAQ Bank, Russell 3000, Mini-Russell 2000, STOXX Developed Markets 2400",0.757,1.86,41.381,40.839,-0.86,-0.14,-0.85,-0.14,-1.57,-0.27,False,False,False,42.895,42.353,1.66,54877797.04803467,1412558.0,True,2B,100,3.368,1.65,12.26,15.52,1.9,1.58,2.04,1,True,1620.0,False,False,False,False,0.71,693540.0,-4.32,-0.32,False,0.5897,0.41,False,False,-37.34,1412558.0,50.2,23.56,24.39,17.82,transitioning,2.42,0.0516,0.0477,1.08,False,False,False,False,80.0,,False,21.2,0.084,0.87,False,-0.39,0.38,False,61.0,10.0,100.0,90.0,acceleration,bullish,0,False,False,41.413,False,False,8,65.6,True,False,True,2.0,True,False,False,minervini,1.0,True,True
IEX,233.69000244140625,-0.58,0.12,2.63,15.68,-2.84,48.9,-2.79,4.67,12.3,13.86,73.5,52.92,False,False,16815480384.448942,Producer manufacturing,Industrial machinery,NYSE,IDEX Corporation,"S&P 500, S&P 500 Industrials, S&P 500 ESG, Russell 3000, Russell 1000, STOXX Global 1800, STOXX North America 600, STOXX Global 1800 ex Asia/Pacific, STOXX Global 1800 ex Europe, STOXX Developed Markets 2400",5.208,2.23,233.406,228.882,0.05,0.92,0.05,0.94,0.12,2.1,False,False,False,243.821,239.298,2.4,160597139.62911987,705732.0,True,2B,100,3.571,2.63,10.67,15.68,2.24,2.1,2.2,1,True,1620.0,False,False,False,False,0.575,642460.0,-3.72,-0.3,False,0.2174,0.783,True,False,-24.23,705732.0,39.45,18.48,16.3,24.52,bullish,2.52,0.0299,0.0299,1.0,True,False,False,False,69.0,,False,79.0,0.494,1.15,False,-0.78,0.58,False,49.9,26.7,80.8,50.0,momentum,bearish,0,False,False,233.603,True,False,8,64.8,False,False,True,1.0,True,False,False,minervini,1.0,True,True
SPB,88.33999633789062,0.25,0.2,1.7,18.89,-2.89,79.07,0.56,-0.53,13.43,12.63,81.0,51.28,False,False,2029269259.1634483,Consumer durables,Electronics/Appliances,NYSE,"Spectrum Brands Holdings, Inc.","Russell 2000, Russell 3000, Mini-Russell 2000",2.856,3.23,88.165,87.51,0.06,0.29,0.06,0.29,0.2,0.95,False,False,False,93.876,93.221,3.11,32769329.862075806,377140.0,True,2B,100,5.125,1.7,10.86,18.89,2.32,3.4,2.95,1,True,1620.0,False,False,False,False,0.698,333840.0,0.44,1.65,False,0.6684,0.332,False,False,31.6,377140.0,50.01,30.57,24.02,14.8,transitioning,1.24,0.0285,0.0285,1.0,False,False,False,False,70.7,,False,63.8,0.223,0.52,False,-0.77,0.74,False,35.5,19.2,48.0,44.9,neutral,neutral,0,False,False,88.191,False,False,8,64.7,False,True,True,2.0,True,False,False,minervini,1.0,True,True
PCVX,61.869998931884766,2.16,4.91,9.67,16.03,-2.26,104.53,2.74,13.19,30.8,2.67,82.9,60.1,False,False,8161357475.441133,Health technology,Biotechnology,NASDAQ,"Vaxcyte, Inc.","NASDAQ Composite, Russell 2000, Nasdaq US Small Cap Growth, NASDAQ Biotechnology, Russell 3000, Mini-Russell 2000, STOXX Developed Markets 2400",2.376,3.84,58.973,57.605,1.22,1.8,1.28,1.93,4.91,7.4,False,False,False,63.724,62.356,3.77,75050550.05307007,1335476.0,True,2B,100,2.899,9.67,11.04,16.03,3.4,3.51,3.83,1,True,1508.0,False,False,False,False,0.698,936100.0,3.17,-1.2,False,0.3446,0.655,False,True,-23.94,1335476.0,78.06,29.49,9.3,41.98,expanding,6.1,0.0645,0.0479,1.35,True,False,False,False,82.5,,True,57.1,0.817,2.3,False,-0.57,0.5,False,45.2,6.7,51.7,90.0,neutral,bullish,0,False,False,59.086,True,False,8,63.7,False,False,True,1.0,True,False,False,minervini,1.0,False,True
DE,648.6400146484375,4.71,5.7,6.94,16.31,-1.55,49.05,8.12,3.26,22.9,0.83,70.6,62.66,False,False,165536437634.1035,Producer manufacturing,Trucks/Construction/Farm machinery,NYSE,Deere & Company,"S&P 500, S&P 500 Industrials, S&P 500 ESG, S&P 100, Russell 3000, Russell 1000, STOXX Global 1800, STOXX North America 600, STOXX USA 500, STOXX Global 1800 ex Asia/Pacific, STOXX Global 1800 ex Europe, STOXX Global 200, STOXX Developed Markets 2400, STOXX USA 500",20.533,3.17,613.667,609.758,1.7,1.89,1.8,2.01,5.7,6.38,False,False,False,654.734,650.824,2.86,731183172.9956055,1202074.0,True,2B,100,2.889,6.94,10.82,16.31,4.5,2.93,2.73,1,True,1620.0,True,False,False,False,1.001,1927160.0,7.4,0.18,False,0.2215,0.779,True,False,11.12,1202074.0,59.28,32.09,15.67,21.25,compression_breakout,2.82,0.0496,0.0162,3.05,True,False,True,False,93.6,,True,97.1,0.852,2.05,False,0.06,1.02,False,34.8,14.6,34.0,62.8,neutral,neutral,0,False,False,614.04,True,False,8,63.4,False,False,True,1.0,True,False,False,minervini,1.0,True,True
IPAR,116.8000030517578,0.21,-0.87,0.63,21.18,-9.14,50.69,4.49,-4.69,27.09,16.78,73.2,48.53,False,False,3457823457.495592,Consumer non-durables,Household/Personal care,NASDAQ,"Interparfums, Inc.","NASDAQ Composite, Russell 2000, NASDAQ Industrials, Russell 3000, Mini-Russell 2000",4.51,3.86,117.826,119.832,-0.23,-0.67,-0.23,-0.66,-0.87,-2.53,False,False,False,126.845,128.851,3.87,35213485.351745605,304484.0,True,2B,100,2.985,0.63,15.83,21.18,3.16,4.11,3.59,1,True,1620.0,False,False,False,False,0.856,237640.0,4.57,1.04,False,0.906,0.094,False,False,-28.5,304484.0,34.53,18.13,19.99,15.9,transitioning,0.89,0.0526,0.0526,1.0,False,False,False,False,85.3,,False,75.8,0.35,0.16,False,-0.55,0.75,False,40.3,33.3,0.0,90.0,neutral,bullish,0,False,False,117.805,False,False,8,63.3,False,False,True,1.0,True,False,False,minervini,1.0,True,True
ESP,63.08000183105469,-0.68,0.86,2.53,13.45,-12.29,75.71,-1.79,10.03,9.98,10.58,75.2,52.93,False,False,201086283.29881927,Electronic technology,Electronic components,NYSE Arca,Espey Mfg. & Electronics Corp.,Nasdaq US Small Cap Growth,2.466,3.91,62.543,61.164,0.22,0.78,0.22,0.8,0.86,3.13,False,False,False,67.475,66.097,3.46,3312195.4332962036,54082.0,True,2B,100,4.665,2.53,4.98,13.45,3.45,3.37,4.4,1,True,1620.0,False,False,False,False,0.923,26920.0,-3.62,-2.62,False,0.2634,0.737,True,False,-56.04,54082.0,45.48,14.52,13.06,28.44,bullish,2.78,0.0215,0.0215,1.0,True,False,False,False,75.5,,False,,0.665,0.63,False,-0.4,0.58,False,21.0,10.7,5.8,50.0,neutral,bearish,0,False,False,62.614,True,False,8,63.1,True,True,True,3.0,True,True,False,minervini+canslim,2.0,False,True
SW,48.68999862670898,0.53,2.01,6.06,18.46,-4.14,52.9,1.84,1.18,29.13,7.36,73.3,55.16,False,False,24562568620.35653,Process industries,Containers/Packaging,NYSE,Smurfit WestRock plc,"S&P 500, S&P 500 Materials, S&P 500 ESG, Russell 3000, Russell 1000, STOXX Global 1800, STOXX North America 600, STOXX USA 500, STOXX Global 1800 ex Asia/Pacific, STOXX Global 1800 ex Europe, STOXX Developed Markets 2400, STOXX USA 500",1.644,3.38,47.733,46.246,0.58,1.49,0.59,1.56,2.01,5.28,False,False,False,51.021,49.535,3.09,252006569.93561554,5481416.0,True,2B,100,2.071,6.06,14.1,18.46,2.83,2.82,3.31,1,True,1620.0,False,False,False,False,0.976,4448180.0,2.18,-1.42,False,0.2239,0.776,True,True,-2.02,5481416.0,68.7,26.71,18.15,11.82,bullish,4.64,0.0498,0.0451,1.11,True,False,False,False,81.2,,True,45.1,0.574,1.69,False,-0.43,0.86,False,50.7,25.2,41.2,94.4,deceleration,bullish,0,False,False,47.801,True,False,8,61.9,False,False,True,1.0,True,False,False,minervini,1.0,False,True
USB,62.41999816894531,-1.4,-1.58,0.15,12.87,-4.59,41.83,-3.78,-2.42,14.82,13.97,71.4,44.59,False,False,94550579689.55788,Finance,Major banks,NYSE,U.S. Bancorp,"S&P 500, S&P 500 Financials, S&P 500 ESG, KBW NASDAQ Bank, S&P 100, Russell 3000, Russell 1000, STOXX Global 1800, STOXX North America 600, STOXX USA 500, STOXX Global 1800 ex Asia/Pacific, STOXX Global 1800 ex Europe, STOXX Developed Markets 2400, STOXX USA 500",1.126,1.8,63.422,63.219,-0.89,-0.71,-0.88,-0.7,-1.58,-1.26,False,False,False,65.674,65.47,1.7,508295858.65448,8211344.0,True,2B,100,3.418,0.15,9.48,12.87,2.1,1.69,1.82,1,True,1620.0,False,False,False,False,0.992,6456540.0,-4.23,0.6,False,0.7117,0.288,False,False,-44.66,8211344.0,47.48,21.06,25.6,23.06,transitioning,1.23,0.0447,0.0395,1.13,False,False,False,False,75.9,,False,32.1,0.208,0.08,False,-0.58,0.77,False,46.7,20.2,44.7,84.1,neutral,bullish,0,False,False,63.445,False,False,8,61.7,False,False,True,1.0,True,False,False,minervini,1.0,False,True
ACMR,77.34500122070312,-3.25,-5.2,-14.42,26.09,-39.05,188.28,-9.69,-8.27,5.45,18.77,93.8,44.13,False,False,7221941893.346436,Producer manufacturing,Industrial machinery,NASDAQ,"ACM Research, Inc.","NASDAQ Composite, Russell 2000, Nasdaq US Small Cap Growth, NASDAQ Computer, Russell 3000, Mini-Russell 2000, STOXX Developed Markets 2400",6.684,8.64,81.587,87.932,-0.63,-1.58,-0.6,-1.39,-5.2,-12.04,False,False,False,94.956,101.3,7.9,126478931.4331665,1347754.0,True,2B,100,6.823,-14.42,12.14,26.09,6.47,7.23,9.55,2,True,1616.0,False,False,False,False,0.665,1125180.0,-4.27,-2.6,False,1.262,0.0,False,False,-4.38,1347754.0,28.01,23.79,21.94,7.24,bearish,4.0,0.0404,0.0299,1.35,False,True,False,False,89.3,,False,83.6,0.476,-1.95,False,-0.92,0.52,False,25.0,10.0,0.0,70.0,deceleration,neutral,0,False,False,81.422,False,False,6,61.3,True,True,True,3.0,False,True,False,canslim,1.0,False,True
EGBN,28.11000061035156,-0.2,0.14,0.99,12.7,-3.47,78.11,-1.54,-1.13,7.37,12.43,77.5,51.31,False,False,888337267.7174525,Finance,Regional banks,NASDAQ,"Eagle Bancorp, Inc.","NASDAQ Composite, Russell 2000, NASDAQ Bank, Russell 3000, Mini-Russell 2000",0.691,2.46,28.072,27.77,0.06,0.49,0.06,0.5,0.14,1.22,False,False,False,29.454,29.152,2.33,8619383.354240417,308620.0,True,2B,100,3.962,0.99,5.56,12.7,2.08,2.13,2.72,1,True,1620.0,False,False,False,False,1.037,210960.0,-1.71,-0.46,False,0.5434,0.457,False,False,6.33,308620.0,37.93,23.32,25.65,10.96,bullish,1.23,0.0162,0.0162,1.0,True,False,False,False,57.2,,False,,0.479,0.4,False,-0.34,0.8,False,39.6,11.0,51.7,65.6,neutral,neutral,0,False,False,28.083,False,False,8,59.1,False,False,True,1.0,True,False,False,minervini,1.0,True,True
REX,42.400001525878906,-3.34,-3.8,-4.89,5.05,-17.12,41.57,-6.05,-4.53,-13.06,25.33,58.6,40.13,False,False,1453212088.2994702,Process industries,Chemicals: specialty,NYSE,REX American Resources Corporation,"Russell 2000, Nasdaq US Small Cap Growth, Russell 3000, Mini-Russell 2000",1.343,3.17,44.074,44.83,-1.25,-1.81,-1.2,-1.71,-3.8,-5.42,False,False,False,46.76,47.517,3.13,8393154.264175415,188714.0,True,2A,85,3.009,-4.89,-0.93,5.05,3.31,2.95,3.05,1,True,1620.0,False,False,False,False,0.84,145840.0,-6.63,-5.08,False,0.9711,0.029,False,False,3.28,188714.0,59.64,14.24,24.62,14.28,compression_breakout,1.52,0.0182,0.0082,2.23,False,True,True,False,66.6,,False,37.9,0.188,-1.62,False,-0.4,0.73,False,45.2,30.4,41.5,68.4,neutral,neutral,0,False,False,44.051,False,False,5,58.7,True,True,True,3.0,False,True,False,canslim,1.0,True,True
TPC,88.31999969482422,-3.58,-1.99,5.11,14.33,-10.8,51.68,-9.07,1.89,21.5,4.19,77.5,48.73,False,False,4184447294.7980623,Industrial services,Engineering & construction,NYSE,Tutor Perini Corporation,"Russell 2000, Nasdaq US Small Cap Growth, Russell 3000, Mini-Russell 2000",4.178,4.73,90.118,85.314,-0.43,0.72,-0.42,0.74,-1.99,3.52,False,False,False,98.474,93.671,4.5,66444897.41972351,781986.0,True,2B,100,3.339,5.11,9.55,14.33,4.07,4.51,3.93,1,True,1582.0,False,False,False,False,0.748,420480.0,-7.12,-3.23,False,0.7313,0.269,False,False,36.65,781986.0,55.48,22.44,25.02,18.31,bullish,4.91,0.0612,0.0547,1.12,True,False,False,False,81.9,,False,73.8,0.462,1.03,False,-0.32,0.54,False,47.7,23.4,37.9,90.0,neutral,bullish,0,False,False,90.302,False,False,8,57.2,True,False,True,2.0,True,False,False,minervini,1.0,True,True
SIGI,92.6500015258789,0.32,-0.7,-2.12,9.36,-7.07,27.69,0.6,-3.38,2.62,12.7,51.9,46.88,False,False,5765434741.152258,Finance,Property/Casualty insurance,NASDAQ,"Selective Insurance Group, Inc.","NASDAQ Composite, Russell 2000, NASDAQ Insurance, S&P MidCap 400, Russell 3000, Mini-Russell 2000, STOXX Developed Markets 2400",2.171,2.34,93.303,95.053,-0.3,-1.11,-0.3,-1.08,-0.7,-2.53,False,False,False,97.645,99.394,2.18,53483033.565460205,564170.0,True,2B,100,1.901,-2.12,7.27,9.36,2.17,1.94,2.45,1,True,1620.0,False,False,False,False,0.632,365160.0,-0.5,1.29,False,1.7442,0.0,False,False,-23.73,564170.0,39.41,17.66,22.3,17.78,transitioning,0.92,0.0233,0.0233,1.0,False,False,False,False,64.1,,False,54.6,0.441,-0.93,False,-0.65,0.5,False,33.3,13.6,49.2,43.6,neutral,neutral,0,False,False,93.25,False,False,5,57.0,True,True,True,3.0,False,True,False,canslim,1.0,True,True
GOOG,344.5899963378906,0.27,-0.34,-1.52,3.75,-13.59,67.17,0.92,7.99,-9.12,10.7,59.4,48.29,False,False,4065043637714.511,Technology services,Internet software/Services,NASDAQ,Alphabet Inc.,"S&P 500, NASDAQ 100, NASDAQ Composite, S&P 500 Communication Services, S&P 500 ESG, Nasdaq US Large Cap Growth, NASDAQ Computer, NASDAQ-100 Technology Sector, S&P 100, Russell 3000, Russell 1000, STOXX Global 1800, STOXX North America 600, STOXX USA 500, STOXX Global 1800 ex Asia/Pacific, STOXX Global 1800 ex Europe, STOXX Global 150, STOXX North America 50, STOXX Americas 100, STOXX Global 200, STOXX Developed Markets 150, STOXX Developed Markets 2400, STOXX USA 500",8.956,2.6,345.777,348.829,-0.13,-0.47,-0.13,-0.47,-0.34,-1.22,False,False,False,363.688,366.741,2.55,7222109904.230713,20727280.0,True,2B,100,2.748,-1.52,1.45,3.75,1.68,2.24,2.7,1,True,1620.0,False,False,False,False,0.924,14704920.0,1.38,0.83,False,0.5638,0.436,False,False,24.45,20727280.0,31.88,27.33,23.63,7.1,bearish,1.41,0.0121,0.0121,1.0,False,True,False,False,68.7,,False,89.5,0.35,-0.59,False,-0.39,0.79,False,37.8,21.2,51.9,45.8,neutral,neutral,0,False,False,345.612,False,False,6,56.7,True,True,True,3.0,False,True,False,canslim,1.0,False,True
OPLN,34.04999923706055,-2.45,-6.24,-11.9,5.62,-20.63,39.04,-2.96,-13.4,-3.81,29.03,57.7,35.26,False,False,4545087875.0630665,Technology services,Packaged software,NYSE,"OPENLANE, Inc.","Russell 2000, Nasdaq US Small Cap Growth, Russell 3000, Mini-Russell 2000, STOXX Developed Markets 2400",1.329,3.9,36.314,38.581,-1.7,-3.41,-1.6,-3.01,-6.24,-11.74,False,False,False,38.972,41.238,4.02,47631267.00695801,1244142.0,True,2B,100,3.332,-11.9,1.1,5.62,3.31,4.39,3.77,1,True,1620.0,False,False,False,False,0.962,1874580.0,-2.8,1.95,False,2.5044,0.0,False,False,88.72,1244142.0,36.58,8.85,31.56,40.28,bearish,6.43,0.0582,0.0582,1.0,False,True,False,False,71.0,,False,37.6,0.098,-3.46,False,0.23,1.2,False,55.1,22.3,83.9,70.0,deceleration,neutral,0,False,False,36.219,False,False,6,56.6,True,True,True,3.0,False,True,False,canslim,1.0,True,True
VTRS,16.540000915527344,1.51,0.56,0.3,16.31,-6.7,80.47,2.67,-3.34,0.08,6.14,74.0,51.17,False,False,19166226807.987556,Health technology,Pharmaceuticals: major,NASDAQ,Viatris Inc.,"S&P 500, NASDAQ Composite, S&P 500 Health Care, NASDAQ Biotechnology, Russell 3000, Russell 1000, STOXX Global 1800, STOXX North America 600, STOXX Global 1800 ex Asia/Pacific, STOXX Global 1800 ex Europe, STOXX Developed Markets 2400",0.455,2.75,16.449,16.657,0.2,-0.26,0.2,-0.26,0.56,-0.7,False,False,False,17.358,17.566,2.78,165123676.07673454,10043518.0,True,2B,100,5.013,0.3,8.65,16.31,2.06,3.03,2.9,1,True,1620.0,False,False,False,False,0.48,6306000.0,1.86,1.35,False,1.2814,0.0,False,False,-36.58,10043518.0,30.89,20.22,19.84,18.66,transitioning,0.58,0.0189,0.0189,1.0,False,False,False,False,77.4,,False,10.4,0.312,0.11,False,-1.41,0.5,False,23.7,6.7,0.0,70.0,neutral,neutral,0,False,False,16.44,False,False,8,56.2,False,False,True,1.0,True,False,False,minervini,1.0,True,True
FCNCA,2183.050048828125,-0.89,-0.64,1.73,7.77,-4.73,33.65,-2.9,1.04,9.73,11.29,52.9,49.3,False,False,23832236270.20852,Finance,Regional banks,NASDAQ,"First Citizens BancShares, Inc.","NASDAQ Composite, NASDAQ Bank, Russell 3000, Russell 1000, STOXX Global 1800, STOXX North America 600, STOXX USA 500, STOXX Global 1800 ex Asia/Pacific, STOXX Global 1800 ex Europe, STOXX Developed Markets 2400, STOXX USA 500",49.423,2.26,2197.208,2159.399,-0.29,0.48,-0.28,0.48,-0.64,1.1,False,False,False,2296.053,2258.245,2.05,166842778.07373047,78244.0,True,2B,100,2.342,1.73,7.42,7.77,2.21,2.03,2.28,1,True,1620.0,False,False,False,False,1.094,50820.0,-3.83,-0.02,False,0.5548,0.445,False,False,-45.11,78244.0,52.53,26.16,19.42,23.13,transitioning,1.65,0.0324,0.0324,1.0,False,False,False,False,63.2,,False,99.4,0.233,0.75,False,-0.58,0.74,False,52.3,18.1,80.4,70.0,acceleration,neutral,0,False,False,2198.565,False,False,7,55.6,True,True,True,3.0,False,True,False,canslim,1.0,True,True
LWAY,26.34000015258789,-0.86,-4.93,-9.25,7.18,-22.12,47.98,6.42,-13.47,4.65,21.38,42.1,41.61,False,False,449134687.31223214,Consumer non-durables,Food: meat/fish/dairy,NASDAQ,"Lifeway Foods, Inc.","NASDAQ Composite, Russell 2000, Nasdaq US Small Cap Growth, NASDAQ Industrials, NASDAQ US Benchmark Food Producers, Mini-Russell 2000",1.489,5.65,27.707,29.543,-0.92,-2.15,-0.87,-1.92,-4.93,-10.84,False,False,False,30.685,32.521,4.83,5568046.416118622,195170.0,True,2B,100,0.939,-9.25,5.34,7.18,4.21,5.24,5.1,2,True,1620.0,False,False,False,False,0.8,181620.0,2.93,1.58,False,1.5294,0.0,False,False,52.07,195170.0,42.12,20.27,27.12,28.36,bearish,5.62,0.0553,0.0553,1.0,False,True,False,False,90.7,,False,,0.334,-1.8,False,-0.36,0.7,False,26.3,13.3,0.0,70.0,neutral,neutral,0,False,False,27.638,False,False,6,52.0,True,True,True,3.0,False,True,False,canslim,1.0,True,True
NVDA,208.47999572753903,-3.65,-2.84,0.4,6.82,-11.46,26.37,-7.35,0.79,-3.07,8.97,41.9,44.65,False,False,4659226130754.958,Electronic technology,Semiconductors,NASDAQ,NVIDIA Corporation,"S&P 500, NASDAQ 100, Dow Jones Industrial Average, NASDAQ Composite, PHLX Semiconductor Sector, S&P 500 Information Technology, S&P 500 ESG, Nasdaq US Large Cap Growth, NASDAQ Computer, NASDAQ-100 Technology Sector, NASDAQ CB Insights Metaverse US, S&P 100, Russell 3000, Dow Jones Composite Average, Russell 1000, STOXX Global 1800, STOXX North America 600, STOXX USA 500, STOXX Global 1800 ex Asia/Pacific, STOXX Global 1800 ex Europe, STOXX Global 150, STOXX North America 50, STOXX Americas 100, STOXX Global 200, STOXX Developed Markets 150, STOXX Developed Markets 2400, STOXX USA 500",6.412,3.08,214.581,208.653,-0.95,-0.03,-0.92,-0.03,-2.84,-0.08,False,False,False,227.404,221.476,2.68,26627295261.163334,128839030.0,True,2B,100,1.243,0.4,4.88,6.82,2.46,2.35,2.93,1,True,1620.0,False,False,False,False,1.166,105063360.0,-5.43,-2.91,False,0.837,0.163,False,False,51.97,128839030.0,51.06,18.9,28.09,17.16,transitioning,1.92,0.0353,0.0269,1.31,False,False,False,False,70.1,,False,83.0,0.487,0.13,False,0.22,1.05,False,40.4,19.5,47.9,60.8,neutral,bullish,0,False,False,214.787,True,False,6,51.6,True,True,True,3.0,False,True,False,canslim,1.0,True,True
APH,155.5500030517578,-2.83,-3.43,-3.36,7.74,-11.78,43.86,-8.97,1.89,17.97,5.6,64.7,44.28,False,False,201413984416.2097,Electronic technology,Electronic components,NYSE,Amphenol Corporation,"S&P 500, S&P 500 Information Technology, Nasdaq US Large Cap Growth, Russell 3000, Russell 1000, STOXX Global 1800, STOXX North America 600, STOXX USA 500, STOXX Global 1800 ex Asia/Pacific, STOXX Global 1800 ex Europe, STOXX Global 200, STOXX Developed Markets 2400, STOXX USA 500",6.558,4.22,161.067,160.918,-0.84,-0.82,-0.81,-0.79,-3.43,-3.34,False,False,False,174.183,174.034,3.86,1175137989.2877502,7295022.0,True,2B,100,2.291,-3.36,6.07,7.74,3.79,3.5,3.84,1,True,1620.0,False,False,False,False,0.777,6107780.0,-5.84,-0.93,False,1.135,0.0,False,False,10.53,7295022.0,31.19,20.02,28.22,12.53,transitioning,0.08,0.0531,0.041,1.3,False,False,False,False,71.3,,False,83.4,0.433,-0.82,False,-0.87,0.72,False,33.3,16.3,43.7,45.5,neutral,neutral,0,False,False,161.086,False,False,6,48.8,True,True,True,3.0,False,True,False,canslim,1.0,False,True
CRS,477.1000061035156,-7.18,-10.33,-15.44,12.17,-22.96,105.68,-12.04,-20.97,9.9,23.97,83.3,32.62,False,False,29402950827.570423,Non-energy minerals,Other metals/Minerals,NYSE,Carpenter Technology Corporation,"Nasdaq US Mid Cap Growth, S&P MidCap 400, Russell 3000, Russell 1000, STOXX Global 1800, STOXX North America 600, STOXX USA 500, STOXX Global 1800 ex Asia/Pacific, STOXX Global 1800 ex Europe, STOXX Developed Markets 2400, STOXX USA 500",24.403,5.11,532.087,560.596,-2.25,-3.42,-2.02,-2.91,-10.33,-14.89,False,False,True,580.893,609.403,5.19,433732473.7110596,767520.0,True,2B,100,6.477,-15.44,3.79,12.17,4.21,4.73,4.87,1,True,1620.0,False,False,False,False,1.07,639640.0,-10.23,-3.1,False,2.6191,0.0,False,False,23.15,767520.0,23.7,12.61,39.79,33.47,expanding,5.26,0.0888,0.0499,1.78,False,True,False,False,69.3,,False,97.9,0.05,-3.57,False,-0.01,0.99,False,50.2,21.1,46.6,92.5,neutral,bullish,0,False,False,531.009,False,False,7,48.0,True,True,True,3.0,False,True,False,canslim,1.0,True,True
EIX,73.97000122070312,2.0,1.68,0.11,10.4,-7.97,47.48,3.74,-7.25,5.15,1.48,62.0,52.94,False,False,29117357841.686157,Utilities,Electric utilities,NYSE,Edison International,"S&P 500, PHLX Utilities Sector, S&P 500 Utilities, Russell 3000, Dow Jones Utility Average, Dow Jones Composite Average, Russell 1000, STOXX Global 1800, STOXX North America 600, STOXX USA 500, STOXX Global 1800 ex Asia/Pacific, STOXX Global 1800 ex Europe, STOXX Developed Markets 2400, STOXX USA 500",2.392,3.23,72.75,74.333,0.51,-0.15,0.52,-0.15,1.68,-0.49,False,False,False,77.533,79.117,3.23,209129641.7395935,2852236.0,True,2B,100,2.837,0.11,5.1,10.4,3.81,3.04,2.56,1,True,1620.0,True,False,False,False,0.504,2954280.0,2.03,3.32,False,0.9358,0.064,False,False,-2.62,2852236.0,66.16,21.46,17.83,19.46,transitioning,0.28,0.0157,0.0107,1.46,False,False,False,False,82.5,,False,57.4,0.491,0.03,False,-0.84,0.63,False,35.8,15.6,46.8,51.7,neutral,bearish,0,False,False,72.713,True,False,7,45.8,True,True,True,3.0,False,True,False,canslim,1.0,True,True
NBIX,153.0399932861328,-1.64,-4.4,-8.22,3.96,-17.5,24.32,-0.94,-12.93,-2.34,19.21,43.6,37.46,False,False,16944683186.543304,Health technology,Biotechnology,NASDAQ,"Neurocrine Biosciences, Inc.","NASDAQ Composite, Nasdaq US Mid Cap Growth, NASDAQ Biotechnology, S&P MidCap 400, Russell 3000, Russell 1000, STOXX Global 1800, STOXX North America 600, STOXX Global 1800 ex Asia/Pacific, STOXX Global 1800 ex Europe, STOXX Developed Markets 2400",4.742,3.1,160.077,168.06,-1.48,-3.17,-1.42,-2.88,-4.4,-8.94,False,False,False,169.561,177.543,3.52,215121504.95947266,1291646.0,True,2B,100,1.463,-8.22,3.48,3.96,1.81,2.63,3.18,1,True,1620.0,False,False,False,False,0.822,1101220.0,-1.85,0.31,False,2.1489,0.0,False,False,23.53,1291646.0,30.34,12.54,30.15,36.44,bearish,4.29,0.0373,0.0373,1.0,False,True,False,False,65.7,,False,76.8,0.114,-2.89,False,-0.14,0.93,False,40.1,35.9,15.7,70.0,neutral,neutral,0,False,False,159.77,False,False,5,45.6,True,True,True,3.0,False,True,False,canslim,1.0,True,True
UDR,38.38999938964844,1.58,0.93,-0.92,5.44,-6.22,18.07,3.09,-2.66,1.75,4.79,38.7,52.59,False,False,12990127156.31918,Finance,Real estate investment trusts,NYSE,"UDR, Inc.","S&P 500, S&P 500 Real Estate, Nasdaq US Mid Cap Growth, Russell 3000, Russell 1000, STOXX Developed Markets 2400",0.688,1.79,38.038,38.866,0.51,-0.69,0.52,-0.68,0.93,-1.22,False,False,False,39.415,40.242,1.79,131956891.27705383,3412596.0,True,2B,100,0.988,-0.92,3.82,5.44,1.5,1.56,1.82,1,True,1620.0,False,False,False,False,0.802,3033860.0,2.05,1.64,False,1.6484,0.0,False,False,1.77,3412596.0,52.24,22.44,19.64,16.73,bearish,0.89,0.0091,0.0087,1.04,False,True,False,False,79.4,,False,19.0,0.553,-0.52,False,-0.49,0.8,False,48.7,26.7,56.7,70.0,neutral,neutral,2,False,False,38.015,False,False,5,45.5,True,True,True,3.0,False,True,False,canslim,1.0,True,True
HLX,9.970000267028809,-2.21,-0.12,5.6,14.54,-5.5,63.71,-5.41,0.61,-1.09,9.92,73.4,51.57,False,False,1306516344.0778031,Industrial services,Oilfield services/Equipment,NYSE,"Helix Energy Solutions Group, Inc.","Russell 2000, Russell 3000, Mini-Russell 2000",0.35,3.51,9.982,9.555,-0.03,1.19,-0.03,1.24,-0.12,4.34,False,False,False,10.682,10.254,3.58,14356912.917358398,1534666.0,True,2B,100,3.942,5.6,6.56,14.54,3.03,3.35,3.11,1,True,1588.0,False,False,False,False,1.033,1145480.0,-6.12,-3.67,False,0.162,0.838,True,False,34.98,1534666.0,57.75,23.32,17.36,42.67,bullish,4.42,0.0358,0.0358,1.0,True,False,False,False,62.8,,False,6.1,0.607,1.51,False,0.01,1.0,False,47.8,28.3,78.6,42.9,momentum,neutral,0,False,False,9.999,True,False,8,44.6,False,False,True,1.0,True,False,False,minervini,1.0,True,True
FIX,1609.68994140625,-5.1,-6.2,-9.5,10.07,-22.07,133.94,-14.43,-7.1,-11.91,14.04,84.0,41.17,False,False,65273394312.5172,Industrial services,Engineering & construction,NYSE,"Comfort Systems USA, Inc.","S&P 500, S&P 500 Industrials, S&P 500 ESG, Nasdaq US Large Cap Growth, Russell 3000, Russell 1000, STOXX Global 1800, STOXX North America 600, STOXX USA 500, STOXX Global 1800 ex Asia/Pacific, STOXX Global 1800 ex Europe, STOXX Developed Markets 2400, STOXX USA 500",97.493,6.06,1716.146,1737.533,-1.09,-1.31,-1.02,-1.21,-6.2,-7.36,False,False,False,1911.131,1932.518,5.23,894882642.3022461,502756.0,True,2A,85,5.932,-9.5,-1.0,10.07,4.96,4.62,5.38,2,True,1620.0,False,False,False,False,1.019,418300.0,-10.88,-2.77,False,0.4562,0.544,False,False,-7.45,502756.0,29.36,18.55,31.05,15.78,compression_breakout,3.09,0.046,0.0096,4.8,False,True,True,False,64.6,,False,99.8,0.303,-1.73,False,-0.24,0.9,False,34.0,26.5,37.3,40.9,neutral,bearish,0,False,False,1714.641,False,False,6,43.4,True,True,True,3.0,False,True,False,canslim,1.0,False,True
NRIM,25.770000457763672,-1.88,-2.88,-3.83,2.67,-12.28,32.95,-4.17,-4.87,5.25,7.56,49.1,38.32,False,False,621963664.0293578,Finance,Regional banks,NASDAQ,Northrim BanCorp Inc,"NASDAQ Composite, Russell 2000, Nasdaq US Small Cap Growth, NASDAQ Bank, Russell 3000, Mini-Russell 2000",0.666,2.58,26.534,27.005,-1.15,-1.85,-1.11,-1.77,-2.88,-4.57,False,False,False,27.866,28.337,2.18,4754052.791511536,177260.0,True,2A,85,2.263,-3.83,3.02,2.67,2.75,2.27,2.96,1,True,1620.0,False,False,False,False,0.712,117360.0,-4.52,-0.12,False,1.3654,0.0,False,False,-23.29,177260.0,51.19,16.99,29.99,18.15,compression_breakout,1.13,0.0335,0.018,1.86,False,False,True,False,55.0,,False,,0.252,-1.54,False,-0.62,0.56,False,28.0,10.0,10.0,70.0,momentum,neutral,0,False,False,26.521,False,False,5,41.0,True,True,True,3.0,False,True,False,canslim,1.0,False,True
HIG,138.97999572753906,0.46,-0.04,0.96,2.8,-4.6,15.11,1.66,-1.1,2.66,-0.22,35.5,50.05,False,False,36703371215.014885,Finance,Property/Casualty insurance,NYSE,"The Hartford Insurance Group, Inc.","S&P 500, S&P 500 Financials, S&P 500 ESG, Russell 3000, Russell 1000, STOXX Global 1800, STOXX North America 600, STOXX USA 500, STOXX Global 1800 ex Asia/Pacific, STOXX Global 1800 ex Europe, STOXX Developed Markets 2400, STOXX USA 500",2.696,1.94,139.034,139.422,-0.02,-0.16,-0.02,-0.16,-0.04,-0.32,False,False,False,144.426,144.813,1.76,226417649.86791992,1647242.0,True,2B,100,1.196,0.96,2.34,2.8,1.49,1.6,1.86,1,True,1620.0,False,False,False,False,0.671,1576640.0,-0.28,2.12,False,0.9122,0.088,False,False,-43.72,1647242.0,27.24,18.43,20.24,12.88,bearish_crossover,0.04,0.0162,0.0162,1.0,False,False,False,False,71.7,,False,62.1,0.296,0.49,False,-1.12,0.6,False,31.4,6.7,25.7,70.0,neutral,neutral,0,False,False,139.024,False,False,6,39.6,True,True,True,3.0,False,True,False,canslim,1.0,True,True
PWR,616.780029296875,-6.73,-7.08,-8.0,6.34,-21.44,65.72,-14.61,-1.45,-14.73,12.36,59.9,39.7,False,False,103221879339.20578,Industrial services,Engineering & construction,NYSE,"Quanta Services, Inc.","S&P 500, S&P 500 Industrials, S&P 500 ESG, Nasdaq US Large Cap Growth, Russell 3000, Russell 1000, STOXX Global 1800, STOXX North America 600, STOXX USA 500, STOXX Global 1800 ex Asia/Pacific, STOXX Global 1800 ex Europe, STOXX Developed Markets 2400, STOXX USA 500",30.014,4.87,663.802,660.048,-1.57,-1.44,-1.46,-1.35,-7.08,-6.56,False,False,False,723.831,720.077,4.49,856002791.4133301,1274060.0,True,2A,85,4.05,-8.0,-1.5,6.34,4.77,4.12,4.08,1,True,1620.0,False,False,False,False,1.251,1332040.0,-12.94,-3.53,False,0.4431,0.557,False,False,99.45,1274060.0,28.65,19.8,31.56,11.98,compression_breakout,1.53,0.0435,0.0118,3.69,False,True,True,False,54.3,,False,98.5,0.367,-1.79,False,0.38,1.26,False,28.8,13.0,32.0,46.6,neutral,bearish,0,False,False,663.735,False,False,5,39.1,True,True,True,3.0,False,True,False,canslim,1.0,False,True
WFC,84.72000122070312,-1.39,-1.79,-1.15,0.82,-10.66,16.05,-3.22,-1.28,11.53,0.64,43.1,44.31,False,False,256627481070.1329,Finance,Major banks,NYSE,Wells Fargo & Company,"S&P 500, S&P 500 Financials, S&P 500 ESG, KBW NASDAQ Bank, S&P 100, Russell 3000, Russell 1000, STOXX Global 1800, STOXX North America 600, STOXX USA 500, STOXX Global 1800 ex Asia/Pacific, STOXX Global 1800 ex Europe, STOXX Global 150, STOXX North America 50, STOXX Americas 100, STOXX Global 200, STOXX Developed Markets 2400, STOXX USA 500",1.807,2.13,86.268,86.28,-0.86,-0.86,-0.84,-0.85,-1.79,-1.81,False,False,False,89.882,89.895,2.02,1269043888.1764069,14847368.0,True,2A,85,0.488,-1.15,2.61,0.82,2.01,1.95,2.19,1,True,1620.0,False,False,False,False,0.64,10775080.0,-4.05,1.05,False,0.9142,0.086,False,False,-54.67,14847368.0,41.77,19.72,24.77,12.84,transitioning,0.13,0.0331,0.0239,1.39,False,False,False,False,67.9,,False,48.2,0.232,-0.54,False,-1.1,0.54,False,28.5,26.7,9.4,50.0,neutral,bearish,0,False,False,86.274,False,False,4,35.5,True,True,True,3.0,False,True,False,canslim,1.0,True,True
HWM,263.2900085449219,-5.37,-6.01,-5.31,8.41,-10.03,54.29,-8.93,-8.93,2.68,2.53,62.1,35.46,False,False,107576904699.3498,Electronic technology,Aerospace & defense,NYSE,Howmet Aerospace Inc.,"S&P 500, S&P 500 Industrials, Nasdaq US Large Cap Growth, Russell 3000, Russell 1000, STOXX Global 1800, STOXX North America 600, STOXX USA 500, STOXX Global 1800 ex Asia/Pacific, STOXX Global 1800 ex Europe, STOXX Developed Markets 2400, STOXX USA 500",8.832,3.35,280.127,278.91,-1.91,-1.77,-1.79,-1.67,-6.01,-5.6,False,False,False,297.791,296.574,3.33,736449728.9428711,2661414.0,True,2B,100,3.691,-5.31,2.99,8.41,3.7,3.31,3.24,1,True,1620.0,False,False,False,False,1.109,2204660.0,-8.07,-3.09,False,1.013,0.0,False,False,58.7,2661414.0,37.89,18.18,31.91,17.13,expanding,0.33,0.0574,0.0322,1.78,False,False,False,False,46.4,,False,89.0,0.045,-1.67,False,-0.1,0.91,False,46.0,21.7,44.9,79.6,neutral,bullish,0,False,False,280.135,False,False,6,31.4,True,True,True,3.0,False,True,False,canslim,1.0,True,True
EME,764.9000244140625,-4.39,-4.37,-3.94,1.47,-18.91,31.73,-11.32,2.69,-9.85,-5.08,38.7,42.22,False,False,35467784048.78735,Industrial services,Engineering & construction,NYSE,"EMCOR Group, Inc.","S&P 500, S&P 500 Industrials, Nasdaq US Mid Cap Growth, Russell 3000, Russell 1000, STOXX Global 1800, STOXX North America 600, STOXX USA 500, STOXX Global 1800 ex Asia/Pacific, STOXX Global 1800 ex Europe, STOXX Developed Markets 2400, STOXX USA 500",29.94,3.91,799.872,786.002,-1.17,-0.7,-1.12,-0.69,-4.37,-2.68,False,False,False,859.752,845.882,3.55,359318099.60253906,453708.0,True,2A,85,1.443,-3.94,-3.85,1.47,3.11,2.96,3.48,1,True,1620.0,False,False,False,False,0.731,322740.0,-9.3,-1.51,False,0.7758,0.224,False,False,-30.11,453708.0,44.31,18.1,30.25,13.99,compression_breakout,0.71,0.0329,0.0142,2.32,False,False,True,False,60.9,,False,98.5,0.49,-1.05,False,-0.57,0.67,False,33.4,14.1,37.2,55.5,neutral,bearish,0,False,False,800.082,False,False,5,26.0,True,True,True,3.0,False,True,False,canslim,1.0,True,True
VRT,254.97000122070312,-5.32,-7.23,-12.99,0.59,-32.22,109.53,-12.81,-12.19,-22.12,3.94,68.3,39.72,False,False,116749880192.90611,Electronic technology,Electronic production equipment,NYSE,"Vertiv Holdings, LLC","S&P 500, S&P 500 Industrials, Nasdaq US Large Cap Growth, Russell 3000, Russell 1000, STOXX Global 1800, STOXX North America 600, STOXX USA 500, STOXX Global 1800 ex Asia/Pacific, STOXX Global 1800 ex Europe, STOXX Developed Markets 2400, STOXX USA 500",16.414,6.44,274.839,286.606,-1.21,-1.93,-1.12,-1.71,-7.23,-11.04,False,False,False,307.668,319.435,5.59,1753624231.608673,6085996.0,True,2A,85,3.527,-12.99,-9.23,0.59,4.92,4.65,6.19,2,True,1620.0,False,False,False,False,0.614,4840040.0,-9.26,-2.66,False,0.5535,0.447,False,False,5.62,6085996.0,49.29,20.04,31.67,15.27,expanding,5.84,0.0764,0.0327,2.34,False,True,False,False,46.3,,False,95.8,0.429,-2.32,False,-0.53,0.65,False,34.1,10.8,42.1,57.2,neutral,bearish,0,False,False,274.343,False,False,4,21.7,True,True,True,3.0,False,True,False,canslim,1.0,False,True
ESE,275.6199951171875,-6.35,-9.22,-14.42,0.42,-22.32,42.44,-10.52,-15.91,-6.74,-0.46,50.8,31.11,False,False,8805329212.538292,Electronic technology,Electronic equipment/Instruments,NYSE,ESCO Technologies Inc.,"Russell 2000, Nasdaq US Small Cap Growth, Russell 3000, Mini-Russell 2000, STOXX Developed Markets 2400",11.739,4.26,303.617,317.972,-2.38,-3.61,-2.17,-3.13,-9.22,-13.32,False,False,True,327.095,341.45,3.94,79762678.09118652,245404.0,True,2A,85,3.352,-14.42,-7.04,0.42,3.94,3.79,4.03,1,True,1620.0,False,False,False,False,1.258,225620.0,-9.15,-4.05,False,1.6434,0.0,False,False,59.14,245404.0,43.51,11.79,35.54,34.13,compression_breakout,5.86,0.0703,0.0185,3.8,False,True,True,False,31.7,,False,92.9,0.0,-3.96,False,0.1,1.06,False,33.1,27.7,33.2,40.2,deceleration,bearish,0,False,False,302.992,False,False,5,17.6,True,True,True,3.0,False,True,False,canslim,1.0,False,True
