ticker,close,pct_vs_10ema,pct_vs_21ema,pct_vs_50sma,pct_vs_200sma,pct_from_52w_high,pct_from_52w_low,gain_5d,gain_1m,gain_3m,gain_6m,rs_pct,market_cap,sector,industry,exchange,description,atr14,atr_pct,ema21,sma40,ext_21ema_atr,ext_40sma_atr,ext_21ema_alex,ext_40sma_alex,ext_21ema_pct,ext_40sma_pct,extended,very_extended,extended_below,ext_level_21ema_up,ext_level_40sma_up,adr20_pct,adv50_dollar,avg_volume50,liquidity_pass,stage,stage_score,slope200_pct,pct_vs_sma50,pct_vs_sma150,pct_vs_sma200,rti_short,rti_swing,rti,rti_zone,rti_dots,rti_low_vol_streak,rti_expansion,minervini_count,scooter_score,C_pass,A_pass,I_pass,canslim_score,in_minervini,in_canslim,in_scooter,sources,n_sources,I_accumulation,I_shares_data
QMCO,22.25,7.13,24.51,62.89,149.55,-14.78,416.24,-14.78,92.64,136.45,315.11,99.1,170533043.28306267,Electronic technology,Computer peripherals,NASDAQ,Quantum Corporation,2.105,9.46,17.87,13.577,2.08,4.12,2.59,6.75,24.51,63.89,True,False,False,22.081,17.787,8.89,26861573.8198452,1613616.0,True,2B,100,6.717,62.89,139.13,149.55,10.93,9.9,7.21,2,True,335.0,False,8,99.7,False,False,True,1.0,True,False,True,minervini+scooter,2.0,False,True
ABCL,11.31999969482422,7.41,23.58,57.02,137.83,-5.75,307.19,-0.53,99.65,120.23,272.37,98.7,2253670376.6486487,Health technology,Biotechnology,NASDAQ,AbCellera Biologics Inc.,0.812,7.17,9.16,7.614,2.66,4.56,3.29,6.78,23.58,48.67,True,False,False,10.784,9.239,6.39,64633398.12158489,8113778.0,True,2B,100,5.999,57.02,122.5,137.83,6.79,7.42,5.46,2,True,1380.0,False,8,99.7,False,False,True,1.0,True,False,True,minervini+scooter,2.0,False,True
BBGI,20.229999542236328,-5.8,-7.44,-10.12,69.68,-23.69,544.27,-10.45,-6.56,37.9,371.56,99.4,53272688.49780013,Consumer services,Broadcasting,NASDAQ,"Beasley Broadcast Group, Inc.",2.214,10.95,21.855,22.58,-0.73,-1.06,-0.68,-0.95,-7.44,-10.41,False,False,False,26.284,27.009,10.8,1048798.3102874756,45274.0,True,2B,100,15.718,-10.12,42.45,69.68,6.71,11.96,11.0,3,True,125.0,False,7,99.5,False,False,True,1.0,False,False,True,scooter,1.0,False,True
TXG,65.12000274658203,10.45,19.65,45.46,145.18,0.0,474.25,16.1,35.5,163.86,244.92,99.5,4665639971.494543,Health technology,Biotechnology,NASDAQ,"10x Genomics, Inc.",3.659,5.62,54.427,47.864,2.92,4.72,3.5,6.42,19.65,36.05,True,False,False,61.744,55.181,5.49,145167411.6103859,3248198.0,True,2B,100,18.216,45.46,119.5,145.18,5.85,5.94,4.66,1,True,1619.0,False,8,99.5,,,,,True,False,True,minervini+scooter,2.0,True,True
SLS,15.460000038146973,17.27,23.7,32.17,149.96,0.0,1012.23,20.97,25.28,104.5,272.53,99.8,2304943577.4814816,Health technology,Pharmaceuticals: major,NASDAQ,"SELLAS Life Sciences Group, Inc.",1.199,7.76,12.498,12.523,2.47,2.45,3.05,3.02,23.7,23.45,True,False,False,14.897,14.922,6.83,104842740.77557945,8527766.0,True,2B,100,19.087,32.17,107.39,149.96,9.38,7.16,8.13,2,True,650.0,False,8,99.4,False,False,True,1.0,True,False,True,minervini+scooter,2.0,True,True
ABSI,9.550000190734863,3.33,6.14,6.0,91.38,-17.81,315.22,4.03,18.34,87.62,260.38,99.0,1697806108.0930462,Health technology,Biotechnology,NASDAQ,Absci Corporation,0.707,7.41,8.997,9.305,0.78,0.35,0.83,0.36,6.14,2.63,False,False,False,10.412,10.72,6.08,46993774.38442421,5017598.0,True,2B,100,9.545,6.0,72.79,91.38,6.09,5.88,7.88,2,True,1228.0,False,8,99.3,False,False,True,1.0,True,False,True,minervini+scooter,2.0,False,True
CORT,122.25,4.91,10.38,25.63,88.69,0.0,280.25,6.8,26.47,104.81,251.09,97.5,9373941102.047903,Health technology,Pharmaceuticals: major,NASDAQ,Corcept Therapeutics Incorporated,4.464,3.65,110.754,101.12,2.57,4.73,2.84,5.72,10.38,20.9,True,False,False,119.683,110.049,3.78,109500671.84025574,1120138.0,True,2A,85,5.668,25.63,94.23,88.69,2.86,3.04,3.48,1,True,1619.0,False,7,99.3,False,False,True,1.0,False,False,True,scooter,1.0,False,True
BFLY,9.550000190734863,5.45,10.84,22.36,96.63,-1.55,587.05,8.03,44.26,113.17,220.47,99.6,2322687722.786784,Health technology,Medical specialties,NYSE,"Butterfly Network, Inc.",0.649,6.79,8.616,8.06,1.44,2.3,1.6,2.72,10.84,18.48,True,False,False,9.913,9.357,7.29,73033469.5108242,9215066.0,True,2B,100,14.715,22.36,76.75,96.63,5.66,6.92,7.35,2,True,1487.0,False,8,99.2,False,False,True,1.0,True,False,True,minervini+scooter,2.0,True,True
BLZE,15.800000190734863,-9.91,-6.7,8.16,113.47,-22.66,377.34,-16.93,23.82,114.38,259.09,98.5,873600005.4247392,Electronic technology,Computer peripherals,NASDAQ,"Backblaze, Inc.",1.652,10.45,16.935,15.92,-0.69,-0.07,-0.64,-0.07,-6.7,-0.75,False,False,False,20.239,19.223,9.52,59191749.79008293,4019524.0,True,2B,100,10.446,8.16,93.17,113.47,7.04,10.36,8.42,2,True,1149.0,False,8,99.2,False,False,True,1.0,True,False,True,minervini+scooter,2.0,False,True
DELL,442.0799865722656,-2.55,-1.03,3.37,87.02,-10.6,299.91,-9.93,0.62,75.16,263.28,98.8,258981801547.26395,Electronic technology,Computer processing hardware,NYSE,Dell Technologies Inc.,30.411,6.88,446.67,431.771,-0.15,0.34,-0.15,0.35,-1.03,2.39,False,False,False,507.491,492.593,6.65,2896132850.098877,6810012.0,True,2B,100,13.988,3.37,62.52,87.02,5.94,6.31,6.59,2,True,1619.0,False,8,99.1,True,True,True,3.0,True,True,True,minervini+canslim+scooter,3.0,True,True
ORKA,107.95999908447266,0.94,5.44,18.08,96.92,-4.53,644.04,-2.77,17.41,83.95,233.83,99.6,5464276383.407596,Health technology,Pharmaceuticals: major,NASDAQ,"Oruka Therapeutics, Inc.",5.506,5.1,102.391,95.4,1.01,2.28,1.07,2.58,5.44,13.17,True,False,False,113.404,106.413,5.08,111795828.26506042,1248988.0,True,2B,100,15.919,18.08,70.49,96.92,5.09,4.96,4.91,1,True,1619.0,False,8,99.0,False,False,True,1.0,True,False,True,minervini+scooter,2.0,False,True
ALOT,28.920000076293945,0.1,0.82,4.25,96.75,-0.1,312.55,0.03,0.84,103.95,204.1,98.5,221249646.2582572,Electronic technology,Computer peripherals,NASDAQ,"AstroNova, Inc.",0.133,0.46,28.684,28.725,1.77,1.46,1.78,1.47,0.82,0.68,False,False,False,28.951,28.992,0.31,4969416.805023193,176848.0,True,2B,100,15.075,4.25,71.97,96.75,0.12,0.2,0.61,1,True,1619.0,False,8,98.9,False,False,True,1.0,True,False,True,minervini+scooter,2.0,False,True
TBI,10.609999656677246,3.85,10.82,28.95,87.05,-2.21,220.54,3.71,39.06,90.14,185.98,97.2,212524602.2664625,Commercial services,Personnel services,NYSE,"TrueBlue, Inc.",0.547,5.15,9.574,8.61,1.89,3.66,2.1,4.51,10.82,23.23,True,False,False,10.668,9.703,4.56,2833521.6829338074,340120.0,True,2B,100,7.254,28.95,78.45,87.05,4.24,4.89,4.67,1,True,1619.0,False,8,98.8,False,False,True,1.0,True,False,True,minervini+scooter,2.0,True,True
RRGB,9.989999771118164,5.95,13.93,33.6,107.25,-5.67,285.71,-1.48,40.11,114.38,166.4,97.4,138562390.68786982,Consumer services,Restaurants,NASDAQ,"Red Robin Gourmet Burgers, Inc.",0.665,6.66,8.768,7.889,1.84,3.16,2.09,4.0,13.93,26.64,True,False,False,10.098,9.219,6.28,2723075.8238420486,345850.0,True,2B,100,5.207,33.6,98.32,107.25,6.99,7.12,5.78,2,True,1602.0,False,8,98.8,False,False,True,1.0,True,False,True,minervini+scooter,2.0,False,True
MXL,66.61000061035156,-6.58,-9.18,-18.62,47.74,-47.97,410.42,-21.49,-26.99,-33.17,260.64,99.1,8650139797.1483,Electronic technology,Semiconductors,NASDAQ,"MaxLinear, Inc",8.072,12.12,73.341,80.429,-0.83,-1.71,-0.76,-1.42,-9.18,-17.18,False,False,False,89.486,96.574,9.36,295878803.05661774,3550022.0,True,2B,100,13.483,-18.62,22.16,47.74,9.8,9.28,12.99,3,True,1619.0,False,6,98.7,False,False,True,1.0,False,False,True,scooter,1.0,True,True
CADL,13.130000114440918,9.07,16.39,30.36,88.12,-2.74,197.06,12.03,33.16,65.57,157.2,97.6,717315677.7191129,Health technology,Biotechnology,NASDAQ,"Candel Therapeutics, Inc.",0.755,5.75,11.281,10.427,2.45,3.58,2.85,4.51,16.39,25.92,True,False,False,12.791,11.938,5.18,16191832.470427513,1627376.0,True,2B,100,8.248,30.36,74.36,88.12,8.08,5.54,4.91,1,True,1225.0,True,8,98.5,False,False,True,1.0,True,False,True,minervini+scooter,2.0,True,True
MRVL,237.0399932861328,3.98,7.26,1.38,63.47,-25.07,281.23,6.77,13.24,24.34,198.46,97.9,233370400846.74216,Electronic technology,Semiconductors,NASDAQ,"Marvell Technology, Inc.",18.364,7.75,220.991,219.973,0.87,0.93,0.94,1.0,7.26,7.76,False,False,False,257.72,256.702,6.07,8638880985.213501,34260984.0,True,2B,100,9.255,1.38,44.2,63.47,6.73,6.01,7.0,2,True,1619.0,False,7,98.5,False,False,True,1.0,False,False,True,scooter,1.0,False,True
STRZ,27.459999084472656,4.36,4.68,1.5,58.5,-9.1,217.46,5.62,12.82,26.49,197.83,96.2,486555804.62092495,Consumer services,Movies/Entertainment,NASDAQ,Starz Entertainment Corp.,1.963,7.15,26.232,26.885,0.63,0.29,0.65,0.3,4.68,2.14,False,False,False,30.159,30.811,6.9,4835115.158878326,178882.0,True,2B,100,9.086,1.5,41.7,58.5,5.57,6.91,7.19,2,True,276.0,False,8,98.4,False,False,True,1.0,True,False,True,minervini+scooter,2.0,True,True
AEHR,101.7300033569336,-9.87,-4.64,6.91,70.62,-30.14,476.05,-24.12,14.94,11.42,202.77,99.3,2887723341.1317945,Electronic technology,Electronic production equipment,NASDAQ,Aehr Test Systems,13.771,13.54,106.68,92.203,-0.36,0.69,-0.34,0.76,-4.64,10.33,False,False,False,134.223,119.745,12.17,243875290.17773438,2594110.0,True,2B,100,14.945,6.91,41.65,70.62,13.68,13.45,10.66,3,True,1619.0,True,7,98.4,False,False,True,1.0,False,False,True,scooter,1.0,False,True
DFTX,44.90999984741211,0.45,2.0,7.9,91.38,-7.31,405.74,5.35,4.61,98.28,162.17,99.2,4902551865.170797,Health technology,Pharmaceuticals: major,NASDAQ,"Definium Therapeutics, Inc.",2.763,6.15,44.029,44.391,0.32,0.19,0.33,0.19,2.0,1.17,False,False,False,49.554,49.916,5.9,131506981.7495575,3157116.0,True,2B,100,15.356,7.9,65.85,91.38,4.98,5.99,5.95,2,True,952.0,False,8,98.3,False,False,True,1.0,True,False,True,minervini+scooter,2.0,False,True
SLN,13.270000457763672,-1.03,4.31,23.4,81.55,-14.0,208.6,-3.28,15.9,104.47,165.4,97.7,472346115.0,Commercial services,Miscellaneous commercial services,NASDAQ,Silence Therapeutics Plc - American Depository Share,1.051,7.92,12.721,11.574,0.52,1.61,0.54,1.85,4.31,14.66,False,False,False,14.823,13.675,7.87,14493711.276551247,1131594.0,True,2B,100,9.229,23.4,73.86,81.55,5.38,7.58,6.78,2,True,1447.0,False,8,98.3,False,False,True,1.0,True,False,True,minervini+scooter,2.0,False,True
MAN,61.45000076293945,4.86,10.48,32.65,85.35,0.0,144.2,5.4,23.02,118.41,119.4,96.9,1683565896.0130138,Commercial services,Personnel services,NYSE,ManpowerGroup,2.383,3.88,55.623,49.572,2.45,4.98,2.7,6.18,10.48,23.96,True,False,False,60.388,54.337,3.45,63874682.0500412,1384184.0,True,2B,100,7.604,32.65,76.57,85.35,3.53,3.36,3.52,1,True,1619.0,False,8,98.2,False,False,True,1.0,True,False,True,minervini+scooter,2.0,False,True
APPS,10.869999885559082,-6.41,-3.74,3.59,76.64,-24.46,285.46,-12.62,35.37,143.72,158.19,98.2,1335728094.847441,Technology services,Packaged software,NASDAQ,"Digital Turbine, Inc.",0.999,9.19,11.292,10.737,-0.42,0.13,-0.41,0.13,-3.74,1.24,False,False,False,13.29,12.735,8.82,48246163.82414436,4406904.0,True,2B,100,8.172,3.59,67.25,76.64,6.31,9.96,8.66,2,True,1619.0,False,8,98.2,False,False,True,1.0,True,False,True,minervini+scooter,2.0,False,True
HPE,53.45000076293945,-1.91,0.97,9.02,69.04,-10.65,171.11,-8.96,12.2,57.81,152.47,97.3,57880936113.3018,Electronic technology,Computer processing hardware,NYSE,Hewlett Packard Enterprise Company,2.926,5.47,52.936,49.279,0.18,1.43,0.18,1.55,0.97,8.47,False,False,False,58.788,55.131,5.37,955959837.7697067,19614100.0,True,2B,100,10.047,9.02,54.58,69.04,4.75,5.49,4.88,1,True,1619.0,False,8,98.1,False,False,True,1.0,True,False,True,minervini+scooter,2.0,True,True
LCUT,9.170000076293944,-1.94,0.42,5.73,56.24,-7.37,215.27,-6.71,8.69,8.95,162.04,96.6,174040872.36602873,Consumer durables,Home furnishings,NASDAQ,"Lifetime Brands, Inc.",0.658,7.17,9.132,8.714,0.06,0.69,0.06,0.73,0.42,5.24,False,False,False,10.447,10.029,7.35,1948504.2009372711,229246.0,True,2B,100,10.727,5.73,39.12,56.24,7.45,8.03,6.82,2,True,1619.0,False,8,98.0,False,False,True,1.0,True,False,True,minervini+scooter,2.0,True,True
OSCR,32.040000915527344,2.98,5.05,6.87,62.49,-2.2,195.3,-2.2,10.79,44.72,142.18,95.6,7921220840.80537,Health services,Managed health care,NYSE,"Oscar Health, Inc.",1.8,5.62,30.5,30.278,0.86,0.98,0.9,1.04,5.05,5.82,False,False,False,34.099,33.878,5.48,170028944.62895584,5707450.0,True,2B,100,5.543,6.87,52.61,62.49,5.07,5.33,5.39,2,True,1326.0,False,8,97.9,False,False,True,1.0,True,False,True,minervini+scooter,2.0,False,True
ATEX,93.25,2.05,0.21,-0.84,86.23,-13.82,418.34,1.88,-7.14,55.42,159.6,98.9,1748428003.0596294,Communications,Wireless telecommunications,NASDAQ,Anterix Inc.,7.148,7.66,93.052,97.67,0.03,-0.62,0.03,-0.59,0.21,-4.53,False,False,False,107.347,111.965,7.45,43093597.93006897,464914.0,True,2B,100,17.038,-0.84,56.2,86.23,6.07,7.77,8.06,2,True,1619.0,False,7,97.9,True,False,True,2.0,False,False,True,scooter,1.0,False,True
SYRE,106.48999786376952,0.85,3.17,9.83,82.12,-2.23,618.56,2.76,6.5,43.29,146.45,99.3,7632477090.303146,Health technology,Pharmaceuticals: major,NASDAQ,"Spyre Therapeutics, Inc.",5.614,5.27,103.216,99.278,0.58,1.28,0.6,1.38,3.17,7.26,False,False,False,114.445,110.507,5.26,124094553.82745361,1307196.0,True,2B,100,16.108,9.83,56.37,82.12,4.43,5.03,5.11,2,True,832.0,False,8,97.8,False,False,True,1.0,True,False,True,minervini+scooter,2.0,True,True
PBF,73.52999877929688,3.11,8.19,28.24,74.42,-2.22,239.99,2.34,19.13,88.9,117.83,97.5,5100278469.637739,Energy minerals,Oil refining/Marketing,NYSE,PBF Energy Inc.,4.045,5.5,67.965,61.724,1.38,2.92,1.49,3.48,8.19,19.13,True,False,False,76.054,69.813,5.82,176809134.70708466,3046292.0,True,2B,100,9.938,28.24,61.09,74.42,5.34,5.46,4.58,1,True,1589.0,False,8,97.7,False,False,True,1.0,True,False,True,minervini+scooter,2.0,False,True
NSP,52.790000915527344,1.57,3.34,13.02,48.83,-2.3,170.1,1.13,10.03,74.17,137.19,93.0,1581730888.4644625,Commercial services,Miscellaneous commercial services,NYSE,"Insperity, Inc.",2.632,4.99,51.082,49.223,0.65,1.36,0.67,1.45,3.34,7.25,False,False,False,56.347,54.487,5.12,30820731.12034607,673694.0,True,2A,85,2.477,13.02,48.86,48.83,3.72,4.77,4.98,1,True,1619.0,False,7,97.7,False,False,True,1.0,False,False,True,scooter,1.0,True,True
DK,71.47000122070312,7.52,10.7,23.41,65.96,0.0,222.75,9.16,10.74,70.4,111.29,96.7,2930770252.2153907,Energy minerals,Oil refining/Marketing,NYSE,"Delek US Holdings, Inc.",3.704,5.18,64.56,61.314,1.87,2.74,2.06,3.2,10.7,16.56,True,False,False,71.969,68.723,5.12,77116567.16014862,1318802.0,True,2B,100,7.547,23.41,55.44,65.96,6.11,5.57,4.17,1,True,1619.0,False,8,97.5,False,False,True,1.0,True,False,True,minervini+scooter,2.0,True,True
PANW,357.8699951171875,-2.12,-0.43,6.56,58.35,-9.63,152.61,-6.87,9.9,41.5,140.67,94.1,247922996901.84927,Technology services,Packaged software,NASDAQ,"Palo Alto Networks, Inc.",15.399,4.3,359.415,348.569,-0.1,0.6,-0.1,0.62,-0.43,2.67,False,False,False,390.213,379.367,4.16,2199002963.3587036,6596830.0,True,2B,100,6.805,6.56,51.1,58.35,4.48,4.3,4.35,1,True,1619.0,False,8,97.5,False,False,True,1.0,True,False,True,minervini+scooter,2.0,True,True
FRD,41.709999084472656,-3.32,1.96,14.1,73.36,-13.25,145.99,-9.03,22.46,103.4,131.82,97.4,244710909.400178,Non-energy minerals,Steel,NASDAQ,Friedman Industries Inc.,2.849,6.83,40.909,37.098,0.28,1.62,0.29,1.82,1.96,12.43,False,False,False,46.608,42.796,6.84,3814590.4926223755,103042.0,True,2B,100,9.013,14.1,64.63,73.36,7.09,6.81,6.11,2,True,1619.0,True,8,97.4,True,False,True,2.0,True,False,True,minervini+scooter,2.0,False,True
GEO,32.709999084472656,4.27,5.5,8.0,57.71,0.0,146.68,4.77,5.28,41.54,146.68,94.3,4056651156.355949,Commercial services,Miscellaneous commercial services,NYSE,Geo Group Inc (The) REIT,1.244,3.8,31.005,30.591,1.37,1.7,1.45,1.82,5.5,6.93,False,False,False,33.493,33.079,3.91,61347640.433662415,2029520.0,True,2B,100,7.091,8.0,46.9,57.71,3.35,4.35,3.59,1,True,1619.0,False,8,97.4,True,False,True,2.0,True,False,True,minervini+scooter,2.0,True,True
DRTS,14.920000076293944,5.28,9.73,20.72,80.9,0.0,375.16,4.7,12.69,36.13,103.83,98.7,957545924.6410028,Health technology,Medical specialties,NASDAQ,Alpha Tau Medical Ltd.,0.747,5.0,13.598,12.974,1.77,2.61,1.94,3.0,9.73,15.0,True,False,False,15.091,14.467,4.72,8382056.2676410675,676722.0,True,2B,100,12.636,20.72,58.3,80.9,4.1,4.53,5.19,2,True,1063.0,False,8,97.3,False,False,False,0.0,True,False,True,minervini+scooter,2.0,True,True
SNDK,1596.0799560546875,3.76,6.6,-3.51,69.94,-31.65,3407.87,-2.74,-0.88,3.49,145.56,99.9,309612757718.1487,Electronic technology,Computer peripherals,NASDAQ,Sandisk Corporation,154.476,9.68,1497.31,1552.934,0.64,0.28,0.68,0.29,6.6,2.78,False,False,False,1806.261,1861.886,8.35,23367682991.196045,14606748.0,True,2B,100,14.983,-3.51,36.71,69.94,6.69,7.45,9.47,2,True,333.0,False,6,97.3,False,False,True,1.0,False,False,True,scooter,1.0,True,True
HNGE,88.41999816894531,1.79,4.2,9.2,62.36,-3.44,183.67,-0.08,15.3,60.41,114.04,94.5,6110708717.702822,Technology services,Packaged software,NYSE,"Hinge Health, Inc.",4.346,4.92,84.859,84.02,0.82,1.01,0.85,1.07,4.2,5.24,False,False,False,93.552,92.713,5.03,156667866.5767517,1945914.0,True,2B,100,6.433,9.2,55.16,62.36,4.84,5.58,4.73,1,True,265.0,False,8,97.2,False,False,True,1.0,True,False,True,minervini+scooter,2.0,True,True
PENG,52.619998931884766,-6.02,-7.98,-14.89,49.69,-35.35,224.01,-17.52,-9.91,7.81,175.21,96.5,3160554702.017073,Electronic technology,Semiconductors,NASDAQ,"Penguin Solutions, Inc.",5.177,9.84,57.185,61.137,-0.88,-1.65,-0.81,-1.42,-7.98,-13.93,False,False,False,67.538,71.491,7.89,224811663.01425934,3446752.0,True,2B,100,10.251,-14.89,31.1,49.69,6.74,7.6,11.89,3,True,1619.0,False,6,97.2,True,False,True,2.0,False,False,True,scooter,1.0,True,True
AXTI,70.73999786376953,-6.48,-1.53,3.85,35.94,-49.77,2752.42,-13.35,33.65,-41.55,138.34,99.9,4589436423.585288,Electronic technology,Electronic production equipment,NASDAQ,AXT Inc,10.461,14.79,71.842,63.256,-0.11,0.72,-0.1,0.8,-1.53,11.83,False,False,False,92.763,84.177,14.16,766501069.8286209,10993024.0,True,2B,100,13.887,3.85,9.34,35.94,14.82,15.0,12.78,3,True,16.0,False,7,97.2,False,False,True,1.0,False,False,True,scooter,1.0,True,True
MU,966.780029296875,2.5,4.19,0.23,69.33,-20.32,736.28,-0.5,-2.37,26.88,125.92,99.4,1276967111827.1174,Electronic technology,Semiconductors,NASDAQ,"Micron Technology, Inc.",66.739,6.9,927.866,936.002,0.58,0.46,0.61,0.48,4.19,3.29,False,False,False,1061.345,1069.481,6.1,44571854855.88599,45766358.0,True,2B,100,13.76,0.23,43.52,69.33,4.48,5.01,6.62,2,True,1619.0,False,8,97.1,True,False,True,2.0,True,False,True,minervini+scooter,2.0,True,True
REPL,14.770000457763672,4.08,13.62,32.32,78.8,-5.2,768.82,-1.34,41.2,182.95,70.95,97.9,960319540.715184,Health technology,Biotechnology,NASDAQ,"Replimune Group, Inc.",1.344,9.1,12.999,11.442,1.32,2.48,1.5,3.2,13.62,29.08,True,False,False,15.688,14.131,9.51,54808972.87407398,5101440.0,True,2A,85,6.45,32.32,86.61,78.8,6.45,9.61,7.2,2,True,77.0,False,7,96.9,False,False,True,1.0,False,False,True,scooter,1.0,False,True
SNOW,332.7799987792969,2.23,6.11,19.43,54.21,-1.36,174.77,1.17,25.52,101.03,92.92,94.2,86289536592.08315,Technology services,Packaged software,NYSE,Snowflake Inc.,13.178,3.96,313.606,290.077,1.45,3.24,1.54,3.72,6.11,14.72,True,False,False,339.963,316.434,4.11,1490927903.4052124,5461678.0,True,2A,85,2.982,19.43,59.22,54.21,3.62,3.95,4.0,1,True,1441.0,False,7,96.9,False,False,True,1.0,False,False,True,scooter,1.0,False,True
ANIK,21.780000686645508,3.1,9.25,27.77,62.77,-1.13,159.29,1.3,48.47,45.01,104.89,96.0,200914920.45827636,Health technology,Medical specialties,NASDAQ,Anika Therapeutics Inc.,1.106,5.08,19.936,17.68,1.67,3.71,1.82,4.57,9.25,23.19,True,False,False,22.149,19.893,5.75,1751451.0940551758,96958.0,True,2B,100,8.486,27.77,48.9,62.77,4.42,5.75,3.89,1,True,1619.0,False,8,96.9,False,False,True,1.0,True,False,True,minervini+scooter,2.0,True,True
FORR,11.779999732971191,2.15,5.87,21.35,56.73,-1.75,133.27,3.51,33.11,69.01,91.86,91.4,151607720.0,Commercial services,Miscellaneous commercial services,NASDAQ,"Forrester Research, Inc.",0.569,4.83,11.127,10.374,1.15,2.47,1.21,2.8,5.87,13.55,True,False,False,12.266,11.513,5.38,1454900.6055345535,155538.0,True,2B,100,3.57,21.35,56.37,56.73,3.57,4.67,5.06,2,True,1619.0,False,8,96.8,True,False,True,2.0,True,False,True,minervini+scooter,2.0,True,True
ACHV,7.989999771118164,5.73,12.56,25.82,60.88,-6.33,201.51,5.27,29.5,73.7,87.12,96.8,618007506.3473682,Health technology,Pharmaceuticals: major,NASDAQ,"Achieve Life Sciences, Inc.",0.419,5.25,7.099,6.6,2.13,3.32,2.39,4.01,12.56,21.06,True,False,False,7.937,7.438,4.66,12215834.74700737,1966356.0,True,2B,100,5.695,25.82,58.12,60.88,5.83,4.66,5.16,2,True,1619.0,False,8,96.7,False,False,True,1.0,True,False,True,minervini+scooter,2.0,True,True
RBRK,100.08999633789062,2.92,9.12,22.21,47.52,-4.76,128.46,-2.09,37.81,54.48,99.38,89.3,14887557620.904535,Technology services,Information technology services,NYSE,"Rubrik, Inc.",4.883,4.88,91.724,84.662,1.71,3.16,1.87,3.74,9.12,18.22,True,False,False,101.49,94.428,4.65,264180500.65827942,3211584.0,True,2A,85,1.567,22.21,52.66,47.52,4.93,5.0,4.6,1,True,534.0,False,7,96.7,False,False,True,1.0,False,False,True,scooter,1.0,False,True
ZETA,29.06999969482422,3.72,10.27,28.39,48.86,-1.86,99.79,0.07,50.0,61.05,78.23,91.9,4730909261.799776,Technology services,Packaged software,NYSE,Zeta Global Holdings Corp.,1.51,5.19,26.362,23.506,1.79,3.68,1.98,4.56,10.27,23.67,True,False,False,29.381,26.526,5.16,206368852.18014526,9051460.0,True,2B,100,3.937,28.39,48.67,48.86,4.43,5.7,4.75,1,True,1257.0,False,8,96.6,False,False,True,1.0,True,False,True,minervini+scooter,2.0,True,True
EVC,8.069999694824219,-9.92,-17.0,-24.88,42.59,-40.13,323.35,-10.43,-23.36,-14.59,178.74,97.7,1107231414.4029849,Consumer services,Broadcasting,NYSE,Entravision Communications Corporation,0.709,8.78,9.723,10.918,-2.33,-4.02,-1.94,-2.97,-17.0,-26.09,False,False,True,11.14,12.336,8.14,20383195.581647873,1886592.0,True,2B,100,16.877,-24.88,22.39,42.59,5.85,8.41,8.91,2,True,1619.0,False,6,96.6,False,False,True,1.0,False,False,True,scooter,1.0,True,True
UMAC,27.43000030517578,-0.78,5.9,20.91,64.88,-19.47,253.48,-19.47,27.46,85.34,104.09,97.8,912863892.1052632,Electronic technology,Electronic equipment/Instruments,NYSE Arca,"Unusual Machines, Inc.",3.033,11.06,25.902,22.56,0.5,1.61,0.53,1.95,5.9,21.59,False,False,False,31.968,28.626,10.27,109591185.79561234,4598442.0,True,2B,100,7.421,20.91,48.77,64.88,12.22,11.06,9.23,2,True,361.0,False,8,96.5,False,False,True,1.0,True,False,True,minervini+scooter,2.0,False,True
VNCE,6.25,1.53,0.26,-2.87,53.88,-20.58,340.14,-0.79,2.97,48.81,111.15,98.0,99694998.6988564,Consumer non-durables,Apparel/Footwear,NASDAQ,Vince Holding Corp.,0.441,7.05,6.234,6.426,0.04,-0.4,0.04,-0.39,0.26,-2.73,False,False,False,7.115,7.307,6.43,1234760.696691513,186296.0,True,2B,100,8.97,-2.87,43.7,53.88,5.81,7.01,9.18,2,True,362.0,False,7,96.5,False,False,False,0.0,False,False,True,scooter,1.0,True,True
SGMT,10.25,3.43,11.57,30.11,53.09,-3.12,125.27,-2.84,46.22,46.43,92.67,88.6,431961243.419825,Health technology,Pharmaceuticals: major,NASDAQ,Sagimet Biosciences Inc. - Series A,0.588,5.74,9.187,8.176,1.81,3.53,2.02,4.42,11.57,25.36,True,False,False,10.363,9.353,6.1,10551605.91072464,1327608.0,True,2B,100,1.523,30.11,52.73,53.09,5.23,6.76,4.83,1,True,599.0,False,8,96.4,False,False,True,1.0,True,False,True,minervini+scooter,2.0,True,True
TRT,11.0,-1.6,0.1,-0.85,34.16,-45.14,328.85,-4.01,11.11,-17.36,139.13,97.3,119025280.54681028,Producer manufacturing,Industrial machinery,NYSE Arca,Trio-Tech International,0.912,8.29,10.989,10.648,0.01,0.39,0.01,0.4,0.1,3.31,False,False,False,12.813,12.471,7.36,6202187.418123245,518764.0,True,2B,100,9.528,-0.85,18.93,34.16,6.81,7.26,9.97,2,True,33.0,False,6,96.4,False,False,True,1.0,False,False,True,scooter,1.0,False,True
ARTV,10.93000030517578,-3.33,-0.76,8.06,55.88,-18.37,379.39,-4.54,7.9,36.8,133.55,97.9,237774372.91732728,Health technology,Biotechnology,NASDAQ,"Artiva Biotherapeutics, Inc.",0.805,7.36,11.014,10.352,-0.1,0.72,-0.1,0.76,-0.76,5.59,False,False,False,12.623,11.961,7.1,4901857.482051849,497988.0,True,2B,100,11.354,8.06,35.95,55.88,6.04,7.1,7.6,2,True,312.0,False,8,96.3,False,False,True,1.0,True,False,True,minervini+scooter,2.0,False,True
FCEL,19.540000915527344,-4.37,-6.24,-10.88,51.09,-45.74,398.47,-12.65,-16.14,-25.93,154.43,97.9,1622596037.8625958,Electronic technology,Electronic equipment/Instruments,NASDAQ,"FuelCell Energy, Inc.",2.737,14.01,20.84,22.322,-0.47,-1.02,-0.45,-0.89,-6.24,-12.46,False,False,False,26.313,27.796,12.45,263458623.26452637,11563966.0,True,2B,100,10.082,-10.88,33.06,51.09,11.66,11.78,15.91,—,True,1618.0,False,6,96.3,False,False,True,1.0,False,False,True,scooter,1.0,False,True
KFRC,58.38999938964844,0.25,1.32,7.47,53.4,-3.41,146.59,0.53,3.0,43.15,109.25,94.2,882862350.5032929,Commercial services,Personnel services,NYSE,"Kforce, Inc.",2.184,3.74,57.63,56.149,0.35,1.03,0.35,1.07,1.32,3.99,False,False,False,61.997,60.516,3.8,13320533.516311646,241566.0,True,2B,100,9.088,7.47,43.33,53.4,2.79,3.28,3.65,1,True,1619.0,False,8,96.2,True,False,True,2.0,True,False,True,minervini+scooter,2.0,True,True
ACRS,6.409999847412109,4.51,8.37,17.85,59.34,-0.47,266.29,10.9,16.97,41.19,97.84,97.4,698318383.9103868,Health technology,Pharmaceuticals: major,NASDAQ,"Aclaris Therapeutics, Inc.",0.316,4.94,5.915,5.655,1.56,2.39,1.7,2.71,8.37,13.35,True,False,False,6.548,6.288,5.31,10838310.624084473,1985210.0,True,2B,100,10.137,17.85,44.32,59.34,4.63,5.46,4.92,1,True,667.0,False,8,96.2,False,False,True,1.0,True,False,True,minervini+scooter,2.0,False,True
CAKE,113.33000183105467,4.24,8.91,25.92,74.46,-3.38,165.98,-0.04,34.54,87.61,80.58,96.3,3993709694.3711576,Consumer services,Restaurants,NASDAQ,The Cheesecake Factory Incorporated,4.205,3.71,104.056,93.528,2.21,4.71,2.4,5.71,8.91,21.17,True,False,False,112.465,101.937,3.75,157400713.36306763,1708364.0,True,2B,100,8.927,25.92,61.46,74.46,4.22,3.82,2.98,1,True,1619.0,False,8,96.1,False,True,True,2.0,True,False,True,minervini+scooter,2.0,False,True
CYRX,17.1299991607666,7.91,9.73,10.67,49.44,0.0,121.89,12.33,6.86,20.46,102.96,92.4,806437017.6322418,Transportation,Air freight/Couriers,NASDAQ,"CryoPort, Inc.",0.706,4.12,15.611,15.621,2.15,2.14,2.36,2.34,9.73,9.66,True,False,False,17.024,17.034,3.62,10827918.295862198,695242.0,True,2B,100,5.048,10.67,41.29,49.44,4.26,3.77,4.07,1,True,1619.0,False,8,96.1,False,False,True,1.0,True,False,True,minervini+scooter,2.0,True,True
FA,20.899999618530277,-1.63,-0.98,5.36,40.41,-13.35,133.52,-3.15,8.97,38.96,112.18,90.2,3056790242.695704,Technology services,Packaged software,NASDAQ,First Advantage Corporation,1.118,5.35,21.106,20.702,-0.18,0.18,-0.18,0.18,-0.98,0.96,False,False,False,23.343,22.939,5.03,49158475.34173775,2469530.0,True,2B,100,5.121,5.36,38.27,40.41,3.85,5.16,4.46,1,True,1248.0,False,8,96.0,,,,,True,False,True,minervini+scooter,2.0,True,True
DINO,97.31999969482422,5.1,8.6,19.88,55.7,0.0,118.23,3.9,9.91,43.18,95.75,93.8,12311009329.9072,Energy minerals,Oil refining/Marketing,NYSE,HF Sinclair Corporation,3.509,3.61,89.617,84.822,2.2,3.56,2.38,4.09,8.6,14.74,True,False,False,96.635,91.839,3.88,225344704.64855957,2755606.0,True,2B,100,6.589,19.88,45.51,55.7,3.28,3.68,3.11,1,True,1619.0,False,8,95.9,True,False,True,2.0,True,False,True,minervini+scooter,2.0,True,True
PGEN,7.199999809265137,4.59,10.14,24.59,60.17,-3.23,132.26,18.03,29.96,68.22,64.38,93.4,2089154193.5398552,Health technology,Biotechnology,NASDAQ,"Precigen, Inc.",0.419,5.82,6.537,5.98,1.58,2.91,1.74,3.5,10.14,20.4,True,False,False,7.376,6.818,6.0,32253034.534768105,5459170.0,True,2B,100,6.602,24.59,55.15,60.17,6.74,6.23,5.09,2,True,1615.0,False,8,95.9,False,False,True,1.0,True,False,True,minervini+scooter,2.0,False,True
CXW,34.0099983215332,3.54,5.69,10.11,52.87,0.0,110.85,3.63,7.46,61.03,103.17,94.3,3042797773.0224643,Commercial services,Miscellaneous commercial services,NYSE,"CoreCivic, Inc.",1.529,4.5,32.179,31.48,1.2,1.65,1.27,1.79,5.69,8.04,False,False,False,35.237,34.538,4.49,44521384.62017059,1435408.0,True,2B,100,6.476,10.11,44.66,52.87,3.79,5.14,4.02,1,True,1619.0,False,8,95.8,False,False,True,1.0,True,False,True,minervini+scooter,2.0,True,True
SILC,43.93999862670898,-0.82,0.38,1.63,55.38,-13.81,225.48,-11.23,3.95,2.76,122.14,96.7,234522430.9609684,Electronic technology,Computer communications,NASDAQ,Silicom Ltd,4.117,9.37,43.775,42.93,0.04,0.25,0.04,0.25,0.38,2.35,False,False,False,52.009,51.163,9.12,8111881.20388031,186554.0,True,2B,100,9.957,1.63,33.94,55.38,7.95,8.92,9.75,2,True,1619.0,False,8,95.8,False,False,True,1.0,True,False,True,minervini+scooter,2.0,True,True
AMD,473.25,-1.73,-3.11,-7.25,43.47,-18.53,213.12,-8.0,-12.31,5.26,136.45,95.0,850488665310.0883,Electronic technology,Semiconductors,NASDAQ,"Advanced Micro Devices, Inc.",28.4,6.0,488.451,507.088,-0.54,-1.19,-0.52,-1.11,-3.11,-6.67,False,False,False,545.25,563.887,5.32,14320440707.565063,27994636.0,True,2B,100,7.913,-7.25,29.24,43.47,3.59,4.36,6.01,2,True,1619.0,False,7,95.7,True,True,True,3.0,False,True,True,canslim+scooter,2.0,True,True
CRL,295.19000244140625,4.72,10.68,26.07,52.14,0.0,102.78,5.41,28.74,85.82,74.75,94.6,10392188558.62912,Commercial services,Miscellaneous commercial services,NYSE,"Charles River Laboratories International, Inc.",10.814,3.66,266.714,245.196,2.63,4.62,2.91,5.57,10.68,20.39,True,False,False,288.342,266.825,3.34,215571089.70291138,911152.0,True,2B,100,4.514,26.07,50.95,52.14,4.15,3.58,2.98,1,True,1619.0,False,8,95.6,False,False,True,1.0,True,False,True,minervini+scooter,2.0,True,True
RHI,44.75,3.82,7.8,20.49,55.77,0.0,109.25,3.54,18.23,68.3,82.06,92.0,3351137917.926221,Commercial services,Personnel services,NYSE,Robert Half Inc.,1.957,4.37,41.514,38.653,1.65,3.12,1.78,3.61,7.8,15.78,True,False,False,45.428,42.567,4.34,87453851.87556076,2385312.0,True,2B,100,4.824,20.49,50.8,55.77,3.44,3.98,4.06,1,True,1619.0,False,8,95.6,False,False,True,1.0,True,False,True,minervini+scooter,2.0,True,True
VAC,112.5500030517578,-1.43,1.57,9.5,53.94,-9.78,156.38,-6.98,19.96,52.34,95.32,94.5,3478952435.814848,Consumer services,Other consumer services,NYSE,Marriott Vacations Worldwide Corporation,5.214,4.63,110.808,104.502,0.33,1.54,0.34,1.66,1.57,7.7,False,False,False,121.235,114.929,4.66,49974410.05064392,477082.0,True,2B,100,6.656,9.5,41.7,53.94,3.88,5.06,3.83,1,True,1619.0,False,8,95.5,False,False,True,1.0,True,False,True,minervini+scooter,2.0,True,True
FIVN,32.75,2.0,7.48,26.74,58.76,-5.02,140.63,-0.76,50.61,49.95,69.51,89.4,1632344237.4044075,Technology services,Packaged software,NASDAQ,"Five9, Inc.",1.834,5.6,30.47,27.325,1.24,2.96,1.34,3.55,7.48,19.85,True,False,False,34.137,30.992,5.68,75160822.34244156,2887376.0,True,2B,100,4.021,26.74,57.48,58.76,3.96,6.04,4.8,1,True,1619.0,False,8,95.4,True,False,True,2.0,True,False,True,minervini+scooter,2.0,True,True
QNST,20.6200008392334,2.42,8.78,25.54,48.81,-6.36,95.27,0.59,37.65,71.83,78.99,91.2,812277509.0825827,Commercial services,Advertising/Marketing services,NASDAQ,"QuinStreet, Inc.",0.905,4.39,18.955,17.319,1.84,3.65,2.0,4.34,8.78,19.06,True,False,False,20.765,19.129,3.68,14543406.569454193,842176.0,True,2A,85,2.908,25.54,50.72,48.81,3.45,3.95,3.32,1,True,1619.0,False,7,95.3,True,False,True,2.0,False,False,True,scooter,1.0,True,True
MPC,360.7200012207031,3.23,8.24,21.55,56.03,-1.23,124.38,1.77,15.83,45.6,84.53,93.8,74169415690.0893,Energy minerals,Oil refining/Marketing,NYSE,Marathon Petroleum Corporation,10.699,2.97,333.258,308.402,2.57,4.89,2.78,5.72,8.24,16.96,True,False,False,354.655,329.8,3.12,701755523.4249573,2370182.0,True,2B,100,6.582,21.55,45.45,56.03,2.41,3.35,2.54,1,True,1619.0,False,8,95.3,True,False,True,2.0,True,False,True,minervini+scooter,2.0,True,True
KZIA,13.40999984741211,-1.05,0.33,-0.06,31.26,-14.69,168.2,-0.81,2.84,1.82,118.4,92.4,157796994.0,Health technology,Biotechnology,NASDAQ,Kazia Therapeutics Limited,1.055,7.87,13.366,13.272,0.04,0.13,0.04,0.13,0.33,1.04,False,False,False,15.476,15.383,7.82,2478745.940803528,186418.0,True,2B,100,6.127,-0.06,25.41,31.26,7.54,7.52,7.93,2,True,129.0,False,7,95.2,False,False,True,1.0,False,False,True,scooter,1.0,True,True
TRLV,11.100000381469728,12.61,17.66,21.43,41.74,-14.62,133.19,15.03,29.82,40.86,78.46,91.5,1728841444.1607983,Process industries,Agricultural commodities/Milling,NYSE,Trulieve Cannabis Corp. Subordinate Voting Shares,0.589,5.3,9.434,9.042,2.83,3.5,3.33,4.29,17.66,22.76,True,False,False,10.611,10.219,4.91,12087302.753108978,1299830.0,True,2B,100,1.747,21.43,38.07,41.74,5.3,5.03,6.14,2,True,1619.0,False,8,95.2,False,False,True,1.0,True,False,True,minervini+scooter,2.0,True,True
MCS,29.56999969482422,-0.35,3.25,15.93,56.95,-4.98,129.76,-1.43,24.35,62.09,82.11,94.3,747443548.8962425,Consumer services,Movies/Entertainment,NYSE,Marcus Corporation (The),1.117,3.78,28.639,26.098,0.83,3.11,0.86,3.52,3.25,13.3,True,False,False,30.873,28.332,4.15,8400146.335178375,318592.0,True,2B,100,9.189,15.93,47.7,56.95,3.23,3.97,3.24,1,True,1619.0,False,8,95.1,True,False,True,2.0,True,False,True,minervini+scooter,2.0,False,True
NBIS,219.1300048828125,-4.56,-1.47,-1.78,46.82,-23.57,242.07,-21.09,-0.83,-0.36,123.78,96.2,60471601180.33279,Technology services,Packaged software,NASDAQ,Nebius Group N.V.,24.703,11.27,222.397,213.312,-0.13,0.24,-0.13,0.24,-1.47,2.73,False,False,False,271.804,262.718,9.97,5048732497.77475,22744638.0,True,2B,100,6.64,-1.78,30.8,46.82,8.39,9.71,10.15,3,True,411.0,False,7,95.1,False,False,True,1.0,False,False,True,scooter,1.0,True,True
EOLS,8.390000343322754,4.67,11.88,23.05,40.88,-2.44,112.94,2.88,40.07,30.08,91.99,82.7,469544384.9510489,Health technology,Pharmaceuticals: major,NASDAQ,"Evolus, Inc. Common Stock",0.404,4.82,7.499,6.837,2.2,3.84,2.46,4.71,11.88,22.72,True,False,False,8.308,7.645,4.72,6060655.2408332825,870036.0,True,2A,85,1.196,23.05,46.91,40.88,4.57,5.16,4.19,1,True,1619.0,False,7,95.1,False,False,True,1.0,False,False,True,scooter,1.0,True,True
DCTH,17.139999389648438,3.75,10.95,26.75,57.67,-1.27,109.28,2.45,37.89,49.69,75.26,92.1,446710119.4902597,Health technology,Medical specialties,NASDAQ,"Delcath Systems, Inc.",0.722,4.21,15.449,13.933,2.34,4.44,2.6,5.46,10.95,23.02,True,False,False,16.893,15.377,4.24,7950760.359676361,564666.0,True,2B,100,4.057,26.75,51.94,57.67,3.11,4.73,3.64,1,True,1619.0,False,8,95.0,False,False,True,1.0,True,False,True,minervini+scooter,2.0,True,True
EAT,246.05999755859372,4.88,9.95,26.14,56.33,0.0,140.55,3.76,33.01,80.17,67.94,94.1,7353540745.406493,Consumer services,Restaurants,NYSE,"Brinker International, Inc.",10.206,4.15,223.786,203.248,2.18,4.19,2.4,5.08,9.95,21.06,True,False,False,244.197,223.659,4.11,208260820.17175293,1058698.0,True,2B,100,6.87,26.14,50.74,56.33,4.41,4.52,3.53,1,True,1603.0,False,8,95.0,False,True,True,2.0,True,False,True,minervini+scooter,2.0,True,True
AAOI,124.81999969482422,-4.2,-1.66,-3.17,28.13,-44.05,540.43,-16.94,11.43,-29.4,141.52,99.2,10888140572.174969,Electronic technology,Semiconductors,NASDAQ,"Applied Optoelectronics, Inc.",16.065,12.87,126.93,120.186,-0.13,0.29,-0.13,0.3,-1.66,3.86,False,False,False,159.06,152.315,11.74,1538431621.505539,11628788.0,True,2B,100,10.007,-3.17,4.1,28.13,11.77,12.52,11.16,3,True,17.0,False,6,94.9,False,False,True,1.0,False,False,True,scooter,1.0,True,True
OCC,13.850000381469728,-9.62,-11.05,-17.94,32.79,-48.55,232.93,-22.19,-12.18,27.77,135.95,95.7,162153680.60152838,Electronic technology,Telecommunications equipment,NASDAQ,Optical Cable Corporation,1.549,11.19,15.571,15.833,-1.11,-1.28,-0.99,-1.12,-11.05,-12.53,False,False,False,18.669,18.932,9.61,6179406.608472824,339528.0,True,2B,100,6.836,-17.94,18.38,32.79,9.94,9.38,13.24,3,True,1619.0,False,6,94.9,False,False,True,1.0,False,False,True,scooter,1.0,True,True
KELYA,17.09000015258789,5.17,8.88,20.52,61.74,0.0,115.88,6.9,14.0,60.9,77.09,91.9,463114772.3561181,Commercial services,Personnel services,NASDAQ,"Kelly Services, Inc.",0.614,3.59,15.696,14.844,2.27,3.66,2.47,4.21,8.88,15.13,True,False,False,16.923,16.071,3.75,5424602.765729904,388482.0,True,2B,100,3.757,20.52,52.96,61.74,2.55,3.86,3.29,1,True,1619.0,False,8,94.8,False,False,True,1.0,True,False,True,minervini+scooter,2.0,True,True
TWLO,225.3000030517578,-0.75,1.9,8.47,42.57,-11.97,125.1,-5.42,21.74,22.91,99.13,92.6,29075320013.354366,Technology services,Packaged software,NYSE,Twilio Inc.,12.577,5.58,221.089,211.478,0.33,1.1,0.34,1.17,1.9,6.54,False,False,False,246.242,236.631,5.0,466486013.5755615,2213230.0,True,2B,100,7.093,8.47,35.04,42.57,4.74,5.49,4.7,1,True,1619.0,False,8,94.8,,,,,True,False,True,minervini+scooter,2.0,True,True
ILMN,219.3999938964844,8.64,11.19,16.99,49.28,0.0,141.1,14.94,11.45,51.49,86.45,93.9,26712014621.35913,Health technology,Medical specialties,NASDAQ,"Illumina, Inc.",8.909,4.06,197.325,192.964,2.48,2.97,2.75,3.37,11.19,13.7,True,False,False,215.143,210.783,3.87,366940502.95840454,1947184.0,True,2B,100,7.159,16.99,44.15,49.28,5.06,3.84,3.48,1,True,1619.0,False,8,94.7,False,False,True,1.0,True,False,True,minervini+scooter,2.0,True,True
IRDM,48.97999954223633,-0.11,0.49,1.77,51.04,-12.1,214.6,-2.43,2.81,7.52,115.68,95.4,4601271481.330784,Communications,Specialty telecommunications,NASDAQ,Iridium Communications Inc,1.602,3.27,48.742,48.986,0.15,-0.0,0.15,-0.0,0.49,-0.01,False,False,False,51.946,52.19,3.02,107673007.88202667,2203420.0,True,2B,100,10.244,1.77,30.59,51.04,2.11,2.75,4.13,1,True,1619.0,False,8,94.7,False,True,True,2.0,True,False,True,minervini+scooter,2.0,False,True
DDOG,235.6199951171875,-3.2,-5.15,-5.53,35.2,-18.23,129.62,-7.77,-3.59,8.06,103.72,87.1,85348577297.24994,Technology services,Packaged software,NASDAQ,"Datadog, Inc.",14.649,6.22,248.405,255.19,-0.87,-1.34,-0.83,-1.23,-5.15,-7.67,False,False,False,277.704,284.488,5.9,1195885637.175354,4807462.0,True,2B,100,5.764,-5.53,29.84,35.2,4.44,5.92,5.47,2,True,1619.0,False,7,94.6,True,False,True,2.0,False,False,True,scooter,1.0,True,True
ASTC,7.510000228881836,-6.66,-9.59,-23.12,15.89,-84.92,246.08,-10.7,-0.66,214.23,168.21,98.3,16751473.69,Electronic technology,Aerospace & defense,NASDAQ,Astrotech Corporation,1.291,17.19,8.307,8.459,-0.62,-0.74,-0.56,-0.65,-9.59,-11.22,False,False,False,10.889,11.042,15.08,3677897.918255806,306700.0,True,2B,100,6.025,-23.12,0.52,15.89,7.76,16.9,20.94,—,False,0.0,False,6,94.6,False,False,False,0.0,False,False,True,scooter,1.0,False,True
CRWD,191.9499969482422,-6.35,-5.84,-0.62,38.3,-14.89,119.21,-11.52,4.65,18.45,97.58,89.0,178472855608.39038,Technology services,Packaged software,NASDAQ,"CrowdStrike Holdings, Inc.",9.339,4.87,203.866,198.788,-1.28,-0.73,-1.2,-0.71,-5.84,-3.44,False,False,False,222.543,217.465,4.64,1779836919.8266907,9320616.0,True,2B,100,5.789,-0.62,33.83,38.3,4.88,4.67,4.86,1,True,1619.0,False,7,94.4,False,False,True,1.0,False,False,True,scooter,1.0,False,True
NTAP,192.2700042724609,-1.91,1.21,11.19,52.37,-7.15,105.97,-7.15,16.78,55.59,89.15,92.9,29867991382.122063,Electronic technology,Computer peripherals,NASDAQ,"NetApp, Inc.",7.245,3.77,189.967,176.615,0.32,2.16,0.32,2.35,1.21,8.86,True,False,False,204.458,191.105,3.75,469284383.7862854,2726992.0,True,2B,100,6.242,11.19,45.9,52.37,3.46,3.81,3.59,1,True,1619.0,False,8,94.3,False,False,True,1.0,True,False,True,minervini+scooter,2.0,False,True
VLO,348.8599853515625,3.28,7.51,19.32,52.45,-0.34,153.94,2.1,14.72,45.26,75.27,94.5,77015451759.48239,Energy minerals,Oil refining/Marketing,NYSE,Valero Energy Corporation,10.797,3.09,324.505,304.042,2.26,4.15,2.43,4.76,7.51,14.74,True,False,False,346.098,325.636,3.13,844109495.7358704,2939660.0,True,2B,100,7.535,19.32,40.68,52.45,2.54,3.11,2.89,1,True,1619.0,False,8,94.3,True,False,True,2.0,True,False,True,minervini+scooter,2.0,True,True
STX,850.0,-2.72,-2.09,-4.64,50.39,-22.25,454.35,-12.68,-6.94,4.95,107.27,98.4,201783664001.17865,Electronic technology,Computer peripherals,NASDAQ,Seagate Technology Holdings PLC,69.556,8.18,868.178,860.877,-0.26,-0.16,-0.26,-0.15,-2.09,-1.26,False,False,False,1007.29,999.989,7.51,4620997710.060913,5190598.0,True,2B,100,12.394,-4.64,28.76,50.39,6.14,6.94,7.77,2,True,1619.0,False,7,94.2,True,False,True,2.0,False,False,True,scooter,1.0,False,True
STGW,8.729999542236328,-0.84,1.34,11.31,38.04,-6.63,98.41,-4.28,23.13,38.79,88.55,90.6,1744894648.3652427,Commercial services,Miscellaneous commercial services,NASDAQ,Stagwell Inc.,0.348,3.98,8.615,8.115,0.33,1.77,0.34,1.9,1.34,7.59,False,False,False,9.31,8.81,4.2,11648729.65647602,1472206.0,True,2B,100,6.186,11.31,30.61,38.04,3.6,3.98,3.92,1,True,1619.0,False,8,94.2,False,False,True,1.0,True,False,True,minervini+scooter,2.0,True,True
PARR,79.02999877929688,1.89,3.27,14.36,45.85,-8.14,162.3,-1.61,1.83,36.73,84.87,93.6,2739381833.324404,Energy minerals,Oil refining/Marketing,NYSE,"Par Pacific Holdings, Inc. Common Stock",4.772,6.04,76.527,73.234,0.52,1.21,0.54,1.31,3.27,7.91,False,False,False,86.071,82.779,6.23,69667879.8407898,1003410.0,True,2B,100,8.109,14.36,34.53,45.85,6.55,6.95,4.73,1,True,1619.0,False,8,94.1,True,False,True,2.0,True,False,True,minervini+scooter,2.0,True,True
NEO,16.979999542236328,3.86,7.21,17.73,50.24,0.0,174.76,6.52,19.24,86.39,71.69,96.1,1845100814.8543332,Health services,Medical/Nursing services,NASDAQ,"NeoGenomics, Inc.",0.722,4.25,15.838,15.153,1.58,2.53,1.7,2.84,7.21,12.06,True,False,False,17.282,16.596,4.16,43327715.69136429,3112494.0,True,2A,85,5.594,17.73,51.93,50.24,4.2,3.7,4.13,1,True,1619.0,False,7,94.0,False,False,True,1.0,False,False,True,scooter,1.0,True,True
CLMT,49.0099983215332,2.86,7.67,21.06,62.75,-3.54,230.26,2.7,14.46,49.1,74.16,97.3,3057121996.920922,Energy minerals,Oil refining/Marketing,NASDAQ,"Calumet, Inc",2.148,4.38,45.519,42.248,1.63,3.15,1.75,3.65,7.67,16.01,True,False,False,49.815,46.544,4.4,46055321.95188141,1121698.0,True,2B,100,9.414,21.06,45.65,62.75,4.42,4.96,3.62,1,True,1600.0,False,8,94.0,False,False,True,1.0,True,False,True,minervini+scooter,2.0,True,True
PBT,34.27000045776367,3.13,7.16,19.16,50.29,-0.75,122.65,4.83,17.34,14.67,78.46,91.1,1134458084.9468212,Miscellaneous,Investment trusts,NYSE,Permian Basin Royalty Trust,1.655,4.83,31.98,29.413,1.38,2.94,1.48,3.42,7.16,16.51,True,False,False,35.29,32.722,5.48,3671613.711730957,125052.0,True,2B,100,6.737,19.16,40.09,50.29,3.89,5.77,4.0,1,True,1619.0,False,8,93.9,False,False,True,1.0,True,False,True,minervini+scooter,2.0,True,True
HUM,378.8800048828125,-0.48,-0.49,-1.1,39.66,-7.46,133.21,-2.61,-3.96,25.06,101.08,87.9,46084406371.31617,Health services,Managed health care,NYSE,Humana Inc.,13.961,3.68,380.747,387.117,-0.13,-0.59,-0.13,-0.58,-0.49,-2.13,False,False,False,408.67,415.04,3.98,544772598.3981934,1430510.0,True,2B,100,3.691,-1.1,36.61,39.66,2.98,3.51,3.75,1,True,1619.0,False,7,93.8,True,False,True,2.0,False,False,True,scooter,1.0,True,True
PKOH,45.70000076293945,-1.8,2.05,14.45,59.52,-12.97,150.88,-7.49,20.11,51.25,70.47,95.8,562392446.1206896,Producer manufacturing,Metal fabrication,NASDAQ,Park-Ohio Holdings Corp.,2.213,4.84,44.782,41.036,0.41,2.11,0.42,2.35,2.05,11.37,True,False,False,49.209,45.463,4.94,3992597.662902832,96784.0,True,2B,100,9.452,14.45,46.32,59.52,3.93,5.62,4.15,1,True,1619.0,False,8,93.7,True,True,True,3.0,True,True,True,minervini+canslim+scooter,3.0,True,True
CRSR,10.93000030517578,-7.01,-5.11,6.95,49.38,-23.83,138.65,-15.86,8.43,57.72,94.48,92.0,920255845.7113634,Technology services,Packaged software,NASDAQ,"Corsair Gaming, Inc.",0.834,7.63,11.519,10.597,-0.71,0.4,-0.67,0.41,-5.11,3.15,False,False,False,13.188,12.265,7.4,21132782.083076477,1995576.0,True,2B,100,5.233,6.95,42.02,49.38,5.07,7.7,6.0,2,True,1436.0,False,8,93.6,False,False,True,1.0,True,False,True,minervini+scooter,2.0,True,True
NSIT,147.38999938964844,-0.17,3.95,17.19,56.02,-5.88,128.76,-4.45,27.43,57.52,72.39,89.1,3609066264.419842,Technology services,Information technology services,NASDAQ,"Insight Enterprises, Inc.",5.838,3.96,141.785,129.691,0.96,3.03,1.0,3.45,3.95,13.65,True,False,False,153.461,141.367,4.27,54356458.06732178,432162.0,True,2B,100,3.955,17.19,51.27,56.02,3.49,4.54,3.66,1,True,1619.0,False,8,93.5,True,False,True,2.0,True,False,True,minervini+scooter,2.0,True,True
CLDT,13.5600004196167,3.05,3.48,3.48,48.37,-1.6,125.06,4.39,2.11,27.81,85.26,92.5,633930936.245877,Finance,Real estate investment trusts,NYSE,Chatham Lodging Trust (REIT),0.368,2.72,13.104,13.136,1.24,1.15,1.28,1.19,3.48,3.23,False,False,False,13.841,13.872,2.9,4947502.319154739,377104.0,True,2B,100,8.204,3.48,35.66,48.37,2.59,2.83,2.83,1,True,1619.0,False,8,93.4,True,True,True,3.0,True,True,True,minervini+canslim+scooter,3.0,True,True
FTNT,153.50999450683594,-1.96,-2.56,-1.62,44.58,-8.78,104.05,-4.06,1.3,18.58,91.89,91.2,110886326360.75468,Technology services,Information technology services,NASDAQ,"Fortinet, Inc.",6.23,4.06,157.545,158.423,-0.65,-0.79,-0.63,-0.76,-2.56,-3.1,False,False,False,170.006,170.883,4.4,872433567.7399292,5628112.0,True,2B,100,7.46,-1.62,33.98,44.58,3.44,3.74,4.21,1,True,1619.0,False,7,93.3,True,True,True,3.0,False,True,True,canslim+scooter,2.0,False,True
BLFS,37.09999847412109,4.34,9.13,22.39,48.88,0.0,104.41,5.79,20.57,49.96,60.68,88.8,1400742066.677818,Health technology,Medical specialties,NASDAQ,"BioLife Solutions, Inc.",1.177,3.17,33.996,31.388,2.64,4.85,2.88,5.73,9.13,18.2,True,False,False,36.351,33.743,2.87,35156000.71310043,1169368.0,True,2A,85,2.581,22.39,49.58,48.88,3.32,2.72,3.26,1,True,1619.0,False,7,93.1,False,False,True,1.0,False,False,True,scooter,1.0,True,True
VIRT,67.93000030517578,11.78,13.96,13.48,47.93,0.0,113.45,13.18,13.84,29.4,72.4,90.6,9415292453.189682,Finance,Investment banks/Brokers,NYSE,"Virtu Financial, Inc.",3.239,4.77,59.611,59.772,2.57,2.52,2.93,2.86,13.96,13.65,True,False,False,66.09,66.251,4.4,84445942.15699005,1399048.0,True,2B,100,5.92,13.48,36.1,47.93,7.57,4.75,4.03,1,True,1619.0,True,8,93.1,,,,,True,False,True,minervini+scooter,2.0,True,True
RTB,13.59000015258789,-11.63,-13.42,-7.44,55.35,-29.51,305.67,-21.85,-11.18,202.0,146.2,97.5,157583366.73495057,Technology services,Packaged software,NASDAQ,"RTB Digital, Inc.",2.152,15.83,15.697,16.055,-0.98,-1.15,-0.85,-0.97,-13.42,-15.35,False,False,False,20.0,20.358,15.93,2180963.1361231804,162246.0,True,2A,85,4.779,-7.44,57.28,55.35,17.6,14.53,16.86,—,True,144.0,True,5,93.0,False,False,False,0.0,False,False,True,scooter,1.0,False,True
PAY,40.0,1.41,6.48,30.07,39.4,-10.31,97.92,-4.44,39.08,70.36,54.32,85.7,2947255788.390691,Commercial services,Miscellaneous commercial services,NYSE,"Paymentus Holdings, Inc.",2.165,5.41,37.567,33.173,1.12,3.15,1.2,3.8,6.48,20.58,True,False,False,41.896,37.503,6.25,40195704.09541702,1302488.0,True,2A,85,3.023,30.07,46.97,39.4,4.81,6.35,4.16,1,True,1267.0,False,7,93.0,True,False,True,2.0,False,False,True,scooter,1.0,False,True
GTE,9.90999984741211,5.51,13.34,32.5,47.1,0.0,188.92,7.83,28.7,17.0,46.81,92.9,220999320.06633496,Energy minerals,Oil & gas production,NYSE Arca,Gran Tierra Energy Inc.,0.653,6.59,8.744,7.525,1.79,3.65,2.02,4.81,13.34,31.69,True,False,False,10.049,8.831,6.66,8109712.439222336,922808.0,True,2B,100,7.179,32.5,31.36,47.1,4.64,7.2,4.88,1,True,1592.0,False,7,93.0,False,False,True,1.0,False,False,True,scooter,1.0,False,True
P,108.5500030517578,0.46,9.46,31.19,44.83,-8.13,94.78,-8.13,44.37,37.41,46.83,88.1,22989126276.882133,Electronic technology,Computer peripherals,NYSE,"Everpure, Inc.",5.318,4.9,99.171,85.156,1.76,4.4,1.93,5.61,9.46,27.47,True,False,False,109.806,95.791,4.82,247042395.84892273,2924800.0,True,2A,85,0.31,31.19,45.88,44.83,4.38,5.06,4.02,1,True,1619.0,False,7,93.0,False,True,True,2.0,False,False,True,scooter,1.0,False,True
CBRL,57.650001525878906,0.92,2.52,9.25,62.85,-5.03,135.11,-0.48,11.25,82.24,73.11,92.6,1181274728.5937502,Consumer services,Restaurants,NASDAQ,"Cracker Barrel Old Country Store, Inc.",2.544,4.41,56.231,54.522,0.56,1.23,0.57,1.3,2.52,5.74,False,False,False,61.319,59.611,4.15,52146376.7984848,1004946.0,True,2B,100,5.987,9.25,52.05,62.85,4.82,4.13,4.52,1,True,1619.0,False,8,92.9,True,False,True,2.0,True,False,True,minervini+scooter,2.0,True,True
ALAB,284.9700012207031,-6.23,-9.2,-18.79,30.24,-41.0,184.2,-11.39,-12.85,-4.32,119.75,89.9,67147347875.274414,Electronic technology,Semiconductors,NASDAQ,"Astera Labs, Inc.",29.574,10.38,313.828,340.853,-0.98,-1.89,-0.89,-1.58,-9.2,-16.39,False,False,False,372.975,400.0,9.29,1873330877.59375,5215438.0,True,2B,100,6.277,-18.79,19.56,30.24,8.01,9.02,10.92,3,True,559.0,False,6,92.8,True,False,True,2.0,False,False,True,scooter,1.0,True,True
OUST,38.41999816894531,-8.53,-8.79,-10.18,30.51,-38.55,131.03,-21.13,1.94,9.49,106.34,87.3,2675537371.0573893,Electronic technology,Semiconductors,NASDAQ,"Ouster, Inc.",4.397,11.45,42.124,42.721,-0.84,-0.98,-0.77,-0.88,-8.79,-10.07,False,False,False,50.918,51.515,10.26,184461361.55830383,4179192.0,True,2B,100,3.233,-10.18,22.61,30.51,9.2,10.6,12.28,3,True,829.0,False,6,92.7,False,False,True,1.0,False,False,True,scooter,1.0,False,True
ZBRA,368.510009765625,1.58,7.21,26.69,46.21,-3.8,84.9,-2.0,43.42,52.11,44.28,86.5,11981227143.623116,Electronic technology,Computer processing hardware,NASDAQ,Zebra Technologies Corporation,13.496,3.66,343.736,304.307,1.84,4.76,1.97,5.76,7.21,21.1,True,False,False,370.728,331.299,3.63,237697081.09817505,812426.0,True,2A,85,2.192,26.69,46.46,46.21,3.48,3.74,3.08,1,True,1619.0,False,7,92.7,True,False,True,2.0,False,False,True,scooter,1.0,True,True
ZD,56.08000183105469,1.95,3.53,8.07,33.95,0.0,111.54,1.26,8.24,34.42,78.66,90.5,1857240820.2282183,Technology services,Internet software/Services,NASDAQ,"Ziff Davis, Inc.",1.897,3.38,54.167,53.299,1.01,1.47,1.04,1.54,3.53,5.22,False,False,False,57.962,57.093,3.38,34059186.21588135,658708.0,True,2B,100,4.435,8.07,26.11,33.95,2.33,3.59,3.25,1,True,1619.0,False,8,92.6,True,False,True,2.0,True,False,True,minervini+scooter,2.0,True,True
PLPC,429.2999877929688,-2.1,2.03,12.09,43.57,-10.71,133.36,-7.6,31.76,25.92,63.68,93.7,1933990990.0917528,Producer manufacturing,Building products,NASDAQ,Preformed Line Products Company,28.087,6.54,420.761,383.146,0.3,1.64,0.31,1.84,2.03,12.05,False,False,False,476.935,439.32,6.44,39763991.502075195,102682.0,True,2B,100,7.015,12.09,31.25,43.57,5.45,6.79,5.4,2,True,1619.0,False,8,92.6,True,False,True,2.0,True,False,True,minervini+scooter,2.0,False,True
PTRN,20.8700008392334,-2.03,-6.29,-12.28,27.16,,,-2.66,-11.15,18.51,102.03,,4050233544.97017,Commercial services,Advertising/Marketing services,NASDAQ,Pattern Group Inc. - Series A,1.471,7.05,22.27,24.523,-0.95,-2.48,-0.89,-2.11,-6.29,-14.9,False,False,False,25.212,27.466,7.02,53154925.50852966,2243402.0,True,2B,100,4.54,-12.28,21.51,27.16,5.57,7.31,7.03,2,True,183.0,False,4,92.6,True,False,True,2.0,False,False,True,scooter,1.0,False,True
ECPG,101.20999908447266,1.41,3.84,10.05,41.11,-2.44,149.72,-2.44,18.19,24.08,73.28,93.4,1942930121.3772032,Finance,Finance/Rental/Leasing,NASDAQ,Encore Capital Group Inc,3.968,3.92,97.469,94.026,0.94,1.81,0.98,1.95,3.84,7.64,False,False,False,105.406,101.962,3.85,33346605.010299683,361568.0,True,2B,100,8.268,10.05,29.52,41.11,2.99,3.98,3.32,1,True,1619.0,False,8,92.5,False,False,True,1.0,True,False,True,minervini+scooter,2.0,True,True
STTK,7.53000020980835,1.75,3.64,12.54,44.31,-4.92,741.34,1.48,6.21,23.65,87.78,99.2,581998181.9018613,Health technology,Biotechnology,NASDAQ,"Shattuck Labs, Inc.",0.499,6.63,7.266,7.106,0.53,0.85,0.55,0.9,3.64,5.97,False,False,False,8.264,8.104,6.33,9046602.183768272,1352282.0,True,2B,100,11.342,12.54,26.07,44.31,4.55,6.12,7.35,2,True,469.0,False,8,92.5,False,False,True,1.0,True,False,True,minervini+scooter,2.0,False,True
CLOV,4.150000095367432,-3.4,-5.31,-11.03,35.53,-23.29,144.12,-9.78,-8.79,15.28,105.45,89.6,2849367371.238004,Finance,Life/Health insurance,NASDAQ,"Clover Health Investments, Corp.",0.248,5.98,4.382,4.586,-0.94,-1.76,-0.89,-1.59,-5.31,-9.5,False,False,False,4.879,5.082,5.55,27939475.435162544,5854662.0,True,2B,100,4.184,-11.03,28.49,35.53,5.03,5.75,6.28,2,True,1507.0,False,7,92.3,False,False,True,1.0,False,False,True,scooter,1.0,True,True
CMPS,13.329999923706056,-1.27,1.41,4.13,52.33,-11.55,209.28,-0.89,13.83,15.01,65.59,95.8,1832258336.0,Health technology,Biotechnology,NASDAQ,COMPASS Pathways Plc - American Depository Shares,0.757,5.68,13.145,12.934,0.24,0.52,0.25,0.54,1.41,3.06,False,False,False,14.659,14.448,5.31,47053891.52543068,3646676.0,True,2B,100,7.856,4.13,38.79,52.33,4.53,5.39,6.31,2,True,1439.0,False,8,92.2,False,False,True,1.0,True,False,True,minervini+scooter,2.0,True,True
LQDA,68.62000274658203,-9.72,-13.05,-13.3,39.3,-24.62,214.77,-7.82,-22.92,10.73,104.29,94.4,6951509457.082424,Health technology,Pharmaceuticals: major,NASDAQ,Liquidia Corporation,5.061,7.37,78.92,80.822,-2.04,-2.41,-1.77,-2.05,-13.05,-15.1,False,False,True,89.041,90.943,7.05,150294093.62791443,1944716.0,True,2B,100,13.536,-13.3,24.92,39.3,5.48,6.99,6.93,2,True,1619.0,False,7,92.1,False,False,True,1.0,False,False,True,scooter,1.0,True,True
EXPE,321.6300048828125,0.38,3.94,15.25,26.35,-3.32,71.35,-3.32,24.85,47.77,58.74,87.8,31541683115.18948,Consumer services,Other consumer services,NASDAQ,"Expedia Group, Inc.",11.874,3.69,309.435,288.672,1.03,2.78,1.07,3.09,3.94,11.42,True,False,False,333.183,312.42,4.03,444942647.6156616,1593578.0,True,2A,85,3.882,15.25,28.76,26.35,3.37,3.73,3.37,1,True,1619.0,False,7,92.0,,,,,False,False,True,scooter,1.0,True,True
CTRN,71.70999908447266,-0.19,2.16,12.05,44.98,-5.87,133.28,-2.98,16.2,87.58,57.92,95.3,492460584.7783707,Retail trade,Apparel/Footwear retail,NASDAQ,"Citi Trends, Inc.",3.173,4.43,70.192,65.693,0.48,1.9,0.49,2.07,2.16,9.16,False,False,False,76.539,72.04,4.03,11233623.575645447,180908.0,True,2B,100,7.731,12.05,38.89,44.98,4.28,4.24,4.38,1,True,1619.0,False,8,92.0,True,False,True,2.0,True,False,True,minervini+scooter,2.0,True,True
NET,293.1400146484375,-1.35,0.39,9.37,33.73,-11.39,83.0,-7.17,11.75,37.85,65.48,87.5,84249317036.18794,Technology services,Information technology services,NYSE,"Cloudflare, Inc.",16.464,5.62,292.006,278.343,0.07,0.9,0.07,0.95,0.39,5.32,False,False,False,324.934,311.271,5.84,957104993.7954407,3513924.0,True,2B,100,3.418,9.37,30.51,33.73,5.15,5.91,4.94,1,True,1619.0,False,8,92.0,False,False,True,1.0,True,False,True,minervini+scooter,2.0,False,True
SIMO,258.3599853515625,2.19,0.79,-7.49,46.86,-23.16,252.99,-3.92,-10.45,-1.76,92.33,96.9,10916119492.0,Electronic technology,Semiconductors,NASDAQ,Silicon Motion Technology Corporation,21.938,8.49,256.34,273.1,0.09,-0.67,0.09,-0.64,0.79,-5.4,False,False,False,300.215,316.976,8.05,283942203.3898926,1048808.0,True,2B,100,9.605,-7.49,26.81,46.86,4.92,6.81,8.6,2,True,1619.0,False,7,92.0,True,False,True,2.0,False,False,True,scooter,1.0,True,True
SM,37.20000076293945,6.72,11.96,22.57,45.19,-1.17,115.0,10.22,11.01,12.65,59.66,87.0,6314980945.717195,Energy minerals,Integrated oil,NYSE,SM Energy Company,1.483,3.99,33.225,30.884,2.68,4.26,3.0,5.13,11.96,20.45,True,False,False,36.192,33.85,3.68,117936888.87415695,3917880.0,True,2B,100,4.635,22.57,32.73,45.19,3.36,3.75,3.17,1,True,1587.0,False,8,91.9,True,False,True,2.0,True,False,True,minervini+scooter,2.0,True,True
AMCX,12.390000343322754,3.19,7.08,16.91,38.91,0.0,90.03,0.24,26.56,37.67,48.38,88.7,442791348.2666667,Consumer services,Cable/Satellite TV,NASDAQ,AMC Global Media Inc.,0.521,4.21,11.57,10.837,1.57,2.98,1.68,3.41,7.08,14.33,True,False,False,12.613,11.879,4.57,6962802.74213028,648940.0,True,2B,100,4.616,16.91,38.64,38.91,2.92,4.11,4.07,1,True,1619.0,False,8,91.8,False,True,True,2.0,True,False,True,minervini+scooter,2.0,True,True
FLXS,81.38999938964844,5.47,7.35,12.15,54.18,0.0,141.18,10.3,8.25,45.34,53.86,93.9,390471727.180602,Consumer durables,Home furnishings,NASDAQ,"Flexsteel Industries, Inc.",4.152,5.1,75.815,74.55,1.34,1.65,1.44,1.8,7.35,9.18,False,False,False,84.118,82.853,4.4,4501993.059364319,61602.0,True,2B,100,7.79,12.15,41.56,54.18,8.14,4.64,4.18,1,True,1619.0,True,8,91.7,,,,,True,False,True,minervini+scooter,2.0,True,True
TGTX,54.27000045776367,6.6,6.21,2.7,43.46,-8.11,101.45,11.35,-2.22,38.3,83.78,91.8,8546656016.974267,Health technology,Pharmaceuticals: major,NASDAQ,"TG Therapeutics, Inc.",2.431,4.48,51.098,53.089,1.3,0.49,1.39,0.5,6.21,2.22,False,False,False,55.961,57.952,4.19,133866707.92628479,2536100.0,True,2B,100,4.487,2.7,35.26,43.46,5.14,4.49,4.46,1,True,1619.0,True,8,91.7,False,False,True,1.0,True,False,True,minervini+scooter,2.0,True,True
INFU,12.210000038146973,1.28,6.47,20.33,29.68,-2.24,64.56,-0.49,37.35,22.84,53.58,79.0,202826124.97790053,Commercial services,Miscellaneous commercial services,NYSE Arca,"InfuSystems Holdings, Inc.",0.524,4.29,11.468,10.429,1.42,3.4,1.51,3.98,6.47,17.07,True,False,False,12.516,11.477,4.9,2160151.540052414,211262.0,True,2B,100,1.728,20.33,28.9,29.68,2.73,5.05,3.99,1,True,1619.0,False,8,91.6,True,True,True,3.0,True,True,True,minervini+canslim+scooter,3.0,True,True
RELY,26.670000076293945,5.49,8.09,14.56,47.69,0.0,118.61,1.41,16.62,23.64,55.51,88.3,4710251330.582798,Commercial services,Miscellaneous commercial services,NASDAQ,"Remitly Global, Inc.",1.211,4.54,24.675,24.01,1.65,2.2,1.78,2.44,8.09,11.08,True,False,False,27.097,26.432,4.73,81972065.93061447,3561568.0,True,2B,100,4.918,14.56,36.47,47.69,4.48,5.32,3.95,1,True,1184.0,False,8,91.6,True,False,True,2.0,True,False,True,minervini+scooter,2.0,True,True
QUAD,10.3100004196167,2.84,6.17,17.29,46.56,-4.01,106.55,4.78,25.48,44.85,52.2,91.6,435162349.2204234,Commercial services,Commercial printing/Forms,NYSE,"Quad Graphics, Inc",0.393,3.81,9.711,9.088,1.52,3.11,1.62,3.53,6.17,13.45,True,False,False,10.498,9.874,4.68,2786856.6643161774,301106.0,True,2B,100,6.648,17.29,38.12,46.56,2.68,3.99,3.32,1,True,1619.0,False,8,91.5,False,True,True,2.0,True,False,True,minervini+scooter,2.0,True,True
ASTH,39.34999847412109,2.06,1.51,-4.49,27.96,-21.0,116.69,-3.58,-4.0,5.27,98.14,86.5,2206958014.991034,Health services,Services to the health industry,NASDAQ,Astrana Health Inc.,2.036,5.18,38.763,41.519,0.29,-1.07,0.29,-1.01,1.51,-5.22,False,False,False,42.836,45.592,4.91,26808063.670166016,639868.0,True,2B,100,1.807,-4.49,19.84,27.96,4.08,4.87,5.14,2,True,1619.0,False,7,91.4,True,False,True,2.0,False,False,True,scooter,1.0,True,True
PRAA,19.57999992370605,1.33,3.79,9.21,16.4,-11.92,87.91,-4.95,21.24,33.93,81.63,83.0,722007025.6254126,Commercial services,Miscellaneous commercial services,NASDAQ,"PRA Group, Inc.",0.988,5.04,18.866,18.363,0.72,1.23,0.75,1.31,3.79,6.63,False,False,False,20.841,20.338,4.57,10467333.23494339,608988.0,True,2B,100,2.873,9.21,15.76,16.4,3.94,4.9,4.37,1,True,1619.0,False,8,91.2,True,False,True,2.0,True,False,True,minervini+scooter,2.0,False,True
INTC,90.06999969482422,-6.21,-8.16,-16.74,25.96,-36.09,283.28,-12.13,-10.14,-23.99,104.19,96.4,644936296299.3818,Electronic technology,Semiconductors,NASDAQ,Intel Corporation,6.501,7.22,98.069,103.245,-1.23,-2.03,-1.13,-1.77,-8.16,-12.76,False,False,False,111.072,116.247,6.11,12907038395.867477,118759308.0,True,2B,100,8.742,-16.74,9.31,25.96,4.62,5.45,7.68,2,True,1619.0,False,6,91.1,False,False,True,1.0,False,False,True,scooter,1.0,False,True
CRDO,230.57000732421875,-5.0,-3.68,-4.54,33.38,-23.78,162.58,-11.29,-2.51,19.23,85.85,91.0,44381737621.36328,Technology services,Information technology services,NASDAQ,Credo Technology Group Holding Ltd,21.98,9.53,239.388,235.735,-0.4,-0.23,-0.39,-0.23,-3.68,-2.19,False,False,False,283.347,279.694,8.25,1713246863.0561218,7042366.0,True,2B,100,4.929,-4.54,28.69,33.38,7.59,8.53,9.1,2,True,1097.0,False,7,91.1,True,False,True,2.0,False,False,True,scooter,1.0,True,True
CHEF,110.61000061035156,1.3,3.22,9.83,47.71,-4.11,102.58,1.4,17.07,41.66,57.97,91.1,3911390280.9851623,Distribution services,Food distributors,NASDAQ,"The Chefs' Warehouse, Inc.",4.121,3.73,107.158,102.557,0.84,1.95,0.86,2.11,3.22,7.85,False,False,False,115.4,110.8,4.2,65576931.4065094,646072.0,True,2B,100,7.188,9.83,39.36,47.71,3.66,3.41,3.54,1,True,1603.0,False,8,91.0,True,True,True,3.0,True,True,True,minervini+canslim+scooter,3.0,True,True
TGT,165.44000244140625,6.33,10.01,18.13,41.48,0.0,103.15,7.09,23.97,32.15,44.22,89.6,63763896310.45045,Retail trade,Specialty stores,NYSE,Target Corporation,4.962,3.0,150.385,141.873,3.03,4.75,3.34,5.54,10.01,16.61,True,False,False,160.309,151.797,2.63,629156575.6429138,4473802.0,True,2B,100,5.584,18.13,32.29,41.48,4.16,2.74,2.49,1,True,1619.0,True,8,91.0,False,False,True,1.0,True,False,True,minervini+scooter,2.0,False,True
SXC,9.6899995803833,3.69,6.15,11.74,31.89,0.0,75.79,4.87,9.19,21.33,60.24,84.2,711918295.1260405,Non-energy minerals,Steel,NYSE,"SunCoke Energy, Inc.",0.414,4.27,9.129,8.672,1.36,2.46,1.44,2.75,6.15,11.74,True,False,False,9.957,9.5,4.9,13332312.907132149,1535312.0,True,2B,100,1.987,11.74,28.28,31.89,3.75,3.93,3.76,1,True,1619.0,False,8,90.9,True,False,True,2.0,True,False,True,minervini+scooter,2.0,True,True
WLY,51.58000183105469,-0.09,0.2,3.52,33.02,-7.43,82.07,0.37,5.87,24.03,75.48,85.3,2474089260.0834064,Consumer services,Publishing: books/magazines,NYSE,"John Wiley & Sons, Inc.",1.733,3.36,51.475,51.157,0.06,0.24,0.06,0.25,0.2,0.83,False,False,False,54.941,54.623,3.33,27506084.046746902,558898.76,True,2B,100,4.37,3.52,26.16,33.02,2.7,2.97,3.72,1,True,1619.0,False,8,90.9,True,True,True,3.0,True,True,True,minervini+canslim+scooter,3.0,False,True
APA,43.38999938964844,4.23,9.53,20.48,34.56,-2.25,117.66,7.22,19.14,13.97,51.37,89.7,11668051152.85248,Energy minerals,Integrated oil,NASDAQ,APA Corporation,1.48,3.41,39.615,36.453,2.55,4.69,2.79,5.58,9.53,19.03,True,False,False,42.574,39.412,3.06,209678302.6285591,5809572.0,True,2B,100,5.389,20.48,24.22,34.56,3.16,3.11,2.58,1,True,1602.0,False,8,90.8,True,False,True,2.0,True,False,True,minervini+scooter,2.0,True,True
BJRI,66.76000213623047,0.41,0.48,6.11,46.68,-10.1,132.69,-1.75,2.57,50.36,62.04,92.2,1258073105.7930057,Consumer services,Restaurants,NASDAQ,"BJ's Restaurants, Inc.",2.665,3.99,66.443,65.303,0.12,0.55,0.12,0.56,0.48,2.23,False,False,False,71.772,70.632,3.97,33659162.84931183,537140.0,True,2B,100,8.726,6.11,40.08,46.68,3.68,3.84,3.75,1,True,1612.0,False,8,90.7,False,True,True,2.0,True,False,True,minervini+scooter,2.0,True,True
COHU,54.369998931884766,-2.03,-0.28,-4.02,39.22,-26.44,190.13,-8.31,-0.26,19.1,72.28,95.2,3022996223.469121,Electronic technology,Semiconductors,NASDAQ,"Cohu, Inc.",4.538,8.35,54.523,54.64,-0.03,-0.06,-0.03,-0.06,-0.28,-0.49,False,False,False,63.599,63.716,7.7,70191400.73941803,1231844.0,True,2B,100,8.309,-4.02,23.57,39.22,6.92,6.78,7.72,2,True,1619.0,False,6,90.7,False,False,True,1.0,False,False,True,scooter,1.0,True,True
S,21.190000534057617,-1.88,1.18,13.59,33.92,-11.12,77.47,-8.31,21.92,17.01,63.38,78.5,5454006978.667781,Technology services,Packaged software,NYSE,"SentinelOne, Inc.",0.996,4.7,20.943,19.579,0.25,1.62,0.25,1.75,1.18,8.23,False,False,False,22.935,21.572,4.23,128033407.35806465,6794934.0,True,2B,100,2.308,13.59,33.22,33.92,4.76,4.54,4.25,1,True,1243.0,False,8,90.7,False,False,True,1.0,True,False,True,minervini+scooter,2.0,False,True
LILA,8.470000267028809,0.77,2.79,13.29,43.08,-2.64,82.28,-1.74,13.62,52.05,55.65,89.3,1421850352.222857,Communications,Major telecommunications,NASDAQ,Liberty Latin America Ltd.,0.321,3.79,8.24,7.936,0.72,1.66,0.74,1.77,2.79,6.73,False,False,False,8.883,8.579,3.87,5867734.247714558,825747.62,True,2B,100,5.271,13.29,39.1,43.08,3.38,3.47,4.1,1,True,1619.0,False,8,90.6,False,False,True,1.0,True,False,True,minervini+scooter,2.0,True,True
HPQ,29.709999084472656,0.6,3.92,14.92,33.72,-5.08,67.91,-1.33,21.22,37.31,64.39,83.5,20924279561.67539,Technology services,Information technology services,NYSE,HP Inc.,1.218,4.1,28.59,26.343,0.92,2.76,0.96,3.12,3.92,12.78,True,False,False,31.027,28.78,4.25,383358426.1239891,14909762.0,True,2A,85,1.131,14.92,35.24,33.72,2.67,4.24,3.57,1,True,1619.0,False,7,90.6,False,False,True,1.0,False,False,True,scooter,1.0,True,True
AXGN,50.400001525878906,4.51,8.26,14.55,39.05,0.0,240.77,3.43,26.86,22.0,42.78,94.7,2389279809.2930994,Health technology,Medical specialties,NASDAQ,"Axogen, Inc.",2.474,4.91,46.552,44.034,1.55,2.57,1.68,2.94,8.26,14.46,True,False,False,51.501,48.982,5.22,58287974.14554596,1331444.0,True,2B,100,8.385,14.55,30.56,39.05,5.55,4.61,4.81,1,True,1619.0,False,8,90.5,False,False,True,1.0,True,False,True,minervini+scooter,2.0,True,True
TBBB,50.65999984741211,6.92,12.47,19.41,38.01,0.0,110.03,6.01,27.13,36.18,34.63,89.7,5062010797.445047,Retail trade,Food retail,NYSE,BBB Foods Inc.,1.996,3.94,45.044,42.493,2.81,4.09,3.17,4.88,12.47,19.22,True,False,False,49.035,46.484,3.8,29363332.416412354,673064.0,True,2B,100,4.726,19.41,32.38,38.01,3.52,3.98,3.34,1,True,586.0,False,8,90.5,False,False,True,1.0,True,False,True,minervini+scooter,2.0,False,True
BDL,48.119998931884766,3.33,7.19,12.34,40.85,-2.73,83.7,-0.78,26.63,61.66,50.11,90.1,81780467.50561798,Consumer services,Restaurants,NYSE Arca,"Flanigan's Enterprises, Inc.",2.958,6.15,44.893,43.227,1.09,1.65,1.17,1.84,7.19,11.32,False,False,False,50.808,49.142,6.11,1519738.436805725,35466.0,True,2B,100,3.916,12.34,35.59,40.85,5.03,5.95,5.73,2,True,1619.0,True,8,90.4,False,False,False,0.0,True,False,True,minervini+scooter,2.0,True,True
WEST,8.319999694824219,0.2,1.55,1.93,41.8,-14.49,124.26,-1.3,10.05,-3.03,68.76,83.2,916069205.9907502,Consumer non-durables,Food: specialty/candy,NASDAQ,Westrock Coffee Company,0.42,5.05,8.193,7.895,0.3,1.01,0.31,1.06,1.55,5.38,False,False,False,9.033,8.736,4.92,5192156.978492737,619892.0,True,2B,100,6.31,1.93,29.24,41.8,3.66,5.08,5.97,2,True,1165.0,False,8,90.3,False,False,True,1.0,True,False,True,minervini+scooter,2.0,True,True
ATLC,96.08999633789062,-2.26,-3.52,-4.05,32.05,-14.04,100.35,-6.33,0.49,17.74,76.41,88.0,1669178015.9437518,Finance,Finance/Rental/Leasing,NASDAQ,Atlanticus Holdings Corporation,5.69,5.92,99.6,100.567,-0.62,-0.79,-0.6,-0.75,-3.52,-4.45,False,False,False,110.98,111.946,5.69,18229189.214019775,181428.0,True,2B,100,6.66,-4.05,25.3,32.05,5.05,6.05,6.24,2,True,1612.0,False,7,90.3,True,False,True,2.0,False,False,True,scooter,1.0,True,True
PTEN,12.34000015258789,6.04,11.62,20.77,36.1,-3.1,146.62,8.53,19.34,1.97,49.81,91.5,3640533388.650973,Industrial services,Contract drilling,NASDAQ,"Patterson-UTI Energy, Inc.",0.497,4.03,11.055,10.175,2.58,4.35,2.88,5.28,11.62,21.27,True,False,False,12.05,11.17,3.83,93142621.55976868,9233774.0,True,2B,100,5.699,20.77,22.32,36.1,3.8,3.64,3.7,1,True,1593.0,False,8,90.3,False,False,True,1.0,True,False,True,minervini+scooter,2.0,True,True
NAT,6.96999979019165,2.92,5.91,12.2,42.35,-0.71,149.07,3.87,8.57,32.19,52.07,93.1,1238741383.8019168,Transportation,Marine shipping,NYSE,Nordic American Tankers Limited,0.242,3.47,6.581,6.303,1.61,2.76,1.71,3.05,5.91,10.59,True,False,False,7.064,6.786,3.37,24020439.50560379,3894598.0,True,2B,100,7.321,12.2,29.02,42.35,2.67,3.24,3.78,1,True,1619.0,False,8,90.3,True,False,True,2.0,True,False,True,minervini+scooter,2.0,True,True
LTH,45.11000061035156,0.95,2.39,8.03,43.19,-1.29,83.45,-0.33,7.58,36.9,55.82,89.4,9128938401.969393,Consumer services,Other consumer services,NYSE,"Life Time Group Holdings, Inc.",1.309,2.9,44.059,43.101,0.8,1.53,0.82,1.61,2.39,4.66,False,False,False,46.677,45.719,3.21,126150379.15046692,3017600.0,True,2B,100,6.405,8.03,35.84,43.19,2.0,2.96,2.94,1,True,1174.0,False,8,90.2,True,False,True,2.0,True,False,True,minervini+scooter,2.0,False,True
AMN,34.459999084472656,0.07,1.12,3.68,47.47,-5.85,128.21,-0.12,4.2,34.35,78.36,92.0,1270631033.972162,Commercial services,Personnel services,NYSE,AMN Healthcare Services Inc,1.775,5.15,34.078,33.712,0.22,0.42,0.22,0.43,1.12,2.22,False,False,False,37.628,37.263,5.25,28353102.115890503,856718.0,True,2B,100,6.447,3.68,34.37,47.47,3.05,5.86,4.93,1,True,1619.0,False,8,90.2,False,False,True,1.0,True,False,True,minervini+scooter,2.0,True,True
TWN,97.62000274658205,2.28,4.81,5.82,33.45,-3.85,123.86,0.21,13.25,8.18,57.96,90.9,555596456.8000001,Miscellaneous,Investment trusts,NYSE,"Taiwan Fund, Inc. (The)",3.205,3.28,93.144,90.997,1.4,2.07,1.46,2.22,4.81,7.28,True,False,False,99.554,97.407,2.4,4033880.4903411865,43782.0,True,2B,100,5.824,5.82,21.41,33.45,2.49,2.39,3.05,1,True,1619.0,False,8,90.1,,,,,True,False,True,minervini+scooter,2.0,True,True
SEZL,119.11000061035156,-5.53,-13.17,-23.47,25.4,-36.83,133.69,-7.64,-25.09,12.95,89.82,89.9,5735424378.285575,Technology services,Packaged software,NASDAQ,Sezzle Inc.,11.082,9.3,137.171,157.233,-1.63,-3.44,-1.42,-2.61,-13.17,-24.25,False,False,False,159.336,179.397,7.79,113722129.38363647,753168.0,True,2B,100,7.434,-23.47,13.54,25.4,4.56,7.86,8.88,2,True,689.0,False,6,90.1,True,False,True,2.0,False,False,True,scooter,1.0,True,True
MDB,430.8299865722656,1.11,7.13,20.62,26.81,-8.78,103.26,-6.41,44.02,35.69,25.04,86.4,25256431033.303738,Technology services,Packaged software,NASDAQ,"MongoDB, Inc.",20.807,4.83,402.156,363.879,1.38,3.22,1.48,3.81,7.13,18.4,True,False,False,443.769,405.493,4.52,534500154.89959717,1492840.0,True,2A,85,1.903,20.62,33.41,26.81,4.42,4.88,4.39,1,True,1619.0,False,7,90.0,False,False,True,1.0,False,False,True,scooter,1.0,True,True
CLDX,40.380001068115234,-2.07,0.04,7.6,31.25,-10.01,85.66,-3.74,14.0,32.05,75.41,90.3,2767630508.9052505,Health technology,Biotechnology,NASDAQ,"Celldex Therapeutics, Inc.",1.719,4.26,40.364,38.778,0.01,0.93,0.01,0.97,0.04,4.13,False,False,False,43.802,42.215,4.14,41694959.03872681,1122440.0,True,2B,100,4.653,7.6,25.1,31.25,4.24,4.29,4.01,1,True,1619.0,False,8,90.0,False,False,True,1.0,True,False,True,minervini+scooter,2.0,True,True
MYE,33.529998779296875,0.73,1.51,6.32,44.25,-8.74,117.65,1.61,8.3,53.25,50.21,93.3,1207092250.5062132,Producer manufacturing,Miscellaneous manufacturing,NYSE,"Myers Industries, Inc.",1.248,3.72,33.03,32.493,0.4,0.83,0.41,0.86,1.51,3.19,False,False,False,35.526,34.989,4.12,15794873.455970764,495978.0,True,2B,100,8.024,6.32,34.7,44.25,2.66,3.61,3.79,1,True,1619.0,False,8,89.9,True,False,True,2.0,True,False,False,minervini,1.0,False,True
WT,23.51000022888184,4.08,8.07,18.66,44.39,0.0,120.16,3.07,19.5,22.74,43.96,90.1,2630589743.939919,Miscellaneous,Investment trusts,NYSE,"WisdomTree, Inc.",0.831,3.53,21.754,20.256,2.11,3.92,2.28,4.55,8.07,16.06,True,False,False,23.416,21.918,3.73,55168303.17046356,2831306.0,True,2B,100,5.805,18.66,32.55,44.39,2.79,3.8,3.41,1,True,1619.0,False,8,89.8,True,True,True,3.0,True,True,False,minervini+canslim,2.0,True,True
SB,8.529999732971191,6.57,10.3,19.31,40.02,0.0,111.73,10.06,14.13,27.17,42.53,90.4,650671812.3136364,Transportation,Marine shipping,NYSE,"Safe Bulkers, Inc",0.272,3.19,7.733,7.276,2.93,4.61,3.23,5.41,10.3,17.23,True,False,False,8.277,7.82,3.09,6395058.890934944,898876.0,True,2B,100,6.001,19.31,31.02,40.02,2.9,2.77,3.05,1,True,1619.0,False,8,89.7,True,False,True,2.0,True,False,False,minervini,1.0,False,True
IMAX,52.7400016784668,1.74,6.1,18.08,35.66,-1.81,103.08,-0.26,19.97,55.67,39.49,90.8,2253450621.2121773,Consumer durables,Electronics/Appliances,NYSE,Imax Corporation,2.072,3.93,49.706,44.948,1.46,3.76,1.55,4.41,6.1,17.33,True,False,False,53.85,49.092,3.74,60634076.55775452,1347430.0,True,2B,100,4.953,18.08,32.54,35.66,4.07,3.75,3.4,1,True,1619.0,False,8,89.6,True,False,True,2.0,True,False,False,minervini,1.0,True,True
PDEX,65.66999816894531,-0.63,1.86,6.28,31.44,-4.05,174.65,-2.01,20.12,4.89,66.17,87.4,196258890.7510335,Health technology,Medical specialties,NASDAQ,"Pro-Dex, Inc.",3.427,5.22,64.471,61.394,0.35,1.25,0.36,1.33,1.86,6.96,False,False,False,71.326,68.249,5.24,5512822.179199219,89270.0,True,2B,100,7.453,6.28,21.65,31.44,5.27,5.36,5.47,2,True,1619.0,False,8,89.5,False,True,True,2.0,True,False,False,minervini,1.0,True,True
DSGN,14.989999771118164,0.72,5.16,11.35,33.4,-5.96,191.07,1.08,28.89,36.15,48.27,94.9,833800577.5111606,Health technology,Biotechnology,NASDAQ,"Design Therapeutics, Inc.",0.747,4.98,14.254,13.768,0.99,1.64,1.04,1.78,5.16,8.88,False,False,False,15.748,15.262,4.74,9683571.778413773,710654.0,True,2B,100,7.161,11.35,24.5,33.4,4.62,4.31,5.56,2,True,1308.0,False,8,89.4,False,False,True,1.0,True,False,False,minervini,1.0,True,True
GCBC,34.79999923706055,0.76,1.97,6.23,36.1,-1.08,64.46,-0.49,6.82,39.64,53.39,87.6,558946656.1080459,Finance,Savings banks,NASDAQ,"Greene County Bancorp, Inc.",0.961,2.76,34.126,33.63,0.7,1.22,0.71,1.26,1.97,3.48,False,False,False,36.048,35.553,2.44,1619827.1450920105,50138.0,True,2B,100,5.132,6.23,30.98,36.1,2.82,2.56,3.48,1,True,1619.0,False,8,89.2,False,False,False,0.0,True,False,False,minervini,1.0,True,True
SENEA,194.07000732421875,2.83,6.34,12.0,37.64,0.0,91.81,1.24,18.24,38.18,48.08,88.7,1154198945.0569696,Consumer non-durables,Food: specialty/candy,NASDAQ,Seneca Foods Corp.,7.188,3.7,182.508,176.072,1.61,2.5,1.71,2.76,6.34,10.22,True,False,False,196.884,190.448,3.61,22367325.92150879,130174.0,True,2B,100,4.86,12.0,29.45,37.64,3.21,4.06,4.02,1,True,1619.0,False,8,89.2,True,True,True,3.0,True,True,False,minervini+canslim,2.0,True,True
OII,53.0,1.97,5.74,18.77,50.83,-2.05,138.74,1.53,10.37,37.73,52.34,94.0,3992777692.329693,Producer manufacturing,Industrial machinery,NYSE,"Oceaneering International, Inc.",2.106,3.97,50.123,46.427,1.37,3.12,1.44,3.56,5.74,14.16,True,False,False,54.336,50.64,4.06,51069834.52606964,1144868.0,True,2B,100,8.362,18.77,37.47,50.83,3.79,3.59,3.63,1,True,1591.0,False,8,89.2,False,True,True,2.0,True,False,False,minervini,1.0,True,True
MLAB,124.76000213623048,9.94,14.91,22.65,35.87,0.0,110.67,17.65,23.59,14.52,34.05,86.2,565863437.5592461,Health technology,Medical specialties,NASDAQ,"Mesa Laboratories, Inc.",5.904,4.73,108.573,102.542,2.74,3.76,3.15,4.58,14.91,21.67,True,False,False,120.38,114.35,4.43,19880513.719284058,195494.0,True,2B,100,3.75,22.65,29.7,35.87,5.24,4.99,4.3,1,True,1619.0,False,8,89.1,False,True,True,2.0,True,False,False,minervini,1.0,False,True
IMNM,28.520000457763672,3.88,9.42,23.6,31.11,-4.38,217.24,4.85,29.58,24.22,32.65,92.1,2260477721.639176,Health technology,Biotechnology,NASDAQ,"Immunome, Inc.",1.457,5.11,26.064,24.153,1.69,3.0,1.84,3.54,9.42,18.08,True,False,False,28.978,27.066,5.0,32363813.085018158,1429964.0,True,2B,100,4.889,23.6,26.49,31.11,4.82,5.39,4.23,1,True,1070.0,False,8,89.0,False,False,True,1.0,True,False,False,minervini,1.0,True,True
DCO,191.6499938964844,-2.38,-0.19,6.32,41.96,-7.41,121.79,-7.41,9.2,34.1,51.41,92.6,2680100450.316061,Electronic technology,Aerospace & defense,NYSE,Ducommun Incorporated,7.776,4.06,192.013,184.127,-0.05,0.97,-0.05,1.01,-0.19,4.09,False,False,False,207.566,199.68,4.18,52211670.061431885,291886.0,True,2B,100,7.805,6.32,29.15,41.96,3.57,4.01,3.92,1,True,1619.0,False,8,88.8,True,False,True,2.0,True,False,False,minervini,1.0,False,True
VSAT,74.72000122070312,-4.6,-4.57,0.25,34.66,-16.8,180.69,-9.83,0.61,5.6,60.69,93.2,8460446729.21,Electronic technology,Telecommunications equipment,NASDAQ,"ViaSat, Inc.",5.213,6.98,78.298,76.909,-0.69,-0.42,-0.66,-0.41,-4.57,-2.85,False,False,False,88.725,87.336,6.91,191943581.0769043,2567784.0,True,2B,100,8.359,0.25,20.63,34.66,4.6,7.04,7.57,2,True,1619.0,False,8,88.8,False,False,True,1.0,True,False,False,minervini,1.0,False,True
NHC,233.3999938964844,1.94,3.78,8.13,36.73,-1.41,115.25,4.39,5.37,19.47,48.96,90.5,3226080498.687739,Health services,Hospital/Nursing management,NYSE Arca,National HealthCare Corporation,8.368,3.59,224.908,220.49,1.01,1.54,1.05,1.63,3.78,5.85,False,False,False,241.644,237.227,3.69,28636699.728607178,134234.0,True,2B,100,6.574,8.13,27.22,36.73,2.92,4.14,3.37,1,True,1619.0,False,8,88.4,True,True,True,3.0,True,True,False,minervini+canslim,2.0,True,True
NVEC,109.88999938964844,-4.49,-3.77,3.27,36.93,-17.41,98.15,-9.37,-17.41,26.59,70.07,90.9,465238608.422392,Electronic technology,Semiconductors,NASDAQ,NVE Corporation,7.645,6.96,114.199,106.791,-0.56,0.41,-0.54,0.42,-3.77,2.9,False,False,False,129.49,122.081,6.45,25771457.508361816,242178.0,True,2B,100,6.747,3.27,27.47,36.93,5.05,6.1,6.67,2,True,1619.0,False,8,88.3,True,False,True,2.0,True,False,False,minervini,1.0,True,True
SRTA,6.239999771118164,5.65,8.9,14.01,23.72,-3.55,56.39,5.76,22.59,7.59,38.67,76.4,458590849.47761184,Health services,Medical/Nursing services,NASDAQ,"Strata Critical Medical, Inc.",0.252,4.04,5.73,5.429,2.02,3.22,2.2,3.7,8.9,14.94,True,False,False,6.234,5.933,4.24,6647535.261998177,1208396.0,True,2B,100,1.214,14.01,22.37,23.72,3.51,4.58,3.96,1,True,1619.0,False,8,88.2,False,False,True,1.0,True,False,False,minervini,1.0,False,True
DGII,74.91000366210938,-4.26,-2.15,4.33,35.6,-12.12,127.55,-11.99,13.84,16.96,49.22,90.7,2659890000.910076,Electronic technology,Telecommunications equipment,NASDAQ,Digi International Inc.,3.359,4.48,76.558,72.606,-0.49,0.69,-0.48,0.71,-2.15,3.17,False,False,False,83.277,79.324,4.49,29028160.03538513,401964.0,True,2B,100,7.567,4.33,25.47,35.6,4.37,4.79,3.99,1,True,1619.0,False,8,87.9,True,True,True,3.0,True,True,False,minervini+canslim,2.0,True,True
ACU,60.959999084472656,1.09,5.31,17.75,37.82,-2.98,73.6,0.93,16.22,41.54,37.01,88.0,186478974.56391925,Distribution services,Wholesale distributors,NYSE Arca,Acme,2.432,3.99,57.884,53.362,1.27,3.12,1.33,3.57,5.31,14.24,True,False,False,62.747,58.225,3.82,1479797.9887542725,27260.0,True,2B,100,4.889,17.75,32.26,37.82,4.53,3.63,3.33,1,True,1619.0,True,8,87.8,False,True,True,2.0,True,False,False,minervini,1.0,True,True
HQL,22.3799991607666,3.69,7.01,13.08,30.59,-1.28,80.56,6.07,14.01,30.04,37.74,86.1,578664240.0,Miscellaneous,Investment trusts,NYSE,abrdn Life Sciences Investors Shares of Beneficial Interest,0.488,2.18,20.914,20.268,3.0,4.33,3.21,4.78,7.01,10.42,True,False,False,21.89,21.245,1.94,3137223.202064514,157486.0,True,2B,100,3.255,13.08,27.14,30.59,2.44,1.96,1.95,1,True,1619.0,False,8,87.6,False,False,True,1.0,True,False,False,minervini,1.0,True,True
KRO,8.199999809265137,2.19,7.51,19.26,36.16,-5.2,94.75,-3.19,23.49,21.45,36.64,85.0,751296859.2202111,Process industries,Chemicals: specialty,NYSE,Kronos Worldwide Inc,0.48,5.86,7.628,6.893,1.19,2.72,1.28,3.24,7.51,18.97,True,False,False,8.589,7.854,5.95,2844468.056073189,400376.0,True,2B,100,4.405,19.26,26.74,36.16,3.83,6.49,4.77,1,True,1619.0,False,8,87.5,,,,,True,False,False,minervini,1.0,True,True
KMX,62.130001068115234,4.29,6.2,11.67,38.4,-0.06,101.2,3.69,6.41,59.64,39.62,88.2,7487229168.24121,Retail trade,Specialty stores,NYSE,CarMax Inc,2.136,3.44,58.502,56.639,1.7,2.57,1.8,2.82,6.2,9.7,True,False,False,62.775,60.912,3.17,166800270.74932098,3050818.0,True,2B,100,3.505,11.67,32.47,38.4,3.79,3.19,3.43,1,True,1619.0,False,8,87.3,False,False,True,1.0,True,False,False,minervini,1.0,False,True
HELE,29.059999465942383,0.97,1.32,3.03,32.94,-3.84,109.37,-3.84,8.27,17.22,56.91,81.4,661028685.4387351,Consumer durables,Home furnishings,NASDAQ,Helen of Troy Limited,1.476,5.08,28.681,28.334,0.26,0.49,0.26,0.5,1.32,2.56,False,False,False,31.634,31.286,4.45,13852018.65676117,496100.0,True,2B,100,3.967,3.03,28.97,32.94,5.18,4.97,5.41,2,True,1619.0,False,8,87.2,False,False,True,1.0,True,False,False,minervini,1.0,False,True
TNK,91.0199966430664,5.2,10.53,20.31,33.06,-0.11,96.24,6.92,20.64,19.46,27.77,86.2,2355435824.892288,Transportation,Marine shipping,NYSE,Teekay Tankers Ltd.,3.105,3.41,82.347,75.867,2.79,4.88,3.09,5.86,10.53,19.97,True,False,False,88.556,82.077,3.24,28218099.530670166,372832.0,True,2B,100,4.218,20.31,25.52,33.06,3.27,3.36,3.15,1,True,1619.0,False,8,87.2,True,False,True,2.0,True,False,False,minervini,1.0,True,True
FRO,43.66999816894531,3.7,7.23,12.17,39.52,-1.75,133.92,5.97,12.41,18.55,35.42,90.7,7907565456.012477,Transportation,Marine shipping,NYSE,Frontline Plc,1.49,3.41,40.727,38.74,1.98,3.31,2.12,3.73,7.23,12.73,True,False,False,43.706,41.719,2.99,100031178.53502655,2571214.0,True,2B,100,6.31,12.17,26.74,39.52,3.06,3.17,3.54,1,True,1619.0,False,8,86.9,True,False,True,2.0,True,False,False,minervini,1.0,True,True
MITK,18.559999465942383,0.46,1.73,2.35,33.83,-7.85,114.57,-4.48,16.66,20.83,42.44,89.8,871114229.0685554,Technology services,Information technology services,NASDAQ,"Mitek Systems, Inc.",0.961,5.18,18.245,18.411,0.33,0.15,0.33,0.16,1.73,0.81,False,False,False,20.167,20.333,4.85,16233389.158607483,888130.0,True,2B,100,6.611,2.35,21.57,33.83,4.71,5.2,5.02,2,True,1619.0,False,8,86.8,True,True,True,3.0,True,True,False,minervini+canslim,2.0,True,True
NMM,88.77999877929688,6.69,9.86,16.46,34.72,0.0,104.6,8.43,15.66,19.0,30.26,87.0,1960446113.010899,Transportation,Marine shipping,NYSE,Navios Maritime Partners LP,2.44,2.75,80.812,77.177,3.27,4.76,3.59,5.47,9.86,15.03,True,False,False,85.691,82.056,2.43,8925714.927749634,115764.0,True,2B,100,5.616,16.46,26.2,34.72,2.35,2.37,2.51,1,True,1619.0,False,8,86.8,True,False,True,2.0,True,False,False,minervini,1.0,True,True
SXT,134.55999755859375,2.23,4.75,10.27,29.23,0.0,63.3,0.82,15.36,19.38,49.75,78.3,5115937852.331308,Consumer non-durables,Food: specialty/candy,NYSE,Sensient Technologies Corporation,3.865,2.87,128.458,122.964,1.58,3.0,1.65,3.28,4.75,9.43,True,False,False,136.188,130.694,2.74,63592442.519729614,530112.0,True,2B,100,3.61,10.27,25.09,29.23,2.77,2.59,2.87,1,True,1619.0,False,8,86.7,True,False,True,2.0,True,False,False,minervini,1.0,True,True
FNKO,6.5,6.16,8.43,12.93,47.1,0.0,131.32,5.86,13.64,25.97,24.05,91.9,324398995.18584067,Consumer durables,Recreational products,NASDAQ,"Funko, Inc.",0.399,6.13,5.994,5.837,1.27,1.66,1.38,1.85,8.43,11.36,False,False,False,6.791,6.634,6.25,5455114.710648537,940470.0,True,2B,100,7.063,12.93,35.12,47.1,5.23,6.64,5.21,2,True,1619.0,False,8,86.3,,,,,True,False,False,minervini,1.0,True,True
DAC,149.75,3.36,5.94,12.48,31.45,0.0,82.17,5.52,8.96,14.45,39.22,83.5,2239402590.334298,Transportation,Marine shipping,NYSE,Danaos Corporation,3.851,2.57,141.348,134.654,2.18,3.92,2.31,4.36,5.94,11.21,True,False,False,149.049,142.355,2.62,14232571.628631592,106134.0,True,2B,100,5.237,12.48,24.05,31.45,2.04,2.68,2.36,1,True,1619.0,False,8,86.3,False,False,True,1.0,True,False,False,minervini,1.0,False,True
ELMD,39.45000076293945,-3.43,-4.08,-4.39,26.82,-14.81,107.41,-4.29,3.33,2.26,62.61,86.5,343291470.83146065,Health technology,Medical specialties,NYSE Arca,"Electromed, Inc.",1.628,4.13,41.13,42.037,-1.03,-1.59,-0.99,-1.49,-4.08,-6.15,False,False,False,44.387,45.293,3.71,4072387.1464385986,96806.0,True,2B,100,5.656,-4.39,22.04,26.82,3.5,3.55,4.49,1,True,1619.0,False,7,86.2,True,True,True,3.0,False,True,False,canslim,1.0,True,True
VSXY,85.38999938964844,-3.07,-3.03,0.85,41.3,-14.58,300.14,-4.08,3.14,68.92,32.65,97.6,7035017406.596386,Retail trade,Apparel/Footwear retail,NYSE,Victorias Secret & Co.,4.218,4.94,88.054,85.859,-0.63,-0.11,-0.61,-0.11,-3.03,-0.55,False,False,False,96.491,94.296,4.76,146172225.29766846,1718500.0,True,2B,100,10.621,0.85,32.14,41.3,4.31,4.62,4.49,1,True,1229.0,False,8,86.2,False,False,True,1.0,True,False,False,minervini,1.0,False,True
RCKY,46.790000915527344,-0.52,0.81,7.93,25.63,-7.86,78.71,-1.56,16.68,31.35,39.73,87.7,311307453.5768375,Consumer non-durables,Apparel/Footwear,NASDAQ,"Rocky Brands, Inc.",1.784,3.81,46.415,44.09,0.21,1.51,0.21,1.61,0.81,6.12,False,False,False,49.982,47.658,3.81,2688277.945388794,60730.0,True,2B,100,5.598,7.93,17.73,25.63,3.44,3.52,3.34,1,True,1619.0,False,8,86.0,True,False,True,2.0,True,False,False,minervini,1.0,False,True
NWL,6.090000152587891,1.35,3.84,10.25,42.98,-4.25,106.87,-2.4,21.07,73.51,29.25,90.2,2472917908.105263,Producer manufacturing,Industrial machinery,NASDAQ,Newell Brands Inc.,0.346,5.68,5.865,5.643,0.65,1.29,0.68,1.4,3.84,7.92,False,False,False,6.556,6.334,5.92,64258898.63252258,11499268.0,True,2B,100,3.361,10.25,35.08,42.98,4.24,5.18,5.74,2,True,1619.0,False,8,86.0,True,False,True,2.0,True,False,False,minervini,1.0,True,True
LQDT,43.27000045776367,1.67,4.4,9.56,29.13,-0.71,95.26,-0.46,15.48,26.52,35.86,88.2,1218874282.5448349,Retail trade,Internet retail,NASDAQ,"Liquidity Services, Inc.",1.397,3.23,41.447,39.902,1.31,2.41,1.36,2.62,4.4,8.44,True,False,False,44.24,42.695,3.25,8833345.860832214,222686.0,True,2B,100,5.369,9.56,23.4,29.13,2.04,3.58,2.9,1,True,1619.0,False,8,86.0,True,False,True,2.0,True,False,False,minervini,1.0,True,True
CHMG,82.68000030517578,0.15,1.51,6.63,31.13,-1.48,68.2,-1.48,10.88,20.72,42.32,85.2,364281999.0571774,Finance,Regional banks,NASDAQ,Chemung Financial Corp,2.228,2.69,81.448,78.918,0.55,1.69,0.56,1.77,1.51,4.77,False,False,False,85.904,83.374,2.49,4525723.816436768,58334.0,True,2B,100,5.309,6.63,24.68,31.13,2.64,2.4,2.82,1,True,1619.0,False,8,85.9,False,False,True,1.0,True,False,False,minervini,1.0,True,True
CODI,11.68000030517578,-0.03,3.05,10.14,38.03,-8.1,151.18,-8.1,17.86,-0.17,54.29,85.8,783206473.5928935,Finance,Investment managers,NYSE,D/B/A Compass Diversified Holdings Shares of Beneficial Interest,0.614,5.26,11.334,10.722,0.56,1.56,0.58,1.7,3.05,8.93,False,False,False,12.563,11.951,4.49,9037532.253547668,842856.0,True,2B,100,4.708,10.14,24.11,38.03,5.38,5.12,4.47,1,True,1619.0,False,8,85.9,False,False,True,1.0,True,False,False,minervini,1.0,True,True
STT,187.1300048828125,-0.2,0.64,4.11,29.84,-3.06,73.72,-2.4,1.59,22.36,47.97,86.8,46527303705.224655,Finance,Finance/Rental/Leasing,NYSE,State Street Corporation,4.325,2.31,185.946,182.476,0.27,1.08,0.28,1.1,0.64,2.55,False,False,False,194.597,191.127,2.16,402471463.957428,2258020.0,True,2B,100,5.326,4.11,23.64,29.84,2.32,1.89,2.31,1,True,1619.0,False,8,85.8,True,False,True,2.0,True,False,False,minervini,1.0,True,True
TX,55.45000076293945,2.83,6.25,15.34,31.16,0.0,76.66,3.05,17.63,23.72,31.16,85.4,8906479123.0,Non-energy minerals,Steel,NYSE,Ternium S.A.,1.759,3.17,52.191,48.261,1.85,4.09,1.97,4.7,6.25,14.89,True,False,False,55.708,51.779,3.03,30272061.553085327,622098.0,True,2B,100,4.256,15.34,25.67,31.16,3.44,3.06,2.61,1,True,1619.0,False,8,85.8,,,,,True,False,False,minervini,1.0,True,True
DXCM,92.33999633789062,3.58,7.88,18.95,33.21,0.0,68.38,2.89,31.02,28.43,26.35,77.1,27065129688.21675,Health technology,Medical specialties,NASDAQ,"DexCom, Inc.",2.812,3.05,85.599,79.083,2.4,4.71,2.59,5.5,7.88,16.76,True,False,False,91.224,84.708,2.9,399766250.4753418,5107314.0,True,2B,100,2.697,18.95,30.13,33.21,2.72,2.88,2.79,1,True,1619.0,False,8,85.7,True,True,True,3.0,True,True,False,minervini+canslim,2.0,True,True
ARMK,59.77000045776367,0.22,1.8,5.18,31.7,-4.01,67.61,-4.01,5.07,16.0,46.7,83.7,14741175810.373491,Consumer services,Restaurants,NYSE,Aramark,1.373,2.3,58.715,57.553,0.77,1.61,0.78,1.68,1.8,3.85,False,False,False,61.462,60.299,2.02,148542597.52183533,2605952.0,True,2B,100,4.52,5.18,24.39,31.7,2.35,2.23,1.91,1,True,1619.0,False,8,85.6,True,False,True,2.0,True,False,False,minervini,1.0,True,True
KFY,85.05999755859375,1.28,3.13,10.35,25.42,0.0,45.25,1.03,9.28,28.66,39.03,77.9,3745728647.276464,Commercial services,Personnel services,NYSE,Korn Ferry,2.002,2.35,82.478,78.647,1.29,3.2,1.33,3.46,3.13,8.15,True,False,False,86.482,82.651,2.22,39996855.26437378,536142.0,True,2B,100,2.443,10.35,23.75,25.42,1.53,1.99,2.45,1,True,1619.0,False,8,85.6,False,False,True,1.0,True,False,False,minervini,1.0,False,True
SHIP,17.5,3.5,5.5,12.33,36.18,-3.69,145.99,4.35,6.9,14.23,30.64,90.7,298975630.27253664,Transportation,Marine shipping,NASDAQ,Seanergy Maritime Holdings Corp.,0.704,4.03,16.588,15.694,1.29,2.56,1.37,2.86,5.5,11.51,True,False,False,17.997,17.103,3.87,4010739.607492447,252198.0,True,2B,100,7.533,12.33,24.34,36.18,2.73,3.58,4.04,1,True,1490.0,False,8,85.5,True,False,True,2.0,True,False,False,minervini,1.0,True,True
SEIC,109.52999877929688,2.69,4.86,11.86,26.19,0.0,46.54,2.96,13.23,22.97,35.36,76.6,10493817518.494823,Finance,Investment managers,NASDAQ,SEI Investments Company,2.011,1.84,104.451,100.005,2.53,4.74,2.65,5.19,4.86,9.53,True,False,False,108.472,104.026,1.72,68581298.95343018,702874.0,True,2B,100,2.84,11.86,23.9,26.19,1.48,1.54,2.03,1,True,1619.0,False,8,85.5,False,False,True,1.0,True,False,False,minervini,1.0,False,True
BRKR,59.560001373291016,2.23,2.43,1.87,26.41,-7.43,103.94,3.22,-4.17,32.53,55.96,87.3,9272063134.60371,Health technology,Medical specialties,NASDAQ,Bruker Corporation,3.111,5.22,58.15,58.974,0.45,0.19,0.46,0.19,2.43,0.99,False,False,False,64.371,65.195,4.98,131061541.93412018,2263644.0,True,2B,100,4.652,1.87,25.8,26.41,4.89,4.85,4.57,1,True,1619.0,False,8,85.4,False,False,True,1.0,True,False,False,minervini,1.0,False,True
UFPT,309.1300048828125,-0.49,3.47,15.51,32.08,-7.68,66.84,-3.93,30.87,36.72,32.4,82.8,2010056706.4859736,Process industries,Industrial specialties,NASDAQ,"UFP Technologies, Inc.",12.328,3.99,298.77,275.283,0.84,2.75,0.87,3.08,3.47,12.3,True,False,False,323.425,299.938,3.75,54498940.30493164,203782.0,True,2B,100,4.622,15.51,31.3,32.08,3.24,4.11,3.59,1,True,1619.0,False,8,85.4,False,False,True,1.0,True,False,False,minervini,1.0,True,True
CHRD,147.85000610351562,3.53,6.61,14.05,26.38,-0.65,79.87,7.67,6.45,3.5,43.02,80.5,6563921917.869016,Energy minerals,Integrated oil,NASDAQ,Chord Energy Corporation,4.936,3.34,138.681,130.5,1.86,3.51,1.98,3.98,6.61,13.3,True,False,False,148.553,140.372,3.18,107751407.83287048,836794.0,True,2B,100,4.405,14.05,17.46,26.38,3.25,3.22,2.79,1,True,1443.0,False,8,85.4,False,False,True,1.0,True,False,False,minervini,1.0,True,True
WEX,199.92999267578125,3.4,7.13,21.81,28.49,0.0,57.6,4.25,16.6,33.99,27.04,79.3,4784550650.383002,Commercial services,Miscellaneous commercial services,NYSE,WEX Inc.,6.209,3.11,186.628,172.237,2.14,4.46,2.3,5.18,7.13,16.08,True,False,False,199.045,184.655,2.97,117713355.58761597,717508.0,True,2B,100,2.343,21.81,26.94,28.49,2.44,2.9,3.0,1,True,1619.0,False,8,85.3,True,False,True,2.0,True,False,False,minervini,1.0,True,True
TEN,42.709999084472656,3.17,5.79,10.72,29.31,-1.46,108.27,3.04,8.32,-1.46,40.68,86.3,1081383095.522293,Transportation,Marine shipping,NYSE,Tsakos Energy Navigation Ltd,1.359,3.18,40.371,38.784,1.72,2.89,1.82,3.18,5.79,10.12,True,False,False,43.09,41.503,2.99,9348376.54386139,243110.0,True,2B,100,5.793,10.72,17.85,29.31,2.34,2.96,3.32,1,True,1619.0,False,8,85.2,True,False,True,2.0,True,False,False,minervini,1.0,True,True
INBK,29.200000762939453,0.91,2.27,6.41,27.43,-2.47,70.56,0.48,12.22,21.12,43.88,81.5,237441882.4005837,Finance,Regional banks,NASDAQ,First Internet Bancorp,0.947,3.24,28.552,27.83,0.68,1.45,0.7,1.52,2.27,4.92,False,False,False,30.445,29.723,3.17,1159722.7852134705,41774.0,True,2B,100,3.792,6.41,22.04,27.43,3.14,2.98,3.33,1,True,1619.0,False,8,85.1,True,False,True,2.0,True,False,False,minervini,1.0,True,True
MATX,222.8000030517578,3.04,4.72,8.01,34.89,-0.15,155.4,2.53,4.51,22.14,33.32,91.3,5885905349.385548,Transportation,Marine shipping,NYSE,"Matson, Inc.",6.884,3.09,212.756,208.891,1.46,2.02,1.53,2.16,4.72,6.66,True,False,False,226.524,222.659,2.96,64212088.52713013,311936.0,True,2B,100,7.558,8.01,22.94,34.89,2.45,3.21,3.02,1,True,1619.0,False,8,85.0,False,False,True,1.0,True,False,False,minervini,1.0,True,True
BWFG,66.30000305175781,-0.65,0.77,7.56,28.25,-2.69,68.29,-2.69,9.79,26.02,37.61,84.8,476556995.8197344,Finance,Regional banks,NASDAQ,"Bankwell Financial Group, Inc.",1.716,2.59,65.792,63.049,0.3,1.9,0.3,1.99,0.77,5.16,False,False,False,69.223,66.48,2.54,4974731.44694519,81698.0,True,2B,100,5.034,7.56,23.7,28.25,2.27,2.22,2.65,1,True,1619.0,False,8,84.9,True,False,True,2.0,True,False,False,minervini,1.0,True,True
PBI,16.479999542236328,-0.28,-2.55,-5.24,26.74,-10.45,86.48,0.37,-7.14,6.94,60.04,84.7,2454198557.321143,Technology services,Packaged software,NYSE,Pitney Bowes Inc.,0.556,3.37,16.911,17.435,-0.78,-1.72,-0.76,-1.62,-2.55,-5.48,False,False,False,18.023,18.547,3.71,38891845.32268524,2228314.0,True,2B,100,5.1,-5.24,17.12,26.74,2.29,3.43,3.56,1,True,1619.0,False,7,84.9,True,True,True,3.0,False,True,False,canslim,1.0,False,True
SCSC,54.34999847412109,1.1,0.7,2.32,25.21,-7.71,58.59,2.18,0.87,27.31,45.95,80.8,1033908797.91134,Distribution services,Electronics distributors,NASDAQ,"ScanSource, Inc.",2.905,5.35,53.974,54.015,0.13,0.12,0.13,0.12,0.7,0.62,False,False,False,59.784,59.826,4.52,13049595.434295654,245054.0,True,2B,100,3.034,2.32,22.59,25.21,7.12,4.8,3.33,1,True,1619.0,True,8,84.9,False,False,True,1.0,True,False,False,minervini,1.0,True,True
CNK,36.59999847412109,-0.98,1.17,8.39,28.83,-3.86,67.98,-2.09,11.96,38.05,39.06,81.7,3905382494.813717,Consumer services,Movies/Entertainment,NYSE,"Cinemark Holdings, Inc.",1.158,3.16,36.177,33.89,0.37,2.34,0.37,2.53,1.17,8.0,True,False,False,38.493,36.207,3.29,84680774.4023552,2505204.0,True,2B,100,3.886,8.39,24.29,28.83,2.7,2.96,3.13,1,True,1603.0,False,8,84.8,True,False,True,2.0,True,False,False,minervini,1.0,True,True
ANET,188.6499938964844,-1.46,0.2,6.37,26.56,-10.38,62.45,-5.12,6.82,26.96,42.07,83.3,198450331886.09973,Electronic technology,Computer peripherals,NYSE,"Arista Networks, Inc.",9.545,5.06,188.277,180.312,0.04,0.87,0.04,0.91,0.2,4.62,False,False,False,207.367,199.402,4.88,1418975339.5741882,7981818.0,True,2B,100,2.514,6.37,21.29,26.56,3.68,4.81,4.7,1,True,1619.0,False,8,84.7,True,True,True,3.0,True,True,False,minervini+canslim,2.0,True,True
JAZZ,254.27999877929688,1.17,1.34,3.89,27.11,-2.81,110.97,3.8,-0.23,6.22,47.67,85.3,14449311234.296022,Health technology,Pharmaceuticals: major,NASDAQ,Jazz Pharmaceuticals plc,7.231,2.84,250.914,248.746,0.47,0.77,0.47,0.78,1.34,2.22,False,False,False,265.376,263.208,2.81,192608167.06762695,788044.0,True,2B,100,6.188,3.89,19.9,27.11,2.78,2.93,2.74,1,True,1619.0,False,8,84.7,False,False,True,1.0,True,False,False,minervini,1.0,False,True
DHT,19.81999969482422,4.98,9.06,14.93,32.96,-0.85,100.52,8.31,14.84,19.04,25.54,86.9,2842384955.566925,Transportation,Marine shipping,NYSE,"DHT Holdings, Inc.",0.65,3.28,18.173,17.213,2.54,4.01,2.77,4.62,9.06,15.14,True,False,False,19.472,18.512,3.01,59909773.524074554,3464068.0,True,2B,100,5.053,14.93,23.2,32.96,3.34,3.16,3.36,1,True,1619.0,False,8,84.6,True,True,True,3.0,True,True,False,minervini+canslim,2.0,True,True
CNC,65.0199966430664,-0.13,-0.06,0.09,33.08,-5.38,129.1,-3.63,2.01,12.55,50.37,89.4,32457274935.624367,Health services,Managed health care,NYSE,Centene Corporation,2.396,3.68,65.056,65.462,-0.02,-0.18,-0.02,-0.18,-0.06,-0.68,False,False,False,69.848,70.253,4.08,317834411.9231949,4925230.0,True,2B,100,6.292,0.09,25.32,33.08,2.34,3.58,3.71,1,True,1619.0,False,8,84.6,False,False,True,1.0,True,False,False,minervini,1.0,True,True
ALNT,95.83999633789062,-7.56,-5.29,0.55,34.38,-16.1,128.29,-13.94,8.19,52.57,40.39,92.7,1659369448.3056912,Producer manufacturing,Electrical products,NASDAQ,Allient Inc.,6.286,6.56,101.188,95.201,-0.85,0.1,-0.81,0.1,-5.29,0.67,False,False,False,113.76,107.773,6.15,28101000.365600586,293138.0,True,2B,100,7.372,0.55,24.61,34.38,5.39,6.29,5.77,2,True,1619.0,False,8,84.6,True,False,True,2.0,True,False,False,minervini,1.0,True,True
LPTH,14.420000076293944,6.33,10.62,11.77,23.33,-20.55,280.47,-4.94,16.57,0.98,20.17,95.5,824424905.8085105,Electronic technology,Electronic components,NASDAQ,"LightPath Technologies, Inc.",1.224,8.49,13.036,12.526,1.13,1.55,1.25,1.78,10.62,15.12,False,False,False,15.483,14.974,7.05,39606675.82252693,3023396.0,True,2B,100,3.506,11.77,13.84,23.33,8.73,7.65,8.25,2,True,1619.0,False,8,84.5,False,False,True,1.0,True,False,False,minervini,1.0,False,True
FCX,76.66000366210938,9.89,13.35,18.65,30.08,0.0,119.25,15.3,20.72,23.33,19.7,87.9,89775609322.05334,Non-energy minerals,Other metals/Minerals,NYSE,"Freeport-McMoRan, Inc.",3.0,3.91,67.629,64.025,3.01,4.21,3.41,5.04,13.35,19.73,True,False,False,73.629,70.024,3.11,947065682.5662537,14671168.0,True,2B,100,4.578,18.65,21.64,30.08,3.68,3.04,3.09,1,True,1619.0,False,8,84.2,True,False,True,2.0,True,False,False,minervini,1.0,True,True
REPX,38.16999816894531,3.61,6.49,11.69,22.35,-6.24,63.37,5.65,7.24,2.98,38.08,76.3,732021256.3060977,Energy minerals,Integrated oil,NYSE Arca,"Riley Exploration Permian, Inc.",1.179,3.09,35.845,34.441,1.97,3.16,2.1,3.5,6.49,10.83,True,False,False,38.204,36.8,3.0,7405519.9195251465,218392.0,True,2B,100,3.162,11.69,15.22,22.35,2.67,2.98,2.91,1,True,1339.0,False,8,84.1,True,False,True,2.0,True,False,False,minervini,1.0,True,True
BFH,105.91000366210938,-2.22,-1.71,1.06,26.94,-6.6,97.63,-6.6,2.25,23.79,40.62,87.6,4294058903.4555073,Finance,Finance/Rental/Leasing,NYSE,"Bread Financial Holdings, Inc.",3.48,3.29,107.757,105.28,-0.53,0.18,-0.52,0.18,-1.71,0.6,False,False,False,114.717,112.24,3.06,67470143.19155884,649596.0,True,2B,100,6.307,1.06,20.62,26.94,3.39,2.88,3.24,1,True,1619.0,False,8,84.1,True,True,True,3.0,True,True,False,minervini+canslim,2.0,True,True
MLR,57.20000076293945,2.46,5.45,11.27,27.47,0.0,62.25,0.6,11.68,23.85,32.71,81.5,603175253.6655837,Consumer durables,Motor vehicles,NYSE,"Miller Industries, Inc.",1.705,2.98,54.245,51.85,1.73,3.14,1.83,3.46,5.45,10.32,True,False,False,57.656,55.26,3.07,4621296.136581421,88560.0,True,2B,100,3.187,11.27,21.13,27.47,2.31,3.44,2.82,1,True,1619.0,False,8,84.0,False,False,True,1.0,True,False,False,minervini,1.0,True,True
PESI,17.299999237060547,-0.6,1.55,14.97,30.22,-10.96,111.23,-0.4,7.05,90.95,28.91,91.0,259743510.51879084,Industrial services,Environmental services,NASDAQ,"Perma-Fix Environmental Services, Inc.",1.238,7.16,17.035,16.086,0.21,0.98,0.22,1.05,1.55,7.55,False,False,False,19.512,18.562,7.19,7709784.049905777,491542.0,True,2B,100,3.657,14.97,30.12,30.22,4.32,6.91,7.0,2,True,1619.0,False,8,84.0,False,False,True,1.0,True,False,False,minervini,1.0,False,True
OVV,66.81999969482422,3.71,6.76,14.6,30.99,0.0,89.17,6.03,8.85,14.1,33.53,85.0,14947378333.76975,Energy minerals,Integrated oil,NYSE,Ovintiv Inc. (DE),1.807,2.7,62.588,59.309,2.34,4.16,2.5,4.68,6.76,12.66,True,False,False,66.201,62.922,2.55,203994707.51203156,3478722.0,True,2B,100,5.301,14.6,21.23,30.99,1.89,2.33,2.33,1,True,1602.0,False,8,83.9,True,False,True,2.0,True,False,False,minervini,1.0,True,True
UAN,125.9000015258789,2.96,4.82,10.68,17.65,-1.74,67.27,1.94,6.74,7.74,36.0,76.8,1157163819.435144,Process industries,Chemicals: agricultural,NYSE,"CVR Partners, LP",3.377,2.68,120.115,115.802,1.71,2.99,1.8,3.25,4.82,8.72,True,False,False,126.868,122.556,2.66,5052050.785003662,44122.0,True,2B,100,3.742,10.68,12.04,17.65,2.58,2.76,2.5,1,True,1619.0,False,8,83.8,True,False,True,2.0,True,False,False,minervini,1.0,False,True
OSPN,15.729999542236328,-1.15,-0.38,4.44,25.62,-6.31,57.88,-3.73,7.47,23.65,42.55,75.6,524951588.9667406,Technology services,Information technology services,NASDAQ,OneSpan Inc.,0.59,3.75,15.79,15.397,-0.1,0.56,-0.1,0.58,-0.38,2.16,False,False,False,16.971,16.577,4.03,6273522.994749069,416572.0,True,2B,100,1.052,4.44,24.48,25.62,2.85,4.15,3.53,1,True,1619.0,False,8,83.7,False,False,True,1.0,True,False,False,minervini,1.0,True,True
MG,18.959999084472656,3.86,8.49,11.15,22.93,-2.82,105.42,4.75,21.0,10.23,27.85,85.4,598789956.2822151,Industrial services,Engineering & construction,NYSE,Mistras Group Inc,0.906,4.78,17.477,16.666,1.64,2.53,1.78,2.88,8.49,13.76,True,False,False,19.288,18.477,4.48,3882577.9745368958,221722.0,True,2B,100,4.908,11.15,15.63,22.93,4.74,4.81,3.88,1,True,1619.0,False,8,83.7,True,True,True,3.0,True,True,False,minervini+canslim,2.0,True,True
ARWR,87.11000061035156,-0.45,1.0,5.58,26.54,-2.77,320.62,0.54,0.38,15.32,36.99,96.6,11112209039.509146,Health technology,Biotechnology,NASDAQ,"Arrowhead Pharmaceuticals, Inc.",3.473,3.99,86.249,83.472,0.25,1.05,0.25,1.09,1.0,4.36,False,False,False,93.194,90.418,3.48,179619560.47460938,2202170.0,True,2B,100,7.654,5.58,20.12,26.54,2.88,3.44,4.17,1,True,1619.0,False,8,83.7,False,False,True,1.0,True,False,False,minervini,1.0,False,True
VG,14.210000038146973,2.34,4.42,11.56,28.77,-18.83,140.7,1.57,-6.27,4.94,47.05,77.7,27203719886.66205,Industrial services,Oil & gas pipelines,NYSE,"Venture Global, Inc.",0.737,5.19,13.608,13.06,0.82,1.56,0.85,1.7,4.42,8.8,False,False,False,15.083,14.535,4.66,191920842.31240845,14899438.0,True,2B,100,3.572,11.56,15.09,28.77,3.34,4.45,4.46,1,True,347.0,False,8,83.6,,,,,True,False,False,minervini,1.0,True,True
IDT,67.91999816894531,1.94,3.42,9.75,27.12,-0.07,46.2,2.06,8.31,29.07,37.26,75.1,1425944888.982833,Communications,Major telecommunications,NYSE,IDT Corporation,1.788,2.63,65.674,63.768,1.26,2.32,1.3,2.47,3.42,6.51,True,False,False,69.25,67.344,2.64,12920233.443717957,212358.0,True,2B,100,3.393,9.75,24.98,27.12,2.53,2.66,2.63,1,True,1619.0,False,8,83.5,False,True,True,2.0,True,False,False,minervini,1.0,True,True
RPRX,61.310001373291016,2.63,4.18,7.27,28.57,-0.68,79.08,4.62,4.3,14.95,37.03,83.6,32381855792.411587,Health technology,Pharmaceuticals: major,NASDAQ,Royalty Pharma plc,1.425,2.32,58.849,57.916,1.73,2.38,1.8,2.52,4.18,5.86,True,False,False,61.698,60.765,2.28,176380412.92090607,3101518.0,True,2B,100,5.008,7.27,20.99,28.57,2.33,2.45,2.24,1,True,1505.0,False,8,83.4,False,True,True,2.0,True,False,False,minervini,1.0,True,True
HQH,24.38999938964844,2.77,5.65,11.9,27.55,-1.09,65.49,4.59,15.32,24.5,27.31,82.1,1213618484.0,Miscellaneous,Investment trusts,NYSE,abrdn Healthcare Investors Shares of Beneficial Interest,0.515,2.11,23.085,22.233,2.53,4.19,2.68,4.6,5.65,9.7,True,False,False,24.115,23.262,1.78,5291738.541194916,241818.0,True,2B,100,3.03,11.9,24.27,27.55,2.09,1.92,1.83,1,True,1619.0,False,8,83.4,False,False,True,1.0,True,False,False,minervini,1.0,True,True
CZFS,81.69999694824219,0.48,2.46,9.24,26.88,-2.35,57.36,-1.02,14.27,27.08,31.83,82.5,354700360.29637975,Finance,Regional banks,NASDAQ,"Citizens Financial Services, Inc.",3.011,3.69,79.735,76.428,0.65,1.75,0.67,1.87,2.46,6.9,False,False,False,85.757,82.451,3.67,1930942.7350769043,24876.0,True,2B,100,4.281,9.24,22.06,26.88,3.87,3.64,3.58,1,True,1619.0,False,8,83.4,False,False,True,1.0,True,False,False,minervini,1.0,False,True
NGL,16.809999465942383,-1.74,0.09,4.41,27.35,-8.44,243.06,-6.46,4.54,-4.6,40.32,92.3,1989539735.905059,Industrial services,Oil & gas pipelines,NYSE,NGL ENERGY PARTNERS LP,0.78,4.64,16.795,16.119,0.02,0.89,0.02,0.92,0.09,4.29,False,False,False,18.355,17.68,4.52,3779418.898750305,231942.0,True,2B,100,8.548,4.41,16.88,27.35,4.54,4.69,4.58,1,True,1592.0,False,8,83.3,False,False,True,1.0,True,False,False,minervini,1.0,False,True
TILE,38.93999862670898,1.88,5.43,12.43,29.36,-0.97,59.61,2.58,19.26,33.81,19.86,82.8,2074928150.182484,Producer manufacturing,Building products,NASDAQ,"Interface, Inc.",1.278,3.28,36.935,35.189,1.57,2.93,1.65,3.25,5.43,10.66,True,False,False,39.491,37.746,3.04,17771440.19614029,511362.0,True,2B,100,3.324,12.43,26.02,29.36,2.58,3.37,2.88,1,True,1619.0,False,8,83.1,True,True,True,3.0,True,True,False,minervini+canslim,2.0,True,True
CF,129.60000610351562,6.53,7.84,12.2,23.74,-4.94,72.82,9.55,2.81,7.05,34.6,80.2,16238615382.767088,Process industries,Chemicals: agricultural,NYSE,"CF Industries Holdings, Inc.",4.949,3.82,120.18,118.222,1.9,2.3,2.05,2.52,7.84,9.62,True,False,False,130.079,128.121,3.25,296263622.6679688,2580452.0,True,2B,100,3.553,12.2,14.28,23.74,3.47,3.6,3.01,1,True,1619.0,False,8,83.1,True,False,True,2.0,True,False,False,minervini,1.0,True,True
TRGP,299.1000061035156,4.56,7.29,10.1,30.08,-1.04,108.84,8.45,5.22,11.2,30.54,85.8,58514077728.21493,Utilities,Gas distributors,NYSE,"Targa Resources, Inc.",9.025,3.02,278.787,273.466,2.25,2.84,2.41,3.11,7.29,9.37,True,False,False,296.837,291.515,2.65,355007923.913208,1304070.0,True,2B,100,5.596,10.1,20.35,30.08,2.99,2.57,2.4,1,True,1591.0,False,8,83.1,False,True,True,2.0,True,False,False,minervini,1.0,True,True
WST,353.0799865722656,0.73,1.08,1.56,21.82,-3.4,53.1,1.05,-0.61,11.76,46.64,77.1,24786707000.70161,Health technology,Medical specialties,NYSE,"West Pharmaceutical Services, Inc.",8.578,2.43,349.311,351.512,0.44,0.18,0.44,0.18,1.08,0.45,False,False,False,366.467,368.668,2.12,258143394.7526245,745298.0,True,2B,100,2.551,1.56,19.47,21.82,2.21,2.0,2.39,1,True,1619.0,False,8,83.0,False,False,True,1.0,True,False,False,minervini,1.0,True,True
RVTY,124.75,4.96,7.36,12.24,24.17,0.0,51.75,6.77,10.23,30.87,24.51,78.8,12608485782.69497,Health technology,Medical specialties,NYSE,"Revvity, Inc.",3.973,3.18,116.194,113.478,2.15,2.84,2.31,3.12,7.36,9.93,True,False,False,124.141,121.424,3.07,167709052.1781006,1501368.0,True,2B,100,2.242,12.24,23.52,24.17,3.44,3.15,3.0,1,True,1619.0,False,8,82.9,False,False,True,1.0,True,False,False,minervini,1.0,True,True
GIC,39.45000076293945,1.9,4.59,12.5,26.16,-0.16,51.89,1.99,15.08,36.55,26.45,80.1,1344494952.6936517,Retail trade,Internet retail,NYSE,Global Industrial Company,1.032,2.62,37.72,35.742,1.68,3.59,1.75,3.97,4.59,10.37,True,False,False,39.784,37.806,2.74,4933579.740570068,139424.0,True,2B,100,1.834,12.5,22.09,26.16,2.33,2.88,2.51,1,True,1619.0,False,8,82.8,,,,,True,False,False,minervini,1.0,True,True
ADAM,9.9399995803833,-0.09,2.36,7.08,25.34,-2.83,65.99,-1.78,15.72,15.42,30.05,81.7,854579119.0996785,Finance,Real estate investment trusts,NASDAQ,"Adamas Trust, Inc.",0.241,2.43,9.711,9.355,0.95,2.42,0.97,2.58,2.36,6.25,True,False,False,10.193,9.838,2.46,8750696.317918777,942664.0,True,2B,100,4.45,7.08,19.41,25.34,1.79,2.3,2.33,1,True,1602.0,False,8,82.7,True,False,True,2.0,True,False,False,minervini,1.0,True,True
AGM,220.83999633789065,-2.88,-1.76,5.5,24.95,-8.65,60.29,-5.1,7.48,25.87,50.66,79.2,2063670532.9411216,Finance,Finance/Rental/Leasing,NYSE,Federal Agricultural Mortgage Corporation,6.551,2.97,224.807,215.326,-0.61,0.84,-0.59,0.86,-1.76,2.56,False,False,False,237.909,228.428,3.27,25520755.300598145,123102.0,True,2B,100,4.282,5.5,23.08,24.95,2.72,3.06,2.63,1,True,1619.0,False,8,82.6,False,False,True,1.0,True,False,False,minervini,1.0,False,True
UFCS,53.02000045776367,-0.56,0.11,2.5,26.75,-3.48,78.16,-2.32,7.28,10.67,38.24,81.6,1348231568.4626122,Finance,Property/Casualty insurance,NASDAQ,"United Fire Group, Inc",1.55,2.92,52.961,52.444,0.04,0.37,0.04,0.38,0.11,1.1,False,False,False,56.06,55.543,2.82,8340611.990997314,161074.0,True,2B,100,5.753,2.5,21.06,26.75,2.73,2.91,2.87,1,True,1619.0,False,8,82.5,True,True,True,3.0,True,True,False,minervini+canslim,2.0,False,True
JHX,30.43000030517578,1.5,4.85,13.55,34.75,-2.09,82.32,-1.97,17.67,46.23,21.33,87.9,15454367417.107996,Non-energy minerals,Construction materials,NYSE,James Hardie Industries plc.,0.995,3.27,29.022,27.275,1.42,3.17,1.48,3.54,4.85,11.57,True,False,False,31.011,29.265,2.77,195455908.74314117,7337660.0,True,2B,100,3.342,13.55,29.52,34.75,3.04,2.76,2.87,1,True,1619.0,False,8,82.4,False,False,True,1.0,True,False,False,minervini,1.0,False,True
WKC,35.95000076293945,-1.44,-2.02,1.59,29.84,-10.68,61.62,-0.44,-0.88,25.3,46.22,83.7,1731705689.673812,Distribution services,Wholesale distributors,NYSE,World Kinect Corporation,1.027,2.86,36.69,36.397,-0.72,-0.44,-0.71,-0.43,-2.02,-1.23,False,False,False,38.745,38.452,2.89,44441183.28857803,1246080.0,True,2B,100,4.822,1.59,24.44,29.84,2.3,2.6,2.73,1,True,1619.0,False,8,82.3,False,False,True,1.0,True,False,False,minervini,1.0,True,True
PAG,216.8699951171875,0.07,1.55,8.92,28.79,-2.3,56.62,-1.36,1.28,36.16,32.77,80.9,11980172416.420149,Retail trade,Specialty stores,NYSE,"Penske Automotive Group, Inc.",3.98,1.84,213.563,204.466,0.83,3.12,0.84,3.31,1.55,6.07,True,False,False,221.523,212.426,1.62,82574973.80886841,405874.0,True,2B,100,3.406,8.92,26.29,28.79,1.24,1.36,2.04,1,True,1619.0,False,8,82.2,False,False,True,1.0,True,False,False,minervini,1.0,True,True
TWIN,23.420000076293945,-2.74,-1.34,2.64,28.59,-6.73,115.45,-4.37,1.54,47.5,38.03,93.2,348888165.67169327,Producer manufacturing,Trucks/Construction/Farm machinery,NASDAQ,"Twin Disc, Incorporated",1.345,5.74,23.739,23.215,-0.24,0.15,-0.23,0.15,-1.34,0.88,False,False,False,26.429,25.906,5.12,3209575.155822754,138372.0,True,2B,100,4.998,2.64,23.49,28.59,7.51,5.46,5.23,2,True,1619.0,True,8,82.2,,,,,True,False,False,minervini,1.0,True,True
INCY,127.80999755859376,2.81,4.78,9.99,23.31,-1.63,56.51,6.37,9.53,31.21,26.14,79.3,22725219335.5924,Health technology,Pharmaceuticals: major,NASDAQ,Incyte Corporation,3.768,2.95,121.976,119.265,1.55,2.27,1.62,2.43,4.78,7.16,True,False,False,129.513,126.802,3.2,215682029.36489868,1859080.0,True,2B,100,3.346,9.99,22.81,23.31,2.86,2.67,2.93,1,True,1619.0,False,8,82.1,True,True,True,3.0,True,True,False,minervini+canslim,2.0,True,True
LITE,866.7100219726562,-0.15,2.79,6.42,32.8,-17.7,638.07,-6.42,3.97,-10.14,29.79,98.7,63561044332.67976,Producer manufacturing,Electrical products,NASDAQ,Lumentum Holdings Inc.,80.986,9.34,843.148,798.265,0.29,0.85,0.3,0.92,2.79,8.57,False,False,False,1005.12,960.236,8.78,4108253297.7663574,5006644.0,True,2B,100,10.946,6.42,13.43,32.8,8.19,8.94,7.62,2,True,1619.0,False,8,82.0,False,False,True,1.0,True,False,False,minervini,1.0,False,True
DXPE,190.27999877929688,-0.24,3.14,10.54,33.67,-5.26,122.47,-5.26,8.85,32.01,27.59,89.8,2532947845.720103,Distribution services,Wholesale distributors,NASDAQ,"DXP Enterprises, Inc.",9.081,4.77,184.495,173.209,0.64,1.88,0.66,2.07,3.14,9.86,False,False,False,202.658,191.372,4.89,27229034.731689453,157788.0,True,2B,100,4.524,10.54,22.61,33.67,4.11,5.17,4.15,1,True,1619.0,False,8,81.8,False,True,True,2.0,True,False,False,minervini,1.0,True,True
SBLK,30.5,3.71,6.27,12.19,30.22,0.0,89.02,4.99,12.34,15.42,25.06,83.2,2777877591.677852,Transportation,Marine shipping,NASDAQ,Star Bulk Carriers Corp.,1.002,3.29,28.701,27.37,1.8,3.12,1.91,3.48,6.27,11.44,True,False,False,30.705,29.374,3.11,37163947.8992653,1358124.0,True,2B,100,5.212,12.19,21.88,30.22,3.21,3.02,2.8,1,True,1619.0,False,8,81.8,True,False,True,2.0,True,False,False,minervini,1.0,False,True
TK,13.239999771118164,5.19,9.64,15.58,23.87,0.0,81.18,6.17,18.43,6.1,19.08,78.9,935377074.6846848,Transportation,Marine shipping,NYSE,Teekay Corporation Ltd.,0.441,3.33,12.076,11.318,2.64,4.36,2.9,5.1,9.64,16.98,True,False,False,12.957,12.199,3.3,6481949.689609528,566846.0,True,2B,100,3.763,15.58,17.09,23.87,2.95,3.34,3.31,1,True,1619.0,False,8,81.6,True,False,True,2.0,True,False,False,minervini,1.0,True,True
OPY,115.98999786376952,1.23,2.13,4.31,26.76,-2.38,84.08,-0.3,5.77,20.27,31.76,86.4,1115148689.1690197,Finance,Investment banks/Brokers,NYSE,"Oppenheimer Holdings, Inc.",4.268,3.68,113.572,112.382,0.57,0.85,0.58,0.87,2.13,3.21,False,False,False,122.108,120.918,3.78,14454958.19506836,129990.0,True,2B,100,5.298,4.31,17.41,26.76,3.22,3.52,3.95,1,True,1619.0,False,8,81.3,False,True,True,2.0,True,False,False,minervini,1.0,False,True
AMGN,439.3299865722656,3.64,7.33,15.95,25.46,-0.68,65.53,5.81,18.26,30.2,18.12,79.6,193393661936.99423,Health technology,Biotechnology,NASDAQ,Amgen Inc.,11.151,2.54,409.319,386.563,2.69,4.73,2.89,5.38,7.33,13.65,True,False,False,431.621,408.866,2.58,1038259838.7754517,2754338.0,True,2B,100,3.526,15.95,22.48,25.46,2.34,2.65,2.22,1,True,1619.0,False,8,81.1,True,False,True,2.0,True,False,False,minervini,1.0,False,True
UHAL,71.41000366210938,-1.79,-1.24,3.15,27.08,-5.13,69.26,-3.77,-0.67,39.47,37.94,82.8,11720404801.458649,Finance,Finance/Rental/Leasing,NYSE,U-Haul Holding Company,1.821,2.55,72.308,70.846,-0.49,0.31,-0.49,0.31,-1.24,0.8,False,False,False,75.949,74.487,2.68,13992992.1852417,205162.0,True,2B,100,3.323,3.15,24.3,27.08,2.4,2.68,2.36,1,True,1619.0,False,8,81.1,False,False,True,1.0,True,False,False,minervini,1.0,True,True
UVE,42.31999969482422,-0.86,-0.53,2.57,18.66,-6.12,78.92,-2.06,12.72,6.99,37.65,78.7,1147984300.575627,Finance,Property/Casualty insurance,NYSE,UNIVERSAL INSURANCE HOLDINGS INC,1.238,2.93,42.544,41.978,-0.18,0.28,-0.18,0.28,-0.53,0.81,False,False,False,45.02,44.454,2.85,9223746.841438293,222672.0,True,2B,100,4.14,2.57,15.01,18.66,2.61,2.42,2.92,1,True,1619.0,False,8,81.0,True,False,True,2.0,True,False,False,minervini,1.0,True,True
CPAY,417.1300048828125,2.06,4.63,12.19,26.3,-1.91,63.58,-0.11,14.34,20.05,18.27,75.5,21731529531.70203,Commercial services,Miscellaneous commercial services,NYSE,"Corpay, Inc.",10.92,2.62,398.69,377.874,1.69,3.6,1.77,3.97,4.63,10.39,True,False,False,420.529,399.713,2.56,229624734.8991089,626378.0,True,2B,100,3.754,12.19,22.66,26.3,2.05,2.67,2.57,1,True,1619.0,False,8,81.0,False,False,True,1.0,True,False,False,minervini,1.0,True,True
VOYA,97.76000213623048,-1.37,-1.27,1.11,22.91,-3.7,50.09,-3.7,1.0,19.29,32.48,76.6,8263327782.604023,Finance,Life/Health insurance,NYSE,"Voya Financial, Inc.",2.21,2.26,99.017,98.122,-0.57,-0.16,-0.56,-0.16,-1.27,-0.37,False,False,False,103.437,102.542,2.22,104141689.19532776,1082652.0,True,2B,100,3.57,1.11,19.26,22.91,2.12,2.32,2.27,1,True,1619.0,False,8,80.9,False,False,True,1.0,True,False,False,minervini,1.0,True,True
GEF,87.91000366210938,0.74,2.86,11.79,26.3,-2.45,59.03,0.64,14.48,38.36,19.82,82.0,3819430987.25872,Process industries,Containers/Packaging,NYSE,Greif Inc.,2.195,2.5,85.462,80.845,1.12,3.22,1.15,3.5,2.86,8.74,True,False,False,89.851,85.234,2.6,20669041.180541992,261036.0,True,2B,100,4.477,11.79,23.29,26.3,1.96,2.55,2.38,1,True,1619.0,False,8,80.7,True,False,True,2.0,True,False,False,minervini,1.0,True,True
ATI,207.00999450683597,-4.63,-2.47,3.25,35.33,-10.69,188.31,-9.4,3.59,29.05,30.3,94.0,26939262579.22105,Non-energy minerals,Other metals/Minerals,NYSE,ATI Inc.,9.298,4.49,212.251,200.883,-0.56,0.66,-0.55,0.68,-2.47,3.05,False,False,False,230.847,219.48,4.45,332452945.98367316,1658174.0,True,2B,100,8.707,3.25,23.08,35.33,3.65,4.23,3.9,1,True,1619.0,False,8,80.7,True,True,True,3.0,True,True,False,minervini+canslim,2.0,True,True
ACNB,64.44999694824219,0.48,1.24,5.05,23.42,-1.5,56.56,-0.74,2.53,19.72,27.51,79.2,617011677.619113,Finance,Regional banks,NASDAQ,ACNB Corporation,1.39,2.16,63.66,62.36,0.57,1.5,0.58,1.55,1.24,3.35,False,False,False,66.441,65.141,2.12,4618064.076301575,75190.0,True,2B,100,4.306,5.05,19.87,23.42,2.4,2.0,2.2,1,True,1619.0,False,8,80.7,True,False,True,2.0,True,False,False,minervini,1.0,True,True
SRRK,56.5,4.6,7.25,9.52,21.76,-2.49,102.36,7.58,14.19,18.4,17.71,79.5,6561799934.438372,Health technology,Biotechnology,NASDAQ,Scholar Rock Holding Corporation,2.36,4.18,52.682,52.456,1.62,1.71,1.74,1.85,7.25,7.71,False,False,False,57.401,57.175,4.02,70992438.58104706,1367434.0,True,2B,100,4.435,9.52,17.26,21.76,3.95,4.24,4.13,1,True,1619.0,False,8,80.7,False,False,True,1.0,True,False,False,minervini,1.0,False,True
CMTV,41.220001220703125,0.65,1.56,3.45,23.77,-2.32,94.17,-1.69,4.99,7.73,31.06,85.7,220966314.48127195,Finance,Major banks,NASDAQ,Community Bancorp.,1.819,4.41,40.589,39.907,0.35,0.72,0.35,0.75,1.56,3.29,False,False,False,44.227,43.545,4.27,1811550.1603240967,45558.0,True,2B,100,5.866,3.45,13.06,23.77,4.26,4.42,4.44,1,True,1619.0,False,8,80.6,False,False,True,1.0,True,False,False,minervini,1.0,True,True
IVZ,32.02000045776367,0.68,2.79,9.18,21.28,-1.69,59.83,-1.63,8.17,19.47,22.73,80.1,11596640239.115578,Finance,Investment managers,NYSE,Invesco Ltd,0.893,2.79,31.152,29.704,0.97,2.59,1.0,2.8,2.79,7.8,True,False,False,32.938,31.49,2.77,147537188.09674072,5062074.0,True,2B,100,3.316,9.18,19.28,21.28,2.38,2.48,2.78,1,True,1619.0,False,8,80.6,True,False,True,2.0,True,False,False,minervini,1.0,True,True
BAX,26.34000015258789,-0.58,1.56,11.6,32.09,-7.09,66.8,-1.46,21.55,38.48,22.18,78.2,11382976228.176332,Health technology,Medical specialties,NYSE,Baxter International Inc.,0.966,3.67,25.935,24.397,0.42,2.01,0.43,2.17,1.56,7.96,True,False,False,27.867,26.329,3.95,164433150.59175873,6871980.0,True,2B,100,2.278,11.6,29.82,32.09,2.68,3.31,3.14,1,True,1619.0,False,8,80.6,True,False,True,2.0,True,False,False,minervini,1.0,False,True
LH,336.3399963378906,3.31,6.35,15.08,24.09,0.0,37.45,5.72,15.57,31.87,19.61,74.2,22260539694.22168,Health services,Medical/Nursing services,NYSE,Labcorp Holdings Inc.,7.974,2.37,316.262,299.796,2.52,4.58,2.68,5.14,6.35,12.19,True,False,False,332.21,315.744,2.42,202507040.70336914,692572.0,True,2B,100,1.731,15.08,22.07,24.09,2.56,2.1,2.19,1,True,1619.0,False,8,80.4,True,False,True,2.0,True,False,False,minervini,1.0,False,True
BNY,158.49000549316406,-1.01,-0.24,3.32,22.48,-3.52,58.43,-2.91,-0.62,14.49,35.17,81.2,98536577105.5441,Finance,Investment banks/Brokers,NYSE,The Bank of New York Mellon Corporation,3.085,1.95,158.867,155.755,-0.12,0.89,-0.12,0.9,-0.24,1.76,False,False,False,165.037,161.925,1.78,546921005.8848267,3590358.0,True,2B,100,4.31,3.32,17.53,22.48,2.05,1.62,1.99,1,True,1619.0,False,8,80.4,True,True,True,3.0,True,True,False,minervini+canslim,2.0,True,True
EPC,28.56999969482422,0.96,1.82,5.85,34.4,-3.67,82.18,0.53,7.04,65.58,27.57,88.5,1277374331.9905846,Consumer non-durables,Household/Personal care,NYSE,Edgewell Personal Care Company,1.241,4.34,28.058,27.816,0.41,0.61,0.42,0.62,1.82,2.71,False,False,False,30.54,30.298,4.14,22663993.959560394,851270.0,True,2B,100,4.345,5.85,26.66,34.4,4.07,4.64,4.39,1,True,1619.0,False,8,80.3,False,False,True,1.0,True,False,False,minervini,1.0,True,True
WRLD,188.2700042724609,0.2,-0.3,-1.86,21.46,-15.89,62.91,-3.33,3.97,19.08,44.12,74.8,991961864.3167856,Finance,Finance/Rental/Leasing,NASDAQ,World Acceptance Corporation,7.712,4.1,188.833,194.392,-0.07,-0.79,-0.07,-0.77,-0.3,-3.15,False,False,False,204.256,209.815,3.81,22991469.266448975,119328.0,True,2B,100,1.85,-1.86,18.6,21.46,3.17,3.32,4.54,1,True,1619.0,False,7,80.3,True,True,True,3.0,False,True,False,canslim,1.0,False,True
TRIN,18.350000381469727,1.37,2.62,5.57,20.25,0.0,44.55,1.16,6.08,13.73,30.37,73.7,1531685513.6520712,Miscellaneous,Investment trusts,NASDAQ,Trinity Capital Inc.,0.343,1.87,17.881,17.59,1.37,2.22,1.4,2.32,2.62,4.32,True,False,False,18.566,18.275,1.89,18259927.056411743,1051824.0,True,2B,100,3.096,5.57,15.72,20.25,1.37,1.98,1.76,1,True,1348.0,False,8,80.2,False,False,True,1.0,True,False,False,minervini,1.0,True,True
EZPW,32.220001220703125,9.07,8.28,3.0,20.87,-9.47,103.28,9.26,6.83,-3.65,27.0,84.6,2001149942.177885,Finance,Finance/Rental/Leasing,NASDAQ,"EZCORP, Inc.",1.584,4.92,29.755,31.178,1.56,0.66,1.69,0.68,8.28,3.34,False,False,False,32.923,34.347,4.37,34325972.38523102,1099178.0,True,2B,100,4.266,3.0,11.01,20.87,4.74,4.62,5.13,2,True,1619.0,False,8,80.2,,,,,True,False,False,minervini,1.0,True,True
NEOG,11.949999809265137,2.0,5.74,16.97,31.39,-1.65,126.76,2.58,24.35,34.88,5.47,90.3,2085307868.8643532,Health technology,Medical specialties,NASDAQ,Neogen Corporation,0.47,3.94,11.301,10.479,1.38,3.13,1.46,3.57,5.74,14.03,True,False,False,12.242,11.42,4.41,21050446.537540432,2039106.0,True,2B,100,6.159,16.97,21.52,31.39,3.79,3.85,3.6,1,True,1619.0,False,8,80.2,False,False,True,1.0,True,False,False,minervini,1.0,True,True
HIW,31.399999618530277,0.5,0.09,1.12,21.88,-7.25,58.14,1.26,-2.67,24.88,38.73,71.6,3297153576.5092406,Finance,Real estate investment trusts,NYSE,"Highwoods Properties, Inc.",0.713,2.27,31.373,31.581,0.04,-0.25,0.04,-0.25,0.09,-0.57,False,False,False,32.799,33.008,2.11,53374831.882320404,1732212.0,True,2B,100,1.621,1.12,21.26,21.88,1.83,1.93,2.31,1,True,1619.0,False,8,80.0,True,False,True,2.0,True,False,False,minervini,1.0,True,True
FMAO,34.04999923706055,-0.68,0.88,7.76,24.89,-3.62,51.8,-3.02,12.08,23.3,24.44,79.1,419516706.8476445,Finance,Regional banks,NASDAQ,"Farmers & Merchants Bancorp, Inc.",1.127,3.31,33.752,32.323,0.26,1.53,0.27,1.61,0.88,5.34,False,False,False,36.006,34.577,3.84,3061817.0746879578,97130.0,True,2B,100,4.109,7.76,21.0,24.89,2.7,2.84,3.26,1,True,1619.0,False,8,80.0,,,,,True,False,False,minervini,1.0,True,True
ATNI,30.950000762939453,0.68,6.23,16.99,24.54,-3.61,126.71,-2.4,32.72,14.78,12.75,85.5,415744434.7008611,Communications,Major telecommunications,NASDAQ,"ATN International, Inc.",1.316,4.25,29.135,26.452,1.38,3.42,1.47,4.0,6.23,17.0,True,False,False,31.767,29.084,3.96,2311961.4829330444,85424.0,True,2B,100,6.056,16.99,17.54,24.54,3.38,4.42,3.8,1,True,1619.0,False,8,80.0,False,False,True,1.0,True,False,False,minervini,1.0,True,True
VIR,9.779999732971191,4.62,5.71,4.37,17.79,-11.81,123.29,5.84,4.71,8.31,29.37,88.0,1691579201.640688,Health technology,Biotechnology,NASDAQ,"Vir Biotechnology, Inc.",0.455,4.66,9.252,9.404,1.16,0.83,1.23,0.86,5.71,4.0,False,False,False,10.163,10.315,4.27,17593113.0109787,1866260.0,True,2B,100,3.882,4.37,7.82,17.79,4.89,4.45,4.64,1,True,1373.0,False,8,79.9,,,,,True,False,False,minervini,1.0,True,True
DRH,12.81999969482422,1.69,1.87,3.43,24.93,-4.19,76.16,3.72,1.18,19.8,31.32,82.5,2557838070.9242544,Finance,Real estate investment trusts,NASDAQ,Diamondrock Hospitality Company,0.312,2.43,12.584,12.49,0.76,1.06,0.77,1.08,1.87,2.64,False,False,False,13.208,13.114,2.5,31173316.800504684,2499426.0,True,2B,100,5.333,3.43,19.15,24.93,2.28,2.49,2.25,1,True,1619.0,False,8,79.9,True,False,True,2.0,True,False,False,minervini,1.0,False,True
ALRS,32.77000045776367,-1.17,-0.79,2.59,25.72,-3.96,61.54,-2.67,1.87,17.0,30.83,82.1,774464874.7711394,Finance,Major banks,NASDAQ,Alerus Financial Corporation,0.848,2.59,33.03,32.461,-0.31,0.37,-0.3,0.37,-0.79,0.95,False,False,False,34.726,34.156,3.07,7661899.073604584,241208.0,True,2B,100,5.058,2.59,19.26,25.72,1.95,2.49,2.53,1,True,1619.0,False,8,79.7,False,False,True,1.0,True,False,False,minervini,1.0,True,True
GSAT,82.36000061035156,-0.24,0.2,1.65,16.15,-2.45,220.34,-0.04,4.0,-0.42,37.04,90.9,10335310850.075048,Communications,Wireless telecommunications,NASDAQ,"Globalstar, Inc.",0.918,1.11,82.198,81.179,0.18,1.29,0.18,1.3,0.2,1.45,False,False,False,84.035,83.016,1.11,97280206.81410217,1203338.0,True,2B,100,5.539,1.65,11.45,16.15,0.8,0.99,1.17,1,True,1338.0,False,8,79.7,False,False,True,1.0,True,False,False,minervini,1.0,True,True
BZH,33.130001068115234,-0.02,0.93,6.72,34.28,-2.76,83.75,0.09,1.04,37.98,22.25,84.0,798147672.2210106,Consumer durables,Homebuilding,NYSE,"Beazer Homes USA, Inc.",0.57,1.72,32.825,32.024,0.54,1.94,0.54,2.01,0.93,3.45,False,False,False,33.964,33.163,1.6,19914275.720233917,626902.0,True,2B,100,4.271,6.72,29.16,34.28,0.42,1.11,2.46,1,True,1619.0,False,8,79.6,False,False,True,1.0,True,False,False,minervini,1.0,False,True
EXPD,187.80999755859372,1.66,3.7,8.49,20.71,-0.24,67.75,0.91,6.6,20.1,20.78,78.6,21022059323.9572,Transportation,Air freight/Couriers,NYSE,"Expeditors International of Washington, Inc.",4.248,2.26,181.114,175.67,1.58,2.86,1.63,3.06,3.7,6.91,True,False,False,189.61,184.167,2.46,207811543.1843872,1203478.0,True,2B,100,4.133,8.49,18.65,20.71,1.83,2.64,2.06,1,True,1619.0,False,8,79.5,,,,,True,False,False,minervini,1.0,True,True
MD,26.56999969482422,0.74,1.22,3.25,16.73,-2.99,68.16,-0.15,3.87,23.29,41.18,80.5,2026768980.2770636,Health services,Medical/Nursing services,NYSE,"Pediatrix Medical Group, Inc.",1.003,3.78,26.249,26.17,0.32,0.4,0.32,0.4,1.22,1.53,False,False,False,28.256,28.177,3.85,21350970.812187195,832572.0,True,2B,100,4.227,3.25,16.17,16.73,3.31,4.36,3.49,1,True,1619.0,False,8,79.3,False,True,True,2.0,True,False,False,minervini,1.0,True,True
ATRO,78.0,-4.49,-1.64,2.31,29.72,-16.53,174.53,-16.53,9.86,22.34,24.9,92.5,3087642325.27642,Electronic technology,Aerospace & defense,NASDAQ,Astronics Corporation,5.005,6.42,79.304,75.283,-0.26,0.54,-0.26,0.56,-1.64,3.61,False,False,False,89.314,85.293,5.87,58148273.469241336,747644.46,True,2B,100,6.981,2.31,18.61,29.72,6.3,6.57,5.61,2,True,1619.0,False,8,79.2,True,False,True,2.0,True,False,False,minervini,1.0,False,True
BEN,34.310001373291016,0.94,1.5,2.82,24.76,-4.08,68.29,1.33,6.26,12.3,27.07,80.0,17257150425.36294,Finance,Investment managers,NYSE,"Franklin Resources, Inc.",0.816,2.38,33.802,33.571,0.62,0.9,0.63,0.92,1.5,2.2,False,False,False,35.435,35.204,2.45,150141090.78096008,4492248.0,True,2B,100,4.522,2.82,17.82,24.76,2.01,2.19,2.49,1,True,1619.0,False,8,79.2,True,False,True,2.0,True,False,False,minervini,1.0,True,True
GRMN,294.8500061035156,-1.48,1.06,12.08,26.57,-5.85,59.58,-4.95,22.8,23.51,19.44,78.2,44840996031.90281,Electronic technology,Telecommunications equipment,NYSE,Garmin Ltd.,8.256,2.8,291.756,269.802,0.37,3.03,0.38,3.32,1.06,9.28,True,False,False,308.268,286.314,3.22,254123667.73693848,964130.0,True,2B,100,2.509,12.08,20.9,26.57,2.7,2.42,2.55,1,True,1619.0,False,8,79.1,True,False,True,2.0,True,False,False,minervini,1.0,True,True
DAR,65.73999786376953,0.19,3.0,9.65,26.47,-3.8,119.79,-1.94,3.69,13.62,27.4,88.5,8343686315.137529,Consumer non-durables,Food: specialty/candy,NYSE,Darling Ingredients Inc.,2.587,3.93,63.828,61.329,0.74,1.71,0.76,1.83,3.0,7.19,False,False,False,69.001,66.502,3.74,144798135.59819794,2430104.0,True,2B,100,6.266,9.65,14.52,26.47,4.85,3.79,3.16,1,True,1619.0,True,8,79.1,True,False,True,2.0,True,False,False,minervini,1.0,True,True
EOG,153.0500030517578,3.92,6.0,10.49,22.24,0.0,54.12,7.32,5.2,10.15,26.25,71.9,70626534380.23802,Energy minerals,Integrated oil,NYSE,"EOG Resources, Inc.",3.697,2.42,144.391,139.991,2.34,3.53,2.48,3.86,6.0,9.33,True,False,False,151.786,147.385,2.25,475299868.31933594,3467860.0,True,2B,100,3.243,10.49,15.8,22.24,1.74,2.2,2.15,1,True,1619.0,False,8,79.1,True,False,True,2.0,True,False,False,minervini,1.0,True,True
RBCAA,94.36000061035156,-1.69,-1.63,1.97,22.94,-6.24,48.07,-3.68,3.97,19.31,33.01,77.9,1562450661.6082664,Finance,Regional banks,NASDAQ,"Republic Bancorp, Inc.",2.308,2.45,95.923,94.147,-0.68,0.09,-0.67,0.09,-1.63,0.23,False,False,False,100.54,98.764,2.53,10753382.082321167,116800.0,True,2B,100,4.1,1.97,18.46,22.94,2.42,2.42,2.4,1,True,1619.0,False,8,79.0,False,False,True,1.0,True,False,False,minervini,1.0,True,True
KRNY,9.729999542236328,0.97,2.02,5.12,23.19,-0.51,70.11,1.14,7.93,19.9,21.54,83.1,602074097.0394738,Finance,Savings banks,NASDAQ,Kearny Financial,0.204,2.1,9.537,9.422,0.94,1.51,0.96,1.55,2.02,3.27,False,False,False,9.946,9.831,1.84,6043755.662220001,652142.0,True,2B,100,4.391,5.12,18.28,23.19,2.29,1.82,2.16,1,True,1619.0,False,8,78.8,,,,,True,False,False,minervini,1.0,True,True
OSBC,25.34000015258789,-0.36,0.76,5.85,20.54,-2.2,53.71,-2.2,8.08,20.54,23.95,78.3,1202488816.2875762,Finance,Major banks,NASDAQ,"Old Second Bancorp, Inc.",0.46,1.81,25.15,24.368,0.41,2.11,0.42,2.2,0.76,3.99,True,False,False,26.069,25.288,1.7,10471140.06748581,436990.0,True,2B,100,3.926,5.85,17.23,20.54,1.92,1.57,1.87,1,True,1619.0,False,8,78.7,False,False,True,1.0,True,False,False,minervini,1.0,True,True
DGX,244.38999938964844,2.4,4.55,11.58,24.11,0.0,42.71,4.26,7.24,26.6,21.76,75.6,23232966589.79616,Health services,Services to the health industry,NYSE,Quest Diagnostics Incorporated,5.404,2.21,233.762,223.906,1.97,3.79,2.06,4.14,4.55,9.15,True,False,False,244.57,234.713,1.94,213917454.28271484,976454.0,True,2B,100,2.961,11.58,20.52,24.11,2.13,1.83,2.09,1,True,1619.0,False,8,78.6,False,False,True,1.0,True,False,False,minervini,1.0,False,True
IBKR,93.87000274658205,2.83,3.19,2.25,21.02,-3.63,56.55,1.97,2.3,12.09,26.43,77.4,152353772169.29996,Finance,Investment banks/Brokers,NASDAQ,"Interactive Brokers Group, Inc.",3.191,3.4,90.966,91.425,0.91,0.77,0.94,0.79,3.19,2.67,False,False,False,97.348,97.807,3.14,417019872.68792725,4552968.0,True,2B,100,2.821,2.25,15.54,21.02,3.08,2.8,3.43,1,True,1619.0,False,8,78.6,True,True,True,3.0,True,True,False,minervini+canslim,2.0,False,True
MSGE,79.88999938964844,-1.77,-0.28,2.99,25.51,-9.65,112.13,-6.5,4.61,15.17,25.4,87.1,3798629898.148148,Consumer services,Movies/Entertainment,NYSE,Madison Square Garden Entertainment Corp.,3.015,3.77,80.116,78.187,-0.08,0.56,-0.07,0.58,-0.28,2.18,False,False,False,86.146,84.217,3.7,36412427.54710388,467966.0,True,2B,100,5.93,2.99,17.96,25.51,3.42,3.89,3.32,1,True,792.0,False,8,78.5,False,False,True,1.0,True,False,False,minervini,1.0,False,True
LXP,60.900001525878906,0.3,1.18,5.74,20.56,-0.41,50.46,0.54,0.13,18.64,29.64,77.8,3277759666.6274366,Finance,Real estate investment trusts,NYSE,LXP Industrial Trust,0.427,0.7,60.191,58.774,1.66,4.97,1.68,5.15,1.18,3.62,True,False,False,61.045,59.629,0.38,43145189.07548523,740558.0,True,2B,100,3.214,5.74,17.84,20.56,0.38,0.33,1.16,1,True,1619.0,False,8,78.3,False,False,True,1.0,True,False,False,minervini,1.0,False,True
FCFS,225.27999877929688,5.75,6.56,5.48,16.9,-2.94,63.86,4.9,14.35,-0.24,23.27,73.5,9313104629.318892,Finance,Finance/Rental/Leasing,NASDAQ,"FirstCash Holdings, Inc.",8.447,3.75,211.419,211.42,1.64,1.64,1.75,1.75,6.56,6.56,False,False,False,228.312,228.313,3.27,99288650.55697632,466000.0,True,2B,100,2.964,5.48,10.54,16.9,4.32,3.34,3.76,1,True,1619.0,False,8,78.2,True,False,True,2.0,True,False,False,minervini,1.0,True,True
NDSN,332.239990234375,5.05,7.38,11.3,21.48,-0.73,53.05,7.62,13.74,16.18,15.18,77.9,16797290866.453226,Producer manufacturing,Industrial machinery,NASDAQ,Nordson Corporation,7.625,2.3,309.416,299.93,2.99,4.24,3.21,4.69,7.38,10.77,True,False,False,324.667,315.18,2.11,124164107.5834961,413402.0,True,2B,100,2.91,11.3,16.49,21.48,3.35,2.17,1.96,1,True,1619.0,True,8,78.2,False,False,True,1.0,True,False,False,minervini,1.0,True,True
PFIS,70.13999938964844,-0.63,-0.1,3.16,24.23,-2.56,62.96,-1.71,3.13,18.98,26.99,80.2,671029311.9195579,Finance,Regional banks,NASDAQ,Peoples Financial Services Corp.,1.748,2.49,70.21,69.188,-0.04,0.54,-0.04,0.55,-0.1,1.38,False,False,False,73.707,72.684,2.65,4659517.8332901,68922.0,True,2B,100,4.755,3.16,18.22,24.23,2.04,2.43,2.54,1,True,1619.0,False,8,78.1,False,False,True,1.0,True,False,False,minervini,1.0,True,True
CASS,56.400001525878906,-1.25,-0.1,5.03,21.71,-3.66,56.66,-3.44,4.5,22.12,27.92,77.6,663765156.6971707,Commercial services,Miscellaneous commercial services,NASDAQ,"Cass Information Systems, Inc",1.719,3.05,56.458,54.761,-0.03,0.95,-0.03,0.98,-0.1,2.99,False,False,False,59.896,58.2,2.68,4463650.976615906,83714.0,True,2B,100,4.388,5.03,17.37,21.71,4.44,2.72,2.57,1,True,1619.0,True,8,77.9,False,False,True,1.0,True,False,False,minervini,1.0,True,True
AMRX,17.90999984741211,-0.46,-0.1,2.3,27.35,-6.23,93.0,-1.32,-0.33,44.2,23.52,88.5,5496762163.554273,Health technology,Pharmaceuticals: major,NASDAQ,"Amneal Pharmaceuticals, Inc.",0.642,3.58,17.928,17.762,-0.03,0.23,-0.03,0.23,-0.1,0.83,False,False,False,19.211,19.046,3.55,36011992.925094604,2062632.0,True,2B,100,5.964,2.3,22.28,27.35,2.82,3.68,3.35,1,True,1619.0,False,8,77.8,True,False,True,2.0,True,False,False,minervini,1.0,False,True
FCBC,49.18999862670898,0.71,2.22,7.1,24.27,-0.67,64.93,-0.67,4.8,16.92,23.2,80.6,851832755.9972923,Finance,Regional banks,NASDAQ,"First Community Bankshares, Inc.",1.168,2.38,48.123,46.554,0.91,2.26,0.93,2.38,2.22,5.66,True,False,False,50.46,48.891,2.49,4190938.2249526978,91114.0,True,2B,100,4.59,7.1,16.68,24.27,1.88,2.23,2.43,1,True,1619.0,False,8,77.4,,,,,True,False,False,minervini,1.0,False,True
FISI,41.20000076293945,-0.36,0.14,3.38,20.97,-3.51,65.58,-1.32,6.4,17.47,24.46,81.3,766390357.9454781,Finance,Regional banks,NASDAQ,"Financial Institutions, Inc.",0.799,1.94,41.143,40.37,0.07,1.04,0.07,1.06,0.14,2.06,False,False,False,42.741,41.967,1.83,7340009.985168457,185004.0,True,2B,100,4.594,3.38,16.46,20.97,1.43,1.7,2.18,1,True,1619.0,False,8,77.4,False,False,True,1.0,True,False,False,minervini,1.0,False,True
FBP,28.520000457763672,-1.19,-0.6,3.55,23.28,-3.97,50.74,-3.97,-1.14,19.03,27.66,77.3,4077479782.836474,Finance,Regional banks,NYSE,First BanCorp. New,0.508,1.78,28.693,28.025,-0.34,0.97,-0.34,0.99,-0.6,1.77,False,False,False,29.709,29.041,1.65,41751415.7830925,1522632.0,True,2B,100,3.925,3.55,18.39,23.28,2.07,1.62,1.73,1,True,1619.0,False,8,77.3,,,,,True,False,False,minervini,1.0,True,True
TRST,56.83000183105469,0.1,0.65,2.58,20.87,-1.64,68.1,-0.91,0.67,13.49,26.07,80.0,955173065.641725,Finance,Savings banks,NASDAQ,TrustCo Bank Corp NY,1.32,2.32,56.462,55.889,0.28,0.71,0.28,0.72,0.65,1.68,False,False,False,59.102,58.529,2.23,7108680.429130554,128532.0,True,2B,100,4.65,2.58,15.93,20.87,2.02,2.18,2.37,1,True,1619.0,False,8,77.1,False,False,True,1.0,True,False,False,minervini,1.0,True,True
AIZ,284.0400085449219,0.6,0.86,2.96,17.5,-5.81,39.84,0.59,3.74,11.46,27.06,68.1,13101881348.216553,Finance,Property/Casualty insurance,NYSE,"Assurant, Inc.",6.54,2.3,281.63,279.518,0.37,0.69,0.37,0.7,0.86,1.62,False,False,False,294.71,292.599,2.33,106438328.99194336,385202.0,True,2B,100,3.114,2.96,15.41,17.5,2.05,2.47,1.97,1,True,1619.0,False,7,77.0,True,True,True,3.0,False,True,False,canslim,1.0,True,True
TSBK,46.54999923706055,1.16,2.57,5.51,18.91,-0.56,53.66,1.09,7.8,15.25,20.91,76.0,350692317.86086553,Finance,Savings banks,NASDAQ,"Timberland Bancorp, Inc.",1.246,2.68,45.386,44.503,0.93,1.64,0.96,1.72,2.57,4.6,False,False,False,47.878,46.996,2.53,1807571.681022644,40808.0,True,2B,100,3.806,5.51,14.17,18.91,3.38,2.51,2.47,1,True,1619.0,True,8,76.6,,,,,True,False,False,minervini,1.0,False,True
SMBK,51.040000915527344,-1.05,-0.38,4.4,22.29,-4.11,53.87,-3.3,4.21,22.87,22.7,79.6,820213728.0353624,Finance,Regional banks,NYSE,"SmartFinancial, Inc.",1.325,2.6,51.233,49.834,-0.15,0.91,-0.15,0.93,-0.38,2.42,False,False,False,53.884,52.484,2.67,6275750.281349182,127962.0,True,2B,100,4.404,4.4,17.74,22.29,2.65,2.35,2.66,1,True,1619.0,False,8,76.6,True,False,True,2.0,True,False,False,minervini,1.0,False,True
FANG,210.72000122070312,2.72,5.06,10.06,19.69,-0.3,60.41,4.07,3.11,5.43,21.77,73.5,50611080962.29253,Energy minerals,Oil & gas production,NASDAQ,"Diamondback Energy, Inc.",5.872,2.79,200.572,192.766,1.73,3.06,1.82,3.34,5.06,9.31,True,False,False,212.317,204.511,2.5,398965512.05810547,2101924.0,True,2B,100,3.485,10.06,13.44,19.69,2.48,2.42,2.36,1,True,1619.0,False,8,76.1,,,,,True,False,False,minervini,1.0,True,True
BSET,18.899999618530277,-1.0,-1.77,0.38,19.9,-12.33,39.1,-1.15,-1.22,30.61,29.52,76.7,149424209.1632896,Consumer durables,Home furnishings,NASDAQ,"Bassett Furniture Industries, Incorporated",0.717,3.79,19.241,19.614,-0.48,-1.0,-0.47,-0.96,-1.77,-3.64,False,False,False,20.675,21.047,3.62,1345645.6447525024,72146.0,True,2B,100,3.093,0.38,18.93,19.9,2.49,3.58,4.36,1,True,1619.0,False,8,76.1,False,False,True,1.0,True,False,False,minervini,1.0,False,True
VRTX,548.0499877929688,3.96,6.99,11.65,19.15,-0.73,45.52,8.36,15.84,26.41,14.92,73.5,124704753122.12056,Health technology,Pharmaceuticals: major,NASDAQ,Vertex Pharmaceuticals Incorporated,16.02,2.92,512.232,498.706,2.24,3.08,2.39,3.38,6.99,9.89,True,False,False,544.272,530.747,2.57,792053499.8279419,1613934.0,True,2B,100,1.948,11.65,17.79,19.15,2.85,2.77,2.55,1,True,1619.0,False,8,76.1,False,False,True,1.0,True,False,False,minervini,1.0,False,True
STK,51.0099983215332,-0.99,-0.13,0.23,17.77,-10.79,78.42,-3.11,5.06,-1.67,29.78,78.7,942615072.0,Miscellaneous,Investment trusts,NYSE,Columbia Seligman Premium Technology Growth Fund Inc,1.488,2.92,51.075,50.472,-0.04,0.36,-0.04,0.37,-0.13,1.07,False,False,False,54.052,53.449,2.69,3228510.0382614136,63636.0,True,2B,100,3.791,0.23,11.31,17.77,2.49,2.27,2.96,1,True,1619.0,False,8,76.0,False,False,False,0.0,True,False,False,minervini,1.0,True,True
BGC,11.850000381469728,6.98,7.06,5.13,17.44,-6.15,43.76,6.0,2.43,6.86,24.15,63.5,5485198506.820808,Finance,Investment banks/Brokers,NASDAQ,"BGC Group, Inc.",0.425,3.58,11.068,11.09,1.84,1.79,1.97,1.91,7.06,6.86,False,False,False,11.918,11.939,3.42,36986047.45347786,3261736.0,True,2B,100,1.98,5.13,12.74,17.44,3.77,3.53,3.52,1,True,1619.0,False,7,76.0,True,True,True,3.0,False,True,False,canslim,1.0,False,True
NTRS,183.8999938964844,-1.4,-0.86,1.35,18.87,-3.95,52.31,-3.92,3.34,10.56,28.34,76.4,32174169358.673862,Finance,Investment managers,NASDAQ,Northern Trust Corporation,4.026,2.19,185.496,183.268,-0.4,0.16,-0.39,0.16,-0.86,0.34,False,False,False,193.548,191.32,2.03,197322619.82147217,1089764.0,True,2B,100,4.025,1.35,13.71,18.87,2.14,1.96,2.07,1,True,1619.0,False,8,76.0,True,False,True,2.0,True,False,False,minervini,1.0,True,True
LLY,1255.4000244140625,2.51,4.18,6.56,19.59,-1.95,81.69,6.38,6.01,20.69,24.75,80.6,1137736553855.2617,Health technology,Pharmaceuticals: major,NYSE,Eli Lilly and Company,41.8,3.33,1205.06,1192.771,1.2,1.5,1.25,1.58,4.18,5.25,False,False,False,1288.661,1276.371,3.03,3361105673.61792,2854280.0,True,2B,100,3.68,6.56,19.01,19.59,3.19,3.32,2.93,1,True,1619.0,False,8,75.9,True,True,True,3.0,True,True,False,minervini+canslim,2.0,True,True
FTI,77.44999694824219,1.22,3.53,8.66,23.75,-2.9,120.06,-1.41,1.94,8.53,22.24,87.5,25692350244.689243,Industrial services,Oilfield services/Equipment,NYSE,TechnipFMC plc,2.446,3.16,74.81,72.263,1.08,2.12,1.12,2.27,3.53,7.18,True,False,False,79.702,77.154,3.38,277013174.4518585,3951996.0,True,2B,100,6.036,8.66,13.41,23.75,2.93,3.02,2.86,1,True,1619.0,False,8,75.7,True,False,True,2.0,True,False,False,minervini,1.0,True,True
SWK,100.0199966430664,-0.02,1.63,7.75,25.92,-3.83,66.47,-2.01,14.43,33.82,11.15,82.4,14298802619.444263,Consumer durables,Tools & hardware,NYSE,"Stanley Black & Decker, Inc.",2.867,2.87,98.417,94.595,0.56,1.89,0.57,2.0,1.63,5.74,False,False,False,104.151,100.329,2.73,172975181.74217224,1852718.0,True,2B,100,4.298,7.75,21.59,25.92,1.86,2.53,2.96,1,True,1619.0,False,8,75.7,True,False,True,2.0,True,False,False,minervini,1.0,True,True
SBFG,26.56999969482422,-0.72,-0.08,3.68,19.18,-4.21,49.95,-2.46,0.21,24.31,24.3,75.1,155309158.09859157,Finance,Regional banks,NASDAQ,"SB Financial Group, Inc.",0.894,3.36,26.592,26.31,-0.02,0.29,-0.02,0.29,-0.08,0.99,False,False,False,28.38,28.097,3.26,1108081.6444396973,44392.0,True,2B,100,3.74,3.68,17.12,19.18,3.02,3.03,3.73,1,True,1619.0,False,8,75.6,False,False,True,1.0,True,False,False,minervini,1.0,True,True
PAA,24.61000061035156,2.46,3.53,7.14,21.25,0.0,68.09,2.97,1.38,5.71,22.04,74.7,15415867746.063828,Industrial services,Oil & gas pipelines,NASDAQ,"Plains All American Pipeline, L.P.",0.48,1.95,23.77,23.353,1.75,2.62,1.81,2.76,3.53,5.38,True,False,False,24.73,24.313,1.71,56149951.03381348,2446050.0,True,2B,100,4.45,7.14,14.27,21.25,1.64,1.77,1.76,1,True,1619.0,False,8,75.6,True,False,True,2.0,True,False,False,minervini,1.0,True,True
KINS,19.82999992370605,0.53,0.82,3.85,20.34,-4.36,52.05,0.71,5.36,24.4,25.51,79.8,263479235.33255133,Finance,Insurance brokers/Services,NASDAQ,"Kingstone Companies, Inc",0.698,3.52,19.668,19.757,0.23,0.1,0.23,0.1,0.82,0.37,False,False,False,21.064,21.154,3.5,2428073.3622436523,127226.0,True,2B,100,3.309,3.85,18.2,20.34,2.83,3.5,3.42,1,True,941.0,False,8,75.6,True,False,True,2.0,True,False,False,minervini,1.0,True,True
HTGC,17.1299991607666,2.14,4.07,8.68,10.39,-1.66,30.67,2.57,12.61,13.85,21.41,50.6,2915307609.0958004,Finance,Finance/Rental/Leasing,NYSE,"Hercules Capital, Inc.",0.294,1.72,16.46,15.962,2.28,3.97,2.37,4.26,4.07,7.32,True,False,False,17.048,16.55,1.66,23825513.845010757,1504440.0,True,2A,85,0.515,8.68,13.29,10.39,1.25,1.59,1.64,1,True,1619.0,False,6,75.4,True,True,True,3.0,False,True,False,canslim,1.0,False,True
RHP,128.5,1.39,1.32,1.27,22.85,-5.51,54.88,2.37,-0.3,15.36,25.33,75.4,8338628342.997249,Finance,Real estate investment trusts,NYSE,"Ryman Hospitality Properties, Inc. (REIT)",3.244,2.52,126.82,127.705,0.52,0.25,0.52,0.25,1.32,0.62,False,False,False,133.308,134.192,2.63,97476512.84924316,771476.0,True,2B,100,4.267,1.27,17.98,22.85,1.91,2.7,2.43,1,True,1619.0,False,8,75.4,True,False,True,2.0,True,False,False,minervini,1.0,True,True
FNWD,43.5,-1.33,0.2,9.92,19.57,-3.93,50.3,-3.93,-2.47,35.7,19.14,79.9,147522126.28754738,Finance,Savings banks,NASDAQ,Finward Bancorp,0.899,2.07,43.411,40.975,0.1,2.81,0.1,2.98,0.2,6.16,True,False,False,45.21,42.773,1.66,1059972.2148361206,27008.0,True,2B,100,3.43,9.92,19.22,19.57,1.66,1.53,2.2,1,True,1619.0,False,8,75.2,,,,,True,False,False,minervini,1.0,False,True
LNG,277.510009765625,2.25,4.14,8.88,17.83,-6.11,48.01,2.16,2.25,15.66,23.09,66.0,50636117569.00026,Industrial services,Oil & gas pipelines,NYSE,"Cheniere Energy, Inc.",7.325,2.64,266.472,260.288,1.51,2.35,1.57,2.51,4.14,6.62,True,False,False,281.123,274.939,2.33,487523070.9928894,1933258.0,True,2B,100,1.927,8.88,12.09,17.83,1.95,2.24,2.43,1,True,1619.0,False,7,75.2,True,True,True,3.0,False,True,False,canslim,1.0,True,True
CNO,53.52000045776367,-1.09,-0.98,0.87,18.55,-3.88,40.74,-3.18,1.75,13.38,24.81,72.5,4902663527.6316,Finance,Multi-line insurance,NYSE,"CNO Financial Group, Inc.",1.024,1.91,54.05,53.523,-0.52,-0.0,-0.51,-0.0,-0.98,-0.01,False,False,False,56.099,55.571,1.88,40971440.01307678,774476.0,True,2B,100,3.489,0.87,15.27,18.55,1.87,1.76,1.81,1,True,1619.0,False,8,74.9,True,False,True,2.0,True,False,False,minervini,1.0,True,True
SCL,63.630001068115234,-0.59,0.94,7.55,21.55,-3.9,54.05,-2.36,10.47,24.73,-3.9,73.0,1265359119.702922,Process industries,Chemicals: specialty,NYSE,Stepan Company,1.739,2.73,63.035,60.432,0.34,1.84,0.35,1.94,0.94,5.29,False,False,False,66.513,63.91,2.86,8909340.086303711,150760.0,True,2B,100,3.775,7.55,16.54,21.55,1.95,2.29,2.8,1,True,1619.0,False,8,74.9,True,False,True,2.0,True,False,False,minervini,1.0,True,True
CSX,51.59000015258789,1.76,2.24,4.45,22.1,-3.08,62.59,2.85,-2.31,12.74,22.71,76.5,88558898173.6897,Transportation,Railroads,NASDAQ,CSX Corporation,0.987,1.91,50.46,50.08,1.15,1.53,1.17,1.58,2.24,3.01,False,False,False,52.434,52.054,1.96,612394466.4183121,12384432.0,True,2B,100,3.683,4.45,15.88,22.1,1.86,1.71,1.88,1,True,1619.0,False,8,74.8,False,False,True,1.0,True,False,False,minervini,1.0,True,True
ALSN,133.22999572753906,5.59,8.16,11.91,18.8,-1.79,69.47,5.85,11.36,22.15,12.66,81.8,9939047784.87761,Producer manufacturing,Auto parts: OEM,NYSE,"Allison Transmission Holdings, Inc.",4.189,3.14,123.178,118.97,2.4,3.4,2.6,3.81,8.16,11.99,True,False,False,131.557,127.348,3.24,135252443.46255496,1142078.0,True,2B,100,3.758,11.91,12.3,18.8,3.05,3.45,2.88,1,True,1619.0,False,8,74.8,False,False,True,1.0,True,False,False,minervini,1.0,True,True
DNLI,24.920000076293945,0.57,1.58,2.45,21.77,-8.42,95.45,2.13,6.4,29.12,23.43,83.8,4058207773.456126,Health technology,Biotechnology,NASDAQ,Denali Therapeutics Inc.,0.974,3.91,24.532,24.606,0.4,0.32,0.41,0.33,1.58,1.28,False,False,False,26.479,26.553,3.44,41436913.992370605,1708476.0,True,2B,100,4.258,2.45,16.05,21.77,3.08,3.34,4.4,1,True,1619.0,False,8,74.8,False,False,True,1.0,True,False,False,minervini,1.0,True,True
FNLC,34.7400016784668,-1.11,-0.75,1.92,20.44,-2.58,49.76,-2.47,2.21,22.37,23.57,78.2,400402149.9982379,Finance,Major banks,NASDAQ,"First Bancorp, Inc (ME)",0.918,2.64,35.002,34.768,-0.29,-0.03,-0.28,-0.03,-0.75,-0.08,False,False,False,36.837,36.603,2.5,1336404.1468467712,39050.0,True,2B,100,4.052,1.92,15.81,20.44,2.32,2.2,3.1,1,True,1619.0,False,8,74.6,,,,,True,False,False,minervini,1.0,False,True
FBIZ,68.69000244140625,-1.58,-0.69,4.44,19.31,-4.41,47.33,-3.85,4.54,20.62,20.01,75.2,533589822.8854101,Finance,Regional banks,NASDAQ,"First Business Financial Services, Inc.",1.629,2.37,69.17,67.101,-0.29,0.98,-0.29,1.0,-0.69,2.37,False,False,False,72.427,70.359,2.53,4048848.467453003,61434.0,True,2B,100,3.843,4.44,16.28,19.31,2.06,2.21,2.34,1,True,1619.0,False,8,74.4,,,,,True,False,False,minervini,1.0,True,True
SFL,12.390000343322754,0.62,2.4,7.54,23.46,-2.06,88.07,0.32,4.47,-0.16,19.77,74.0,1524300857.5977654,Transportation,Marine shipping,NYSE,SFL Corporation Ltd,0.32,2.58,12.099,11.607,0.91,2.45,0.93,2.61,2.4,6.75,True,False,False,12.74,12.247,2.41,17043752.11021042,1493270.0,True,2B,100,5.61,7.54,14.67,23.46,1.96,2.4,2.48,1,True,1619.0,False,8,74.2,False,False,True,1.0,True,False,False,minervini,1.0,False,True
NBR,92.41000366210938,1.5,4.38,8.04,20.13,-16.47,175.85,-1.87,9.7,-11.62,18.19,88.1,1222289996.1722336,Industrial services,Contract drilling,NYSE,Nabors Industries Ltd.,4.169,4.51,88.529,84.293,0.93,1.95,0.97,2.13,4.38,9.63,False,False,False,96.868,92.632,4.39,23088475.753829956,272194.0,True,2B,100,5.855,8.04,9.1,20.13,4.2,4.42,4.2,1,True,1534.0,False,8,74.2,False,False,True,1.0,True,False,False,minervini,1.0,True,True
CTBI,76.5199966430664,-1.13,-0.76,2.69,19.79,-3.7,53.83,-2.98,2.41,15.07,22.37,75.2,1314326824.3870063,Finance,Regional banks,NASDAQ,"Community Trust Bancorp, Inc.",1.438,1.88,77.104,75.752,-0.41,0.53,-0.4,0.54,-0.76,1.01,False,False,False,79.98,78.628,1.8,9496853.886795044,127906.0,True,2B,100,4.3,2.69,14.75,19.79,1.87,1.6,2.01,1,True,1619.0,False,8,74.0,False,False,True,1.0,True,False,False,minervini,1.0,True,True
WSBF,21.09000015258789,0.36,1.54,4.71,17.57,-1.49,53.43,-0.8,8.43,14.6,18.22,75.4,367560744.71754205,Finance,Finance/Rental/Leasing,NASDAQ,"Waterstone Financial, Inc.",0.43,2.04,20.771,20.363,0.74,1.69,0.75,1.75,1.54,3.57,False,False,False,21.631,21.222,1.83,1544074.0524978638,76676.0,True,2B,100,3.582,4.71,13.08,17.57,2.01,1.84,2.16,1,True,1619.0,False,8,74.0,False,False,True,1.0,True,False,False,minervini,1.0,False,True
AVNT,44.65999984741211,1.49,5.57,15.0,25.62,-3.63,66.51,-3.63,21.89,31.87,6.55,79.6,3476732427.896216,Process industries,Chemicals: major diversified,NYSE,Avient Corporation,1.53,3.43,42.302,39.305,1.54,3.5,1.63,3.98,5.57,13.62,True,False,False,45.362,42.365,3.22,37058262.283699036,947176.0,True,2B,100,3.105,15.0,19.83,25.62,2.45,3.39,2.9,1,True,1619.0,False,8,73.9,False,False,True,1.0,True,False,False,minervini,1.0,True,True
MHK,136.22000122070312,1.2,4.41,13.45,20.83,-2.77,44.41,-2.77,23.83,33.12,7.26,68.9,7299748534.347768,Producer manufacturing,Building products,NYSE,"Mohawk Industries, Inc.",4.219,3.1,130.472,122.114,1.36,3.34,1.42,3.73,4.41,11.55,True,False,False,138.909,130.552,2.89,108168975.2386322,890190.0,True,2B,100,0.817,13.45,20.22,20.83,2.85,2.75,3.11,1,True,1619.0,False,7,73.9,True,True,True,3.0,False,True,False,canslim,1.0,True,True
WASH,39.709999084472656,0.37,1.61,6.34,22.17,-1.27,64.27,-1.19,5.56,24.74,14.12,81.0,703329728.7797685,Finance,Regional banks,NASDAQ,"Washington Trust Bancorp, Inc.",0.853,2.15,39.082,37.973,0.74,2.04,0.75,2.13,1.61,4.58,True,False,False,40.787,39.678,1.94,6452965.593437195,173766.0,True,2B,100,4.348,6.34,16.56,22.17,1.92,1.88,2.18,1,True,1619.0,False,8,73.9,False,False,True,1.0,True,False,False,minervini,1.0,False,True
SRCE,85.83000183105469,-1.53,-1.23,2.44,20.01,-5.49,52.68,-3.13,3.7,16.74,22.92,76.0,1972686409.0346105,Finance,Regional banks,NASDAQ,1st Source Corporation,1.698,1.98,86.902,85.249,-0.63,0.34,-0.62,0.34,-1.23,0.68,False,False,False,90.298,88.645,1.98,11920832.939468384,142498.0,True,2B,100,4.41,2.44,15.02,20.01,1.74,1.74,2.18,1,True,1619.0,False,8,73.8,True,False,True,2.0,True,False,False,minervini,1.0,True,True
UNF,290.25,0.43,0.65,3.47,21.73,-3.63,94.4,1.22,0.18,9.77,22.34,83.6,4622607520.394992,Consumer services,Other consumer services,NYSE,Unifirst Corporation,4.772,1.64,288.366,284.64,0.39,1.18,0.4,1.2,0.65,1.97,False,False,False,297.911,294.185,1.57,50462753.89532471,181402.0,True,2B,100,5.785,3.47,12.2,21.73,1.59,1.44,1.79,1,True,1619.0,False,8,73.8,False,False,True,1.0,True,False,False,minervini,1.0,False,True
PRK,202.1300048828125,-0.66,0.3,5.38,18.91,-4.91,38.87,-2.72,9.3,19.57,16.17,70.2,3331671098.677734,Finance,Major banks,NYSE Arca,Park National Corporation,4.99,2.47,201.53,195.28,0.12,1.37,0.12,1.42,0.3,3.51,False,False,False,211.51,205.261,2.68,21369354.329864502,111368.0,True,2B,100,3.173,5.38,15.44,18.91,2.01,2.46,2.31,1,True,1619.0,False,8,73.5,False,False,True,1.0,True,False,False,minervini,1.0,True,True
TFSL,17.639999389648438,0.32,-0.27,0.01,18.32,-5.21,47.49,0.0,-2.86,13.14,21.81,73.4,4904758532.737862,Finance,Savings banks,NASDAQ,TFS Financial Corporation,0.397,2.25,17.688,17.862,-0.12,-0.56,-0.12,-0.55,-0.27,-1.24,False,False,False,18.482,18.656,2.5,16226355.199058533,918622.0,True,2B,100,3.647,0.01,14.16,18.32,2.15,2.4,2.08,1,True,1619.0,False,8,73.4,True,False,True,2.0,True,False,False,minervini,1.0,True,True
PKBK,34.150001525878906,-0.76,-0.06,2.61,19.73,-2.79,75.25,-2.79,4.95,10.25,21.3,80.8,385830973.7837837,Finance,Regional banks,NASDAQ,"Parke Bancorp, Inc.",0.781,2.29,34.171,33.63,-0.03,0.67,-0.03,0.68,-0.06,1.55,False,False,False,35.734,35.193,2.07,2024704.6935501099,61028.0,True,2B,100,5.048,2.61,12.83,19.73,2.18,2.1,2.32,1,True,1619.0,False,8,73.4,True,False,True,2.0,True,False,False,minervini,1.0,True,True
UNP,308.04998779296875,2.67,3.87,7.63,20.89,0.0,45.68,4.89,1.22,16.66,16.97,73.4,159322942630.50052,Transportation,Railroads,NYSE,Union Pacific Corporation,6.34,2.06,296.58,291.854,1.81,2.55,1.88,2.7,3.87,5.55,True,False,False,309.26,304.534,1.94,817547731.0256348,2849420.0,True,2B,100,3.07,7.63,16.61,20.89,2.04,1.75,1.92,1,True,1619.0,False,8,73.1,False,False,True,1.0,True,False,False,minervini,1.0,True,True
GSBC,79.12000274658203,-0.88,-0.86,0.85,17.68,-3.54,44.89,-3.03,1.01,11.79,24.27,72.1,861107649.1935484,Finance,Regional banks,NASDAQ,"Great Southern Bancorp, Inc.",1.812,2.29,79.804,79.361,-0.38,-0.13,-0.37,-0.13,-0.86,-0.3,False,False,False,83.428,82.984,2.06,8222149.652770996,104706.0,True,2B,100,3.593,0.85,13.7,17.68,2.08,1.91,2.63,1,True,1619.0,False,8,73.1,False,False,True,1.0,True,False,False,minervini,1.0,False,True
ASH,72.66000366210938,-0.66,0.7,5.65,21.99,-4.96,56.38,-1.42,9.16,30.09,13.71,79.5,2927670472.18718,Consumer non-durables,Food: specialty/candy,NYSE,Ashland Inc.,2.182,3.0,72.156,69.658,0.23,1.38,0.23,1.44,0.7,4.31,False,False,False,76.52,74.022,3.31,60204330.73988342,882404.0,True,2B,100,4.317,5.65,19.34,21.99,2.28,2.88,2.86,1,True,1619.0,False,8,73.0,False,False,True,1.0,True,False,False,minervini,1.0,True,True
REX,44.66999816894531,1.08,0.97,0.17,10.82,-12.69,56.43,0.18,-1.46,-7.95,30.69,68.6,1453212088.2994702,Process industries,Chemicals: specialty,NYSE,REX American Resources Corporation,1.248,2.79,44.241,44.873,0.34,-0.16,0.35,-0.16,0.97,-0.45,False,False,False,46.737,47.369,2.8,8394988.25994873,188718.0,True,2B,100,3.035,0.17,4.52,10.82,2.43,2.65,2.91,1,True,1619.0,False,7,72.8,True,True,True,3.0,False,True,False,canslim,1.0,True,True
TMP,97.91000366210938,-0.86,-0.29,3.01,20.32,-3.26,62.95,-3.26,6.42,14.49,19.73,78.4,1354729280.126259,Finance,Regional banks,NYSE Arca,Tompkins Financial Corporation,2.24,2.29,98.196,96.223,-0.13,0.75,-0.13,0.77,-0.29,1.75,False,False,False,102.677,100.704,2.27,9517952.923233032,99958.0,True,2B,100,4.726,3.01,14.86,20.32,2.19,2.02,2.22,1,True,1619.0,False,8,72.8,True,False,True,2.0,True,False,False,minervini,1.0,False,True
PEBO,40.060001373291016,-1.28,-0.98,2.56,19.95,-4.17,52.1,-3.19,1.68,16.89,20.38,75.4,1384336471.553647,Finance,Regional banks,NASDAQ,Peoples Bancorp Inc.,0.674,1.68,40.457,39.765,-0.59,0.44,-0.58,0.44,-0.98,0.74,False,False,False,41.804,41.113,1.57,11738092.599815369,299820.0,True,2B,100,4.14,2.56,15.02,19.95,1.72,1.48,1.71,1,True,1619.0,False,8,72.5,True,False,True,2.0,True,False,False,minervini,1.0,False,True
WTS,375.5700073242188,-0.04,1.55,5.0,20.84,-4.25,43.29,-2.3,9.28,25.23,15.38,76.0,11996010966.027409,Producer manufacturing,Industrial machinery,NYSE,"Watts Water Technologies, Inc.",9.526,2.54,369.836,361.403,0.6,1.49,0.61,1.55,1.55,3.92,False,False,False,388.888,380.454,2.44,124728119.87475586,349710.0,True,2B,100,3.111,5.0,16.54,20.84,2.02,2.44,2.7,1,True,1619.0,False,8,72.3,False,False,True,1.0,True,False,False,minervini,1.0,True,True
ATLO,31.76000022888184,0.58,1.82,4.62,18.61,-1.06,73.99,0.51,6.61,11.25,16.0,80.0,271208070.9375619,Finance,Regional banks,NASDAQ,Ames National Corporation,0.765,2.41,31.193,30.421,0.74,1.75,0.75,1.83,1.82,4.4,False,False,False,32.723,31.951,2.33,1836298.5693626404,60644.0,True,2B,100,4.425,4.62,11.85,18.61,2.69,2.52,2.46,1,True,1619.0,False,8,72.3,True,False,True,2.0,True,False,False,minervini,1.0,True,True
THFF,79.05000305175781,-1.63,-1.23,1.76,18.81,-4.52,57.27,-3.67,3.85,14.85,19.85,75.7,923524629.6090896,Finance,Major banks,NASDAQ,First Financial Corporation,1.888,2.39,80.033,78.653,-0.52,0.21,-0.51,0.21,-1.23,0.5,False,False,False,83.809,82.429,2.24,8952283.895645142,115786.0,True,2B,100,4.47,1.76,14.31,18.81,2.84,2.19,2.35,1,True,1619.0,False,8,72.2,False,False,True,1.0,True,False,False,minervini,1.0,False,True
CNXN,77.93000030517578,-2.09,-2.74,0.63,19.72,-9.99,40.79,-3.89,-2.39,21.72,26.16,74.1,1801644328.79595,Technology services,Information technology services,NASDAQ,"PC Connection, Inc.",2.468,3.17,80.124,79.132,-0.89,-0.49,-0.86,-0.48,-2.74,-1.52,False,False,False,85.06,84.068,3.55,12763385.720825195,165120.0,True,2B,100,3.408,0.63,15.56,19.72,2.98,3.04,3.11,1,True,1619.0,False,8,72.1,True,False,True,2.0,True,False,False,minervini,1.0,True,True
HOPE,13.970000267028809,-0.99,-0.25,2.74,17.32,-3.66,46.63,-3.32,4.97,13.32,17.34,72.9,1737330437.3712175,Finance,Major banks,NASDAQ,"Hope Bancorp, Inc.",0.261,1.87,14.004,13.754,-0.13,0.83,-0.13,0.84,-0.25,1.57,False,False,False,14.526,14.276,1.8,15461956.821580887,1139124.0,True,2B,100,3.401,2.74,13.12,17.32,1.82,1.67,1.89,1,True,1619.0,False,8,72.1,False,False,True,1.0,True,False,False,minervini,1.0,True,True
BMY,67.01000213623047,2.34,4.33,10.95,19.18,-0.89,62.62,4.98,8.94,13.8,12.87,73.6,117459939252.7821,Health technology,Pharmaceuticals: major,NYSE,Bristol-Myers Squibb Company,1.801,2.69,64.232,61.746,1.54,2.92,1.61,3.17,4.33,8.53,True,False,False,67.833,65.347,2.65,739399676.441864,12288636.0,True,2B,100,4.082,10.95,14.8,19.18,2.79,2.63,2.36,1,True,1619.0,False,8,71.9,True,False,True,2.0,True,False,False,minervini,1.0,False,True
NWBI,15.420000076293944,-0.61,-0.36,1.81,17.57,-2.46,42.3,-2.1,2.13,11.78,21.95,71.3,2215203845.6474485,Finance,Savings banks,NASDAQ,"Northwest Bancshares, Inc.",0.234,1.52,15.476,15.305,-0.24,0.49,-0.24,0.5,-0.36,0.75,False,False,False,15.944,15.774,1.41,17350264.27512741,1150438.0,True,2B,100,3.203,1.81,13.26,17.57,1.57,1.35,1.58,1,True,1619.0,False,8,71.8,True,False,True,2.0,True,False,False,minervini,1.0,False,True
SHBI,23.34000015258789,-0.95,-1.18,0.44,18.79,-5.16,56.64,-2.63,1.92,17.78,19.99,78.9,779188555.5609648,Finance,Regional banks,NASDAQ,"Shore Bancshares, Inc.",0.579,2.48,23.619,23.463,-0.48,-0.21,-0.48,-0.21,-1.18,-0.52,False,False,False,24.776,24.62,2.16,5328374.96321106,229032.0,True,2B,100,4.517,0.44,14.0,18.79,3.18,2.25,2.39,1,True,1619.0,False,8,71.6,False,False,True,1.0,True,False,False,minervini,1.0,True,True
WTBA,28.540000915527344,-0.88,0.51,5.59,18.85,-4.87,57.82,-4.32,5.93,21.07,14.32,77.6,459247872.6257242,Finance,Regional banks,NASDAQ,West Bancorporation,0.799,2.8,28.394,27.55,0.18,1.24,0.18,1.28,0.51,3.6,False,False,False,29.993,29.148,2.45,2125272.445690155,78318.0,True,2B,100,3.889,5.59,15.14,18.85,3.66,2.62,2.6,1,True,1619.0,True,8,71.5,True,False,True,2.0,True,False,False,minervini,1.0,True,True
DCOM,40.43000030517578,-0.3,-0.21,0.79,17.31,-3.14,60.18,-1.29,3.06,10.3,19.53,75.3,1790566656.2844634,Finance,Regional banks,NYSE,"Dime Commercial Bancshares, Inc.",0.802,1.98,40.514,40.328,-0.1,0.13,-0.1,0.13,-0.21,0.25,False,False,False,42.117,41.931,1.78,13656687.238349915,340048.0,True,2B,100,3.948,0.79,11.02,17.31,1.9,1.74,2.18,1,True,1619.0,False,8,71.5,False,False,True,1.0,True,False,False,minervini,1.0,True,True
FRST,16.149999618530273,-0.98,-0.36,1.47,17.0,-3.12,73.45,-3.06,3.57,13.08,17.88,77.8,412454995.6285714,Finance,Regional banks,NASDAQ,Primis Financial Corp.,0.363,2.25,16.208,16.038,-0.16,0.31,-0.16,0.31,-0.36,0.7,False,False,False,16.935,16.765,2.02,3531623.926273346,220594.0,True,2B,100,4.723,1.47,11.93,17.0,1.94,1.86,2.37,1,True,1619.0,False,8,71.5,False,True,True,2.0,True,False,False,minervini,1.0,True,True
GFF,100.5500030517578,-1.04,1.02,5.89,19.87,-6.22,51.76,-3.47,13.09,19.09,14.04,76.1,4422460801.748332,Producer manufacturing,Building products,NYSE,Griffon Corporation,3.556,3.54,99.531,95.485,0.29,1.42,0.29,1.5,1.02,5.3,False,False,False,106.642,102.596,3.49,34522547.50840759,362416.0,True,2B,100,2.986,5.89,15.47,19.87,2.81,3.6,3.21,1,True,1619.0,False,8,71.4,False,False,True,1.0,True,False,False,minervini,1.0,True,True
CZNC,25.799999237060547,0.41,2.31,8.67,18.72,-1.11,42.76,-0.69,12.16,23.11,10.81,73.7,420860618.0097995,Finance,Regional banks,NASDAQ,Citizens & Northern Corp,0.595,2.31,25.216,24.258,0.98,2.59,1.0,2.76,2.31,6.36,True,False,False,26.407,25.448,2.32,1747225.6511688232,73456.0,True,2B,100,3.325,8.67,14.92,18.72,1.84,2.2,2.38,1,True,1619.0,False,8,71.3,True,False,True,2.0,True,False,False,minervini,1.0,True,True
CAC,56.66999816894531,-1.49,-0.96,2.79,18.02,-5.19,63.98,-3.57,5.73,15.57,17.07,77.8,918974608.9847544,Finance,Major banks,NASDAQ,Camden National Corporation,1.436,2.53,57.218,55.974,-0.38,0.48,-0.38,0.49,-0.96,1.24,False,False,False,60.089,58.845,2.74,5898870.85458374,107440.0,True,2B,100,4.714,2.79,12.83,18.02,2.52,2.27,2.66,1,True,1619.0,False,8,71.1,True,False,True,2.0,True,False,False,minervini,1.0,False,True
PLBC,61.5,-0.56,0.09,3.26,20.77,-3.26,56.13,-2.5,1.93,16.21,18.03,78.0,410005134.005943,Finance,Regional banks,NASDAQ,Plumas Bancorp,1.466,2.38,61.445,60.489,0.04,0.69,0.04,0.7,0.09,1.67,False,False,False,64.378,63.421,2.03,3811843.913246155,64294.0,True,2B,100,4.351,3.26,14.87,20.77,2.52,1.95,2.76,1,True,1619.0,False,8,70.9,True,False,True,2.0,True,False,False,minervini,1.0,True,True
DJCO,599.8300170898438,0.76,1.81,3.78,13.53,-9.76,60.16,-0.58,4.0,28.88,14.8,78.0,791418611.9956224,Consumer services,Publishing: newspapers,NASDAQ,Daily Journal Corp. (S.C.),28.619,4.77,589.174,586.49,0.37,0.47,0.38,0.48,1.81,2.27,False,False,False,646.412,643.727,4.85,28019957.943115234,48214.0,True,2B,100,3.4,3.78,10.57,13.53,4.99,5.07,4.27,1,True,1619.0,False,8,70.8,False,False,True,1.0,True,False,False,minervini,1.0,False,True
JAKK,25.479999542236328,0.21,0.87,5.57,24.88,-4.32,76.2,-0.86,7.01,16.25,15.96,81.3,273521421.4384152,Consumer durables,Recreational products,NASDAQ,"JAKKS Pacific, Inc.",0.833,3.27,25.261,24.594,0.26,1.06,0.27,1.1,0.87,3.6,False,False,False,26.927,26.26,3.17,2327630.0299339294,94334.0,True,2B,100,3.99,5.57,17.26,24.88,2.49,2.84,3.4,1,True,1506.0,False,8,70.3,False,False,True,1.0,True,False,False,minervini,1.0,True,True
ESP,64.77999877929688,1.85,3.67,5.39,16.78,-9.92,80.44,1.08,12.5,12.96,12.57,79.0,201086283.29881927,Electronic technology,Electronic components,NYSE Arca,Espey Mfg. & Electronics Corp.,2.487,3.84,62.489,61.265,0.92,1.41,0.95,1.49,3.67,5.74,False,False,False,67.464,66.24,3.34,3305486.8203125,54002.0,True,2B,100,4.625,5.39,7.93,16.78,3.3,3.45,4.37,1,True,1619.0,False,8,70.3,True,True,True,3.0,True,True,False,minervini+canslim,2.0,False,True
AEF,9.390000343322754,1.5,2.71,2.72,17.53,-4.56,73.45,-1.37,6.1,2.57,14.11,75.6,380435118.0,Miscellaneous,Investment trusts,NYSE Arca,"abrdn Emerging Markets ex-China Fund, Inc.",0.242,2.57,9.142,9.044,1.03,1.43,1.05,1.49,2.71,3.83,False,False,False,9.625,9.527,2.19,1170389.4271335602,127320.0,True,2B,100,3.678,2.72,10.47,17.53,2.09,2.05,2.57,1,True,1619.0,False,8,70.3,True,False,True,2.0,True,False,False,minervini,1.0,False,True
WSFS,79.87999725341797,-0.99,-0.65,1.75,19.17,-2.69,60.4,-2.18,1.41,11.7,18.68,74.5,4026127719.4246817,Finance,Savings banks,NASDAQ,WSFS Financial Corporation,1.401,1.75,80.404,79.392,-0.37,0.35,-0.37,0.35,-0.65,0.61,False,False,False,83.205,82.194,1.68,36686921.70858765,469888.0,True,2B,100,4.472,1.75,12.66,19.17,1.79,1.55,1.81,1,True,1619.0,False,8,70.2,True,False,True,2.0,True,False,False,minervini,1.0,True,True
DIN,35.83000183105469,2.05,1.8,2.21,13.67,-6.53,75.85,1.47,6.26,18.85,12.21,79.7,467575524.7597766,Consumer services,Restaurants,NYSE,"Dine Brands Global, Inc. Common Stock",1.56,4.35,35.196,35.469,0.41,0.23,0.41,0.23,1.8,1.02,False,False,False,38.316,38.589,4.24,10613724.108390808,303300.0,True,2B,100,3.02,2.21,13.16,13.67,4.13,4.78,4.27,1,True,1603.0,False,8,70.2,False,False,True,1.0,True,False,False,minervini,1.0,True,True
TRNS,92.5,0.09,1.09,2.47,23.9,-5.38,77.68,-1.28,5.94,30.65,18.14,79.8,861492573.287658,Electronic technology,Electronic equipment/Instruments,NASDAQ,"Transcat, Inc.",4.34,4.69,91.505,90.031,0.23,0.57,0.23,0.58,1.09,2.74,False,False,False,100.186,98.711,4.92,13935805.283569336,153700.0,True,2B,100,2.511,2.47,15.11,23.9,3.95,4.99,4.35,1,True,1619.0,False,8,70.1,False,False,True,1.0,True,False,False,minervini,1.0,False,True
GSL,43.83000183105469,2.18,3.08,6.98,16.63,-1.44,68.11,3.94,1.88,8.72,12.33,70.3,1357350423.9335785,Transportation,Marine shipping,NYSE,Global Ship Lease Inc New,1.119,2.55,42.519,41.541,1.17,2.04,1.21,2.16,3.08,5.51,True,False,False,44.758,43.78,2.49,13067837.84475708,317944.0,True,2B,100,4.266,6.98,12.54,16.63,2.08,2.55,2.29,1,True,1619.0,False,8,69.9,False,False,True,1.0,True,False,False,minervini,1.0,False,True
EXEL,54.08000183105469,1.57,0.96,-0.29,15.32,-5.29,56.57,5.54,-2.82,8.92,23.95,68.3,13766717176.594591,Health technology,Pharmaceuticals: major,NASDAQ,"Exelixis, Inc.",1.645,3.04,53.566,54.675,0.31,-0.36,0.32,-0.36,0.96,-1.09,False,False,False,56.855,57.964,3.26,143939034.4422989,2656362.0,True,2B,100,3.357,-0.29,12.33,15.32,2.46,3.24,2.92,1,True,1619.0,False,6,69.7,True,True,True,3.0,False,True,False,canslim,1.0,True,True
BWA,67.77999877929688,0.85,1.63,1.73,20.06,-12.01,67.02,-1.28,5.36,6.91,15.65,76.9,13970379112.633078,Producer manufacturing,Trucks/Construction/Farm machinery,NYSE,BorgWarner Inc.,2.38,3.51,66.692,65.323,0.46,1.03,0.46,1.07,1.63,3.76,False,False,False,71.452,70.083,3.26,164629659.02644348,2461238.0,True,2B,100,4.403,1.73,12.22,20.06,3.02,3.33,3.19,1,True,1619.0,False,8,69.4,True,False,True,2.0,True,False,False,minervini,1.0,True,True
WCC,349.1400146484375,-1.06,-0.71,1.51,14.46,-6.67,68.95,-3.43,5.59,-1.3,17.96,71.9,16916669804.407156,Distribution services,Wholesale distributors,NYSE,"WESCO International, Inc.",13.561,3.88,351.646,341.327,-0.18,0.58,-0.18,0.59,-0.71,2.29,False,False,False,378.769,368.45,3.82,228293604.8126831,669984.0,True,2B,100,4.465,1.51,9.06,14.46,3.63,3.57,3.52,1,True,1619.0,False,8,69.3,,,,,True,False,False,minervini,1.0,False,True
URI,1098.510009765625,-1.92,-1.56,0.17,20.07,-5.69,55.2,-4.79,-3.45,18.05,21.29,70.4,70268137563.56467,Finance,Finance/Rental/Leasing,NYSE,"United Rentals, Inc.",33.066,3.01,1115.972,1101.229,-0.53,-0.08,-0.52,-0.08,-1.56,-0.25,False,False,False,1182.104,1167.361,2.86,536286521.6678467,489550.0,True,2B,100,2.025,0.17,16.48,20.07,2.63,2.74,2.86,1,True,1619.0,False,8,69.3,True,False,True,2.0,True,False,False,minervini,1.0,True,True
BHB,39.650001525878906,-0.64,-0.04,2.9,16.66,-2.65,44.46,-2.39,3.74,14.07,15.27,70.2,654113973.938482,Finance,Regional banks,NYSE Arca,"Bar Harbor Bankshares, Inc.",0.972,2.45,39.665,38.977,-0.02,0.69,-0.02,0.7,-0.04,1.73,False,False,False,41.608,40.92,2.35,4809295.072151184,125150.0,True,2B,100,3.433,2.9,12.66,16.66,2.37,2.32,2.47,1,True,1619.0,False,8,68.7,True,False,True,2.0,True,False,False,minervini,1.0,False,True
HLX,10.350000381469728,1.02,3.67,9.67,19.13,-1.9,72.5,-0.77,6.7,3.09,15.77,79.7,1306516344.0778031,Industrial services,Oilfield services/Equipment,NYSE,"Helix Energy Solutions Group, Inc.",0.337,3.26,9.983,9.528,1.09,2.44,1.13,2.65,3.67,8.63,True,False,False,10.658,10.202,3.49,14283725.920097351,1527806.0,True,2B,100,3.929,9.67,10.85,19.13,2.57,3.09,2.97,1,True,1587.0,False,8,68.7,False,False,True,1.0,True,False,False,minervini,1.0,True,True
PCVX,62.619998931884766,3.9,6.71,11.57,17.66,-1.07,107.01,7.84,12.54,32.14,7.02,84.0,8161357475.441133,Health technology,Biotechnology,NASDAQ,"Vaxcyte, Inc.",2.418,3.86,58.684,57.472,1.63,2.13,1.74,2.32,6.71,8.96,True,False,False,63.52,62.308,3.76,76159753.76454926,1363014.0,True,2B,100,2.837,11.57,12.59,17.66,3.72,3.46,3.8,1,True,1507.0,False,8,68.4,False,False,True,1.0,True,False,False,minervini,1.0,False,True
MLKN,23.030000686645508,-1.19,0.09,9.44,27.31,-5.96,71.39,-3.36,7.32,50.98,5.23,83.3,1364759632.1967893,Producer manufacturing,Office equipment/Supplies,NASDAQ,"MillerKnoll, Inc.",0.817,3.55,23.009,22.21,0.03,1.0,0.03,1.04,0.09,3.69,False,False,False,24.644,23.845,3.4,16559356.915945053,809770.0,True,2B,100,4.283,9.44,23.15,27.31,3.39,3.37,3.95,1,True,1619.0,False,8,68.4,False,True,True,2.0,True,False,False,minervini,1.0,True,True
RMT,14.170000076293944,-0.56,-0.08,0.47,16.76,-3.47,57.15,-3.01,1.72,7.97,20.41,76.6,742611748.0,Miscellaneous,Investment trusts,NYSE,"Royce Micro-Cap Trust, Inc.",0.25,1.76,14.182,14.115,-0.05,0.22,-0.05,0.22,-0.08,0.39,False,False,False,14.681,14.614,1.64,1927782.8971309662,136714.0,True,2B,100,3.552,0.47,10.4,16.76,1.47,1.47,1.8,1,True,1619.0,False,8,68.3,True,False,True,2.0,True,False,False,minervini,1.0,True,True
NKSH,41.150001525878906,-1.03,0.89,7.55,16.91,-4.72,58.74,-2.97,14.69,18.24,9.44,75.7,239834325.2750345,Finance,Major banks,NASDAQ,"National Bankshares, Inc.",1.395,3.39,40.786,38.84,0.26,1.66,0.26,1.75,0.89,5.95,False,False,False,43.575,41.63,3.7,1404927.7916793823,36234.0,True,2B,100,4.082,7.55,12.18,16.91,2.97,3.53,3.15,1,True,1619.0,False,8,68.3,True,False,True,2.0,True,False,False,minervini,1.0,True,True
BUSE,30.299999237060547,-1.23,-0.89,1.87,16.33,-4.05,42.08,-2.98,3.41,13.89,16.8,71.0,2520399237.6946616,Finance,Regional banks,NASDAQ,First Busey Corporation,0.524,1.73,30.572,30.089,-0.52,0.4,-0.51,0.41,-0.89,0.7,False,False,False,31.62,31.137,1.78,25372775.53744507,854390.0,True,2B,100,3.452,1.87,12.24,16.33,1.64,1.45,1.81,1,True,1619.0,False,8,68.1,True,False,True,2.0,True,False,False,minervini,1.0,True,True
JNJ,270.239990234375,1.66,3.03,6.05,17.28,-1.16,57.89,3.8,4.23,17.29,12.68,74.8,613021903888.567,Health technology,Pharmaceuticals: major,NYSE,Johnson & Johnson,5.862,2.17,262.286,259.313,1.36,1.86,1.4,1.94,3.03,4.21,False,False,False,274.01,271.037,2.04,2048366070.0754697,8081376.0,True,2B,100,3.365,6.05,12.54,17.28,2.17,1.93,2.04,1,True,1619.0,False,8,68.0,False,False,True,1.0,True,False,False,minervini,1.0,True,True
ACMR,79.41000366210938,-1.38,-3.17,-12.41,29.87,-37.42,210.07,-1.26,-10.19,10.92,19.25,94.7,7221941893.346436,Producer manufacturing,Industrial machinery,NASDAQ,"ACM Research, Inc.",6.96,8.76,82.012,88.611,-0.37,-1.32,-0.36,-1.18,-3.17,-10.38,False,False,False,95.931,102.531,8.11,128014203.16921997,1362316.0,True,2B,100,6.856,-12.41,15.4,29.87,7.26,7.37,9.63,2,True,1615.0,False,6,67.9,True,True,True,3.0,False,True,False,canslim,1.0,False,True
FMBH,50.27999877929688,-1.29,-1.01,2.15,17.03,-3.89,47.15,-2.84,0.96,15.48,15.95,71.9,1281018344.49842,Finance,Regional banks,NASDAQ,"First Mid Bancshares, Inc.",0.964,1.92,50.793,49.978,-0.53,0.31,-0.53,0.32,-1.01,0.6,False,False,False,52.721,51.905,1.86,7730827.191253662,158208.0,True,2B,100,3.867,2.15,13.06,17.03,1.81,1.61,2.17,1,True,1619.0,False,8,67.5,,,,,True,False,False,minervini,1.0,True,True
BIIB,216.77999877929688,1.99,3.5,5.61,15.31,-2.16,63.95,3.31,8.06,14.41,12.89,72.4,31894047116.82011,Health technology,Pharmaceuticals: major,NASDAQ,Biogen Inc.,6.463,2.98,209.447,206.892,1.13,1.53,1.17,1.6,3.5,4.78,False,False,False,222.372,219.817,2.77,248159723.02822876,1213214.0,True,2B,100,3.326,5.61,12.4,15.31,2.33,2.53,3.17,1,True,1619.0,False,8,67.4,False,False,True,1.0,True,False,False,minervini,1.0,True,True
TRV,363.5799865722656,-1.23,-1.25,3.47,18.59,-8.47,40.64,-1.83,-3.4,18.84,20.17,71.1,69613492017.0892,Finance,Property/Casualty insurance,NYSE,"The Travelers Companies, Inc.",7.845,2.16,368.178,361.671,-0.59,0.24,-0.58,0.24,-1.25,0.53,False,False,False,383.869,377.362,2.02,732404554.0133667,2096224.0,True,2B,100,3.671,3.47,15.61,18.59,1.94,1.82,2.13,1,True,1619.0,False,8,67.2,,,,,True,False,False,minervini,1.0,True,True
ZIM,28.25,3.47,6.27,10.92,19.26,-1.94,134.75,0.39,10.39,12.37,-0.23,82.7,3082892836.3713174,Transportation,Marine shipping,NYSE,ZIM Integrated Shipping Services Ltd.,1.071,3.79,26.584,25.539,1.56,2.53,1.65,2.8,6.27,10.61,True,False,False,28.726,27.682,3.2,39318849.350379944,1511146.0,True,2B,100,5.765,10.92,11.37,19.26,3.4,3.61,2.65,1,True,1349.0,False,8,67.0,True,False,True,2.0,True,False,False,minervini,1.0,False,True
GM,87.93000030517578,1.89,2.69,7.05,11.54,-2.62,59.9,1.34,9.0,14.13,8.37,71.8,70420047989.74022,Consumer durables,Motor vehicles,NYSE,General Motors Company,2.341,2.66,85.624,82.561,0.99,2.29,1.01,2.44,2.69,6.5,True,False,False,90.306,87.243,2.62,579804656.9949036,7092810.0,True,2B,100,3.29,7.05,10.43,11.54,2.45,2.38,2.61,1,True,1619.0,False,8,67.0,False,False,True,1.0,True,False,False,minervini,1.0,False,True
WAB,297.57000732421875,0.78,1.87,6.43,19.27,-2.59,61.03,-0.38,-0.04,16.88,12.64,77.9,45733134792.84015,Producer manufacturing,Trucks/Construction/Farm machinery,NYSE,Westinghouse Air Brake Technologies Corporation,6.699,2.25,292.096,281.675,0.82,2.37,0.83,2.51,1.87,5.64,True,False,False,305.494,295.073,2.16,274938383.16625977,974710.0,True,2B,100,4.14,6.43,13.54,19.27,2.14,1.85,2.29,1,True,1619.0,False,8,66.9,False,True,True,2.0,True,False,False,minervini,1.0,True,True
AIT,341.6199951171875,-2.24,-1.91,0.79,17.02,-5.62,42.66,-5.62,-0.57,11.92,21.52,70.3,12458321212.765556,Distribution services,Wholesale distributors,NYSE,"Applied Industrial Technologies, Inc.",8.334,2.44,348.264,341.442,-0.8,0.02,-0.78,0.02,-1.91,0.05,False,False,False,364.933,358.111,2.43,100702035.30010986,297902.0,True,2B,100,3.522,0.79,12.66,17.02,1.91,2.37,2.35,1,True,1619.0,False,8,66.9,False,False,True,1.0,True,False,False,minervini,1.0,True,True
PEBK,44.33000183105469,0.41,1.19,2.54,14.41,-2.03,60.59,-1.14,4.38,4.68,13.38,73.2,234898692.69488412,Finance,Regional banks,NASDAQ,"Peoples Bancorp of North Carolina, Inc.",1.152,2.6,43.808,43.226,0.45,0.96,0.46,0.98,1.19,2.55,False,False,False,46.112,45.53,2.4,1747167.5276489258,40384.0,True,2B,100,3.83,2.54,9.38,14.41,2.92,2.47,2.72,1,True,1619.0,False,8,66.7,False,False,True,1.0,True,False,False,minervini,1.0,True,True
CFBK,34.599998474121094,-1.72,-0.97,4.14,19.77,-4.71,55.83,-4.02,5.91,24.77,9.28,78.5,204436041.78356075,Finance,Savings banks,NASDAQ,CF Bankshares Inc.,0.955,2.76,34.939,33.905,-0.35,0.73,-0.35,0.74,-0.97,2.05,False,False,False,36.848,35.814,2.87,2674127.2549819946,81316.0,True,2B,100,4.418,4.14,13.71,19.77,2.69,2.48,2.82,1,True,1619.0,False,8,66.5,False,False,True,1.0,True,False,False,minervini,1.0,True,True
ROST,239.0399932861328,-0.41,-0.91,1.95,14.62,-6.34,66.28,-2.58,2.86,10.28,19.15,78.4,68409771878.29506,Retail trade,Apparel/Footwear retail,NASDAQ,"Ross Stores, Inc.",6.345,2.65,241.238,234.932,-0.35,0.65,-0.34,0.66,-0.91,1.75,False,False,False,253.928,247.621,2.19,668479659.170105,2883654.0,True,2B,100,4.605,1.95,8.94,14.62,3.1,2.26,2.32,1,True,1619.0,True,8,66.1,True,False,True,2.0,True,False,False,minervini,1.0,True,True
SON,59.47999954223633,2.52,3.71,7.57,20.04,-0.86,58.01,2.08,6.6,23.36,8.49,75.5,5448653547.886639,Process industries,Containers/Packaging,NYSE,Sonoco Products Company,1.496,2.51,57.353,56.41,1.42,2.05,1.47,2.16,3.71,5.44,True,False,False,60.344,59.402,2.32,63672038.365242004,1162110.0,True,2B,100,3.984,7.57,13.87,20.04,2.05,2.17,2.66,1,True,1619.0,False,8,66.1,False,True,True,2.0,True,False,False,minervini,1.0,True,True
CDP,37.27000045776367,0.56,0.54,2.1,16.98,-2.82,40.58,0.87,-0.56,16.37,17.08,70.9,8211238181.916999,Finance,Real estate investment trusts,NYSE,COPT Defense Properties,0.623,1.67,37.068,37.162,0.32,0.17,0.33,0.17,0.54,0.29,False,False,False,38.314,38.407,1.75,35698428.042907715,981712.0,True,2B,100,3.271,2.1,12.86,16.98,1.14,1.57,1.81,1,True,1619.0,False,8,66.0,False,False,True,1.0,True,False,False,minervini,1.0,False,True
CFR,164.19000244140625,-1.11,-0.53,2.95,17.04,-3.46,40.13,-3.46,1.69,19.01,14.55,72.4,9753009317.462736,Finance,Regional banks,NYSE,"Cullen/Frost Bankers, Inc.",3.101,1.89,165.065,162.342,-0.28,0.6,-0.28,0.6,-0.53,1.14,False,False,False,171.268,168.545,2.03,98374836.57583618,619344.0,True,2B,100,3.289,2.95,13.07,17.04,1.78,1.77,1.89,1,True,1619.0,False,8,65.7,False,False,True,1.0,True,False,False,minervini,1.0,True,True
WELL,239.22000122070312,1.41,1.64,3.43,15.56,-4.74,47.63,1.57,-2.8,11.16,16.14,66.6,160475524014.83755,Finance,Real estate investment trusts,NYSE,Welltower Inc.,4.967,2.08,235.352,235.847,0.78,0.68,0.79,0.69,1.64,1.43,False,False,False,245.285,245.781,2.16,753092010.6118164,3279584.0,True,2B,100,3.152,3.43,12.53,15.56,1.53,1.93,2.14,1,True,1619.0,False,7,65.7,True,True,True,3.0,False,True,False,canslim,1.0,False,True
TPC,91.2699966430664,-1.14,1.08,9.01,18.32,-7.82,60.62,-5.64,4.22,22.01,5.3,79.9,4184447294.7980623,Industrial services,Engineering & construction,NYSE,Tutor Perini Corporation,4.258,4.67,90.297,85.092,0.23,1.45,0.23,1.56,1.08,7.26,False,False,False,98.814,93.609,4.46,66555137.15457153,785170.0,True,2B,100,3.355,9.01,13.34,18.32,3.92,4.46,3.88,1,True,1581.0,False,8,65.6,True,False,True,2.0,True,False,False,minervini,1.0,True,True
OC,148.05999755859375,-1.74,-0.56,4.18,21.38,-6.83,53.64,-4.27,6.56,28.28,13.0,72.0,10902728847.155216,Process industries,Containers/Packaging,NYSE,Owens Corning Inc,5.093,3.44,148.893,146.188,-0.16,0.37,-0.16,0.37,-0.56,1.28,False,False,False,159.079,156.374,3.15,157974882.5974121,1102976.0,True,2B,100,2.01,4.18,17.44,21.38,2.54,3.17,3.56,1,True,1619.0,False,8,65.4,False,False,True,1.0,True,False,False,minervini,1.0,True,True
CFFN,8.529999732971191,-1.39,-1.6,0.23,15.5,-6.3,49.18,-2.29,0.72,10.54,13.38,72.3,1075008152.5862882,Finance,Savings banks,NASDAQ,"Capitol Federal Financial, Inc.",0.187,2.19,8.669,8.604,-0.75,-0.4,-0.73,-0.4,-1.6,-0.87,False,False,False,9.042,8.978,2.31,7291489.776069641,856652.0,True,2B,100,3.998,0.23,10.68,15.5,2.05,1.93,2.11,1,True,1619.0,False,8,65.4,True,False,True,2.0,True,False,False,minervini,1.0,True,True
SW,49.38999938964844,2.09,3.68,7.88,20.36,-2.76,55.09,0.28,14.03,32.06,3.43,74.6,24562568620.35653,Process industries,Containers/Packaging,NYSE,Smurfit WestRock plc,1.656,3.35,47.637,46.193,1.06,1.93,1.1,2.06,3.68,6.92,False,False,False,50.949,49.506,3.09,255069446.69002533,5567984.0,True,2B,100,2.027,7.88,15.87,20.36,2.94,2.84,3.42,1,True,1619.0,False,8,65.1,False,False,True,1.0,True,False,False,minervini,1.0,False,True
IEX,234.38999938964844,-0.42,0.43,3.1,16.22,-2.55,49.34,-1.9,5.48,14.78,13.74,73.9,16815480384.448942,Producer manufacturing,Industrial machinery,NYSE,IDEX Corporation,5.254,2.24,233.378,228.701,0.19,1.08,0.19,1.11,0.43,2.49,False,False,False,243.885,239.209,2.44,161393558.59652707,710074.0,True,2B,100,3.558,3.1,11.13,16.22,2.19,2.09,2.2,1,True,1619.0,False,8,65.0,False,False,True,1.0,True,False,False,minervini,1.0,True,True
RGA,243.1300048828125,0.01,1.11,5.81,16.36,-2.51,36.28,-2.15,4.19,13.44,9.5,63.7,14103673236.580145,Finance,Life/Health insurance,NYSE,"Reinsurance Group of America, Incorporated",5.003,2.06,240.453,235.034,0.54,1.62,0.54,1.67,1.11,3.44,False,False,False,250.458,245.039,1.95,85875823.8414917,374156.0,True,2B,100,2.655,5.81,13.56,16.36,1.74,1.96,1.99,1,True,1619.0,False,7,64.8,True,True,True,3.0,False,True,False,canslim,1.0,False,True
WSBC,40.86000061035156,-1.85,-1.42,2.22,16.08,-4.31,41.69,-4.29,1.95,19.33,13.36,72.8,3731805739.878064,Finance,Regional banks,NASDAQ,"WesBanco, Inc.",0.771,1.89,41.447,40.791,-0.76,0.09,-0.75,0.09,-1.42,0.17,False,False,False,42.988,42.332,1.68,55325707.90293121,1426394.0,True,2B,100,3.33,2.22,12.77,16.08,1.89,1.62,2.04,1,True,1619.0,False,8,64.4,True,False,True,2.0,True,False,False,minervini,1.0,True,True
GPRE,16.25,1.75,1.16,1.41,15.32,-15.5,99.39,4.23,-5.52,7.83,15.91,84.3,1056755354.1779716,Process industries,Chemicals: specialty,NASDAQ,"Green Plains, Inc.",0.754,4.64,16.064,16.344,0.25,-0.12,0.25,-0.12,1.16,-0.58,False,False,False,17.571,17.852,4.4,22577709.806526184,1404336.0,True,2B,100,4.11,1.41,5.22,15.32,3.56,4.22,4.77,1,True,1603.0,False,8,64.4,False,False,True,1.0,True,False,False,minervini,1.0,True,True
INVX,29.31999969482422,-1.24,0.92,8.01,14.77,-7.3,79.88,-6.15,9.94,-4.87,15.12,71.1,1748558669.5633802,Industrial services,Oilfield services/Equipment,NYSE,"Innovex International, Inc.",1.307,4.46,29.053,27.249,0.2,1.59,0.21,1.71,0.92,7.6,False,False,False,31.666,29.862,4.65,15759943.356594086,569310.0,True,2B,100,4.075,8.01,10.07,14.77,3.5,4.83,3.86,1,True,1619.0,False,8,62.9,True,False,True,2.0,True,False,False,minervini,1.0,False,True
OBT,37.9900016784668,-1.05,-0.74,1.18,15.9,-3.06,64.93,-3.06,2.01,12.37,9.73,75.3,495422067.2634861,Finance,Regional banks,NASDAQ,"Orange County Bancorp, Inc.",0.999,2.63,38.272,37.86,-0.28,0.13,-0.28,0.13,-0.74,0.34,False,False,False,40.271,39.859,2.53,2799699.1801757812,74918.0,True,2B,100,4.663,1.18,9.83,15.9,2.54,2.32,2.98,1,True,1619.0,False,8,61.8,False,False,True,1.0,True,False,False,minervini,1.0,True,True
HMN,50.59999847412109,-1.37,-1.95,-1.84,10.23,-6.5,22.86,-3.56,-1.38,6.98,19.23,51.9,2083668408.762581,Finance,Property/Casualty insurance,NYSE,Horace Mann Educators Corporation,1.37,2.71,51.607,52.131,-0.74,-1.12,-0.72,-1.08,-1.95,-2.94,False,False,False,54.346,54.87,2.6,14532252.705169678,282438.0,True,2B,100,1.877,-1.84,9.18,10.23,2.75,2.76,2.49,1,True,1619.0,False,5,61.0,True,True,True,3.0,False,True,False,canslim,1.0,True,True
EGBN,28.239999771118164,0.22,0.61,1.45,13.49,-3.02,78.93,-1.94,2.36,8.32,6.6,76.5,888337267.7174525,Finance,Regional banks,NASDAQ,"Eagle Bancorp, Inc.",0.71,2.51,28.068,27.795,0.24,0.63,0.24,0.64,0.61,1.6,False,False,False,29.487,29.214,2.4,8583463.217315674,307324.0,True,2B,100,3.862,1.45,6.19,13.49,2.07,2.26,2.76,1,True,1619.0,False,8,59.3,False,False,True,1.0,True,False,False,minervini,1.0,True,True
NVDA,214.72000122070312,-1.57,-0.22,3.44,10.04,-8.81,30.15,-4.64,2.85,-2.07,13.26,48.2,4659226130754.958,Electronic technology,Semiconductors,NASDAQ,NVIDIA Corporation,6.263,2.92,215.191,208.254,-0.08,1.03,-0.08,1.06,-0.22,3.1,False,False,False,227.718,220.781,2.72,26715273252.389072,129315968.0,True,2B,100,1.248,3.44,8.1,10.04,1.9,2.4,2.83,1,True,1619.0,False,7,58.1,True,True,True,3.0,False,True,False,canslim,1.0,True,True
SPB,86.91000366210938,-1.32,-1.4,0.16,17.24,-4.46,76.18,-3.36,-0.59,15.76,9.13,80.3,2029269259.1634483,Consumer durables,Electronics/Appliances,NYSE,"Spectrum Brands Holdings, Inc.",2.908,3.35,88.147,87.489,-0.43,-0.2,-0.42,-0.2,-1.4,-0.66,False,False,False,93.963,93.304,3.21,32994887.958114624,380130.0,True,2B,100,5.156,0.16,9.32,17.24,2.51,3.45,3.03,1,True,1619.0,False,8,56.9,False,True,True,2.0,True,False,False,minervini,1.0,True,True
CRS,492.3800048828125,-5.71,-8.41,-12.99,16.0,-20.49,112.26,-9.59,-18.15,12.33,26.4,84.9,29402950827.570423,Non-energy minerals,Other metals/Minerals,NYSE,Carpenter Technology Corporation,24.641,5.0,537.585,563.463,-1.83,-2.88,-1.68,-2.52,-8.41,-12.62,False,False,False,586.868,612.746,5.27,434974371.6027832,767416.0,True,2B,100,6.696,-12.99,7.34,16.0,3.8,4.91,4.82,1,True,1619.0,False,7,56.7,True,True,True,3.0,False,True,False,canslim,1.0,True,True
FDX,325.0799865722656,-0.37,0.69,1.73,14.3,-4.21,83.46,-2.86,3.0,4.12,4.66,76.9,76003408795.89421,Transportation,Air freight/Couriers,NYSE,FedEx Corporation,7.855,2.42,322.858,317.261,0.28,1.0,0.28,1.02,0.69,2.46,False,False,False,338.567,332.971,2.25,595497649.739563,1861784.0,True,2B,100,4.727,1.73,6.82,14.3,2.42,2.27,2.54,1,True,1619.0,False,8,56.4,False,False,True,1.0,True,False,False,minervini,1.0,False,True
FIX,1655.6099853515625,-3.49,-4.12,-7.16,13.47,-19.84,140.62,-6.68,-9.54,-9.75,13.39,85.6,65273394312.5172,Industrial services,Engineering & construction,NYSE,"Comfort Systems USA, Inc.",99.048,5.98,1726.791,1743.622,-0.72,-0.89,-0.69,-0.84,-4.12,-5.05,False,False,False,1924.887,1941.718,5.36,898821527.1704102,503754.0,True,2B,100,6.046,-7.16,2.03,13.47,5.21,4.71,5.27,2,True,1619.0,False,7,55.6,True,True,True,3.0,False,True,False,canslim,1.0,False,True
BH,388.8500061035156,0.07,0.34,1.35,11.7,-18.47,56.9,0.99,1.44,41.94,-0.6,74.6,1267415541.676225,Consumer services,Restaurants,NYSE,Biglari Holdings Inc.,19.587,5.04,387.516,393.432,0.07,-0.23,0.07,-0.23,0.34,-1.16,False,False,False,426.691,432.607,5.13,53379939.85992432,138676.0,True,2B,100,0.838,1.35,10.93,11.7,4.75,4.6,5.38,2,True,1619.0,False,8,55.0,False,False,True,1.0,True,False,False,minervini,1.0,True,True
PWR,639.3400268554688,-4.74,-4.36,-4.82,10.4,-18.57,71.78,-6.77,-2.21,-10.81,15.72,67.7,103221879339.20578,Industrial services,Engineering & construction,NYSE,"Quanta Services, Inc.",30.066,4.7,668.504,661.823,-0.97,-0.75,-0.93,-0.72,-4.36,-3.4,False,False,False,728.637,721.955,4.38,849112452.6469727,1260864.0,True,2B,100,4.076,-4.82,2.26,10.4,4.79,3.97,3.92,1,True,1619.0,False,6,54.4,True,True,True,3.0,False,True,False,canslim,1.0,False,True
FCNCA,2183.5400390625,-1.06,-0.69,1.82,7.89,-4.7,33.68,-4.7,-1.32,9.87,8.51,52.9,23832236270.20852,Finance,Regional banks,NASDAQ,"First Citizens BancShares, Inc.",49.478,2.27,2198.624,2156.796,-0.3,0.54,-0.3,0.55,-0.69,1.24,False,False,False,2297.58,2255.753,2.06,166872286.2890625,78294.0,True,2B,100,2.342,1.82,7.45,7.89,2.24,2.02,2.31,1,True,1619.0,False,7,53.8,True,True,True,3.0,False,True,False,canslim,1.0,True,True
PCAR,131.02999877929688,0.67,0.82,3.87,11.44,-4.94,44.37,0.18,0.48,20.15,2.59,70.1,63512225398.7952,Producer manufacturing,Trucks/Construction/Farm machinery,NASDAQ,PACCAR Inc.,3.271,2.5,129.968,128.027,0.32,0.92,0.33,0.94,0.82,2.35,False,False,False,136.509,134.568,2.7,438771492.9181061,3467046.0,True,2B,100,3.248,3.87,7.94,11.44,2.1,2.42,2.47,1,True,1619.0,False,8,53.6,False,False,True,1.0,True,False,False,minervini,1.0,True,True
GOOG,341.75,-0.5,-1.2,-2.4,3.0,-14.31,70.83,-0.52,7.35,-10.83,8.67,57.9,4065043637714.511,Technology services,Internet software/Services,NASDAQ,Alphabet Inc.,8.994,2.63,345.895,348.582,-0.46,-0.76,-0.46,-0.74,-1.2,-1.96,False,False,False,363.883,366.57,2.53,7314048887.569275,20974098.0,True,2B,100,2.771,-2.4,0.64,3.0,1.52,2.34,2.76,1,True,1619.0,False,6,52.7,True,True,True,3.0,False,True,False,canslim,1.0,False,True
APH,157.00999450683594,-2.54,-2.85,-2.41,8.82,-10.95,45.28,-6.04,-0.27,25.94,4.32,71.2,201413984416.2097,Electronic technology,Electronic components,NYSE,Amphenol Corporation,6.639,4.23,161.619,161.122,-0.69,-0.62,-0.67,-0.6,-2.85,-2.55,False,False,False,174.896,174.4,3.95,1195022357.9028015,7427938.0,True,2B,100,2.314,-2.41,7.07,8.82,3.84,3.63,3.8,1,True,1619.0,False,7,50.6,True,True,True,3.0,False,True,False,canslim,1.0,False,True
SND,4.849999904632568,0.85,2.7,3.46,12.46,-14.86,173.09,-4.9,3.01,1.33,-3.71,87.9,215788102.9191489,Non-energy minerals,Construction materials,NASDAQ,"Smart Sand, Inc.",0.274,5.65,4.723,4.658,0.46,0.7,0.48,0.73,2.7,4.13,False,False,False,5.271,5.206,5.37,1888357.7716312408,399918.0,True,2B,100,6.333,3.46,3.69,12.46,4.95,5.47,5.49,2,True,1591.0,False,8,49.0,False,False,True,1.0,True,False,False,minervini,1.0,True,True
OPLN,33.400001525878906,-4.83,-8.6,-13.79,3.73,-22.14,36.38,-5.92,-14.36,-4.71,16.66,50.9,4545087875.0630665,Technology services,Packaged software,NYSE,"OPENLANE, Inc.",1.374,4.11,36.541,38.802,-2.29,-3.93,-2.09,-3.38,-8.6,-13.92,False,False,True,39.289,41.55,4.11,47703248.75122833,1242412.0,True,2A,85,3.424,-13.79,-0.76,3.73,3.59,4.52,3.86,1,True,1619.0,False,5,47.4,True,True,True,3.0,False,True,False,canslim,1.0,True,True
SIGI,91.47000122070312,-0.89,-2.03,-3.35,8.09,-8.25,26.06,-2.63,-6.03,1.32,8.52,47.8,5765434741.152258,Finance,Property/Casualty insurance,NASDAQ,"Selective Insurance Group, Inc.",2.209,2.41,93.369,95.133,-0.86,-1.66,-0.84,-1.59,-2.03,-3.85,False,False,False,97.786,99.55,2.48,53664738.22944641,566228.0,True,2B,100,1.848,-3.35,6.0,8.09,2.53,1.94,2.48,1,True,1619.0,False,5,47.2,True,True,True,3.0,False,True,False,canslim,1.0,True,True
NBIX,152.57000732421875,-2.3,-5.11,-8.61,3.67,-17.75,23.94,-0.1,-12.39,-1.88,18.61,43.9,16944683186.543304,Health technology,Biotechnology,NASDAQ,"Neurocrine Biosciences, Inc.",4.892,3.21,160.781,168.447,-1.68,-3.25,-1.59,-2.94,-5.11,-9.43,False,False,False,170.565,178.231,3.55,213914401.38430786,1282792.0,True,2B,100,1.567,-8.61,3.26,3.67,1.98,2.8,3.19,1,True,1619.0,False,5,45.2,True,True,True,3.0,False,True,False,canslim,1.0,True,True
HWM,271.67999267578125,-3.51,-3.59,-2.3,12.0,-7.17,59.21,-6.05,-5.32,4.59,5.36,67.1,107576904699.3498,Electronic technology,Aerospace & defense,NYSE,Howmet Aerospace Inc.,8.697,3.2,281.811,279.046,-1.16,-0.85,-1.12,-0.82,-3.59,-2.64,False,False,False,299.204,296.439,3.27,736907655.0587769,2662928.0,True,2B,100,3.78,-2.3,6.38,12.0,3.13,3.14,3.17,1,True,1619.0,False,6,45.0,True,True,True,3.0,False,True,False,canslim,1.0,True,True
LWAY,25.93000030517578,-2.59,-6.87,-10.58,5.56,-23.33,45.67,0.43,-14.51,3.27,17.97,39.6,449134687.31223214,Consumer non-durables,Food: meat/fish/dairy,NASDAQ,"Lifeway Foods, Inc.",1.488,5.74,27.843,29.619,-1.29,-2.48,-1.2,-2.17,-6.87,-12.45,False,False,False,30.82,32.595,4.76,5569956.975704193,195392.0,True,2B,100,0.979,-10.58,3.83,5.56,4.24,5.32,5.26,2,True,1619.0,False,6,44.3,True,True,True,3.0,False,True,False,canslim,1.0,True,True
NRIM,25.799999237060547,-2.17,-3.04,-3.7,2.87,-12.18,33.11,-5.32,-4.97,6.02,2.57,48.4,621963664.0293578,Finance,Regional banks,NASDAQ,Northrim BanCorp Inc,0.684,2.65,26.61,27.06,-1.18,-1.84,-1.15,-1.76,-3.04,-4.66,False,False,False,27.978,28.428,2.27,4757693.031585693,177422.0,True,2A,85,2.3,-3.7,3.06,2.87,2.85,2.31,2.99,1,True,1619.0,True,5,39.0,True,True,True,3.0,False,True,False,canslim,1.0,False,True
UDR,37.77000045776367,0.29,-0.61,-2.54,3.81,-7.73,16.16,-0.07,-3.96,1.44,3.65,36.3,12990127156.31918,Finance,Real estate investment trusts,NYSE,"UDR, Inc.",0.678,1.8,38.003,38.898,-0.34,-1.66,-0.34,-1.61,-0.61,-2.9,False,False,False,39.359,40.255,1.79,132989538.96466064,3438590.0,True,2B,100,0.98,-2.54,2.17,3.81,1.48,1.58,1.85,1,True,1619.0,False,5,35.1,True,True,True,3.0,False,True,False,canslim,1.0,True,True
EIX,71.58999633789062,-0.84,-1.43,-3.05,7.01,-10.94,42.74,0.25,-10.11,3.01,-0.58,54.7,29117357841.686157,Utilities,Electric utilities,NYSE,Edison International,2.385,3.33,72.627,74.353,-0.44,-1.16,-0.43,-1.12,-1.43,-3.72,False,False,False,77.397,79.123,3.27,209194662.12213135,2854396.0,True,2B,100,2.894,-3.05,1.85,7.01,3.69,3.1,2.55,1,True,1619.0,True,6,30.9,True,True,True,3.0,False,True,False,canslim,1.0,True,True
EME,776.6199951171875,-3.87,-3.33,-2.59,3.1,-17.67,33.75,-7.14,0.98,-8.5,-4.35,41.8,35467784048.78735,Industrial services,Engineering & construction,NYSE,"EMCOR Group, Inc.",30.869,3.97,803.369,786.822,-0.87,-0.33,-0.84,-0.33,-3.33,-1.3,False,False,False,865.107,848.56,3.63,359224606.4470215,453246.0,True,2A,85,1.417,-2.59,-2.32,3.1,3.3,3.17,3.44,1,True,1619.0,False,5,28.1,True,True,True,3.0,False,True,False,canslim,1.0,True,True
HIG,136.10000610351562,-1.52,-2.11,-0.98,0.72,-6.58,12.73,-1.39,-4.28,0.53,-3.42,27.2,36703371215.014885,Finance,Property/Casualty insurance,NYSE,"The Hartford Insurance Group, Inc.",2.641,1.94,139.04,139.295,-1.11,-1.21,-1.09,-1.18,-2.11,-2.29,False,False,False,144.321,144.576,1.8,228639765.47601318,1666182.0,True,2B,100,1.179,-0.98,0.27,0.72,1.57,1.66,1.88,1,True,1619.0,False,5,28.1,True,True,True,3.0,False,True,False,canslim,1.0,True,True
VRT,261.95001220703125,-3.87,-5.37,-10.87,3.49,-30.36,115.27,-10.85,-13.84,-18.98,7.51,73.8,116749880192.90611,Electronic technology,Electronic production equipment,NYSE,"Vertiv Holdings, LLC",16.755,6.4,276.826,287.831,-0.89,-1.54,-0.84,-1.41,-5.37,-8.99,False,False,False,310.337,321.342,5.74,1765534676.6025085,6114530.0,True,2A,85,3.648,-10.87,-6.57,3.49,4.88,5.03,6.05,2,True,1619.0,False,5,26.9,True,True,True,3.0,False,True,False,canslim,1.0,False,True
ESE,287.239990234375,-3.76,-6.26,-11.04,4.76,-19.05,50.94,-6.09,-13.33,-2.03,3.91,59.9,8805329212.538292,Electronic technology,Electronic equipment/Instruments,NYSE,ESCO Technologies Inc.,11.747,4.09,306.416,319.577,-1.63,-2.75,-1.53,-2.47,-6.26,-10.12,False,False,False,329.911,343.071,3.91,79856400.93395996,245040.0,True,2A,85,3.471,-11.04,-3.0,4.76,3.36,3.62,3.95,1,True,1619.0,False,5,24.7,True,True,True,3.0,False,True,False,canslim,1.0,False,True
